<?xml version="1.0" encoding="utf-8"?>
<eml:eml xmlns:eml="eml://ecoinformatics.org/eml-2.1.1" xmlns:xsi="http://www.w3.org/2001/XMLSchema-instance"
         xsi:schemaLocation="eml://ecoinformatics.org/eml-2.1.1 http://rs.gbif.org/schema/eml-gbif-profile/1.1/eml.xsd"
        packageId="102134f1-27aa-45ec-8cd9-9bdaa9c19e9f"  system="http://gbif.org" scope="system"
  xml:lang="en">

<dataset>
      <alternateIdentifier>10.11646/zootaxa.4461.2.10</alternateIdentifier>
        <alternateIdentifier>10.15468/lctkax</alternateIdentifier>
        <alternateIdentifier>DD0B46B1-7E7E-4E1D-B7B9-5C1DA09365A5</alternateIdentifier>
        <alternateIdentifier>D02CD73FFFE91C01FFD6FFAF761E985D</alternateIdentifier>
    <title>A new species of Physiculus (Teleostei: Moridae) from the Cape Verde Islands (Eastern Central Atlantic)</title>
    <creator>
    <individualName>
<givenName>José A.</givenName>          <surName>González</surName>
    </individualName>
    </creator>
    <creator>
    <individualName>
<givenName>Raül</givenName>          <surName>Triay-Portella</surName>
    </individualName>
    </creator>
    <creator>
    <individualName>
<givenName>Manuel</givenName>          <surName>Biscoito</surName>
    </individualName>
    </creator>
    <metadataProvider>
    <individualName>
          <surName>plazi</surName>
    </individualName>
<organizationName>Plazi</organizationName>    </metadataProvider>
    <associatedParty>
<organizationName>Magnolia Press</organizationName>    <address>
<deliveryPoint>St. Lukes 1346</deliveryPoint><city>Auckland</city><country>NEW_ZEALAND</country>    </address>
<electronicMailAddress>magnolia@mapress.com</electronicMailAddress><onlineUrl>http://www.mapress.com/</onlineUrl>    <role>PUBLISHER</role>
    </associatedParty>
    <associatedParty>
<organizationName>Plazi</organizationName>    <address>
<city>Bern</city><country>SWITZERLAND</country>    </address>
<electronicMailAddress>info@plazi.org</electronicMailAddress><onlineUrl>http://plazi.org/</onlineUrl>    <role>DISTRIBUTOR</role>
    </associatedParty>
      <pubDate>
      2018-01-01
      </pubDate>
    <language>ENGLISH</language>
    <abstract>
        <para>This dataset contains the digitized treatments in Plazi based on the original journal article González, José A., Triay-Portella, Raül, Biscoito, Manuel (2018): A new species of Physiculus (Teleostei: Moridae) from the Cape Verde Islands (Eastern Central Atlantic). Zootaxa 4461 (2): 286-292, DOI: https://doi.org/10.11646/zootaxa.4461.2.10</para>
    </abstract>
      <intellectualRights>
        <para>To the extent possible under law, the publisher has waived all rights to these data and has dedicated them to the <ulink url="http://creativecommons.org/publicdomain/zero/1.0/legalcode"><citetitle>Public Domain (CC0 1.0)</citetitle></ulink>. Users may copy, modify, distribute and use the work, including for commercial purposes, without restriction.</para>
      </intellectualRights>
      <distribution scope="document">
          <online>
              <url function="information">http://tb.plazi.org/GgServer/summary/D02CD73FFFE91C01FFD6FFAF761E985D</url>
          </online>
      </distribution>
      <contact>
    <individualName>
<givenName>Guido</givenName>          <surName>Sautter</surName>
    </individualName>
<electronicMailAddress>gsautter@gmail.com</electronicMailAddress><onlineUrl>http://plazi.org</onlineUrl>      </contact>

</dataset>

<additionalMetadata>
    <metadata>
      <gbif>
        <dateStamp>2020-10-12T11:18:23Z</dateStamp>
      <citation>González J A, Triay-Portella R, Biscoito M, plazi (2018). A new species of Physiculus (Teleostei: Moridae) from the Cape Verde Islands (Eastern Central Atlantic). Plazi.org taxonomic treatments database. Checklist dataset https://doi.org/10.11646/zootaxa.4461.2.10 accessed via GBIF.org on 2020-10-12.</citation>
        </gbif>
    </metadata>
</additionalMetadata>

</eml:eml>
