<?xml version="1.0" encoding="utf-8"?>
<eml:eml xmlns:eml="eml://ecoinformatics.org/eml-2.1.1" xmlns:xsi="http://www.w3.org/2001/XMLSchema-instance"
         xsi:schemaLocation="eml://ecoinformatics.org/eml-2.1.1 http://rs.gbif.org/schema/eml-gbif-profile/1.1/eml.xsd"
        packageId="10.15468/dl.j5eajt"  system="http://gbif.org" scope="system"
  xml:lang="en">

<dataset>
        <alternateIdentifier>0081572-200613084148143</alternateIdentifier>
    <title>GBIF Occurrence Download 10.15468/dl.j5eajt</title>
    <creator>
    <individualName>
          <surName>GBIF Download Service</surName>
    </individualName>
<electronicMailAddress>support@gbif.org</electronicMailAddress>    </creator>
    <metadataProvider>
    <individualName>
          <surName>GBIF Download Service</surName>
    </individualName>
<electronicMailAddress>support@gbif.org</electronicMailAddress>    </metadataProvider>
      <pubDate>
      2020-10-13
      </pubDate>
    <language>ENGLISH</language>
    <abstract>
        <para>A dataset containing all occurrences available in GBIF matching the query:
{
  &quot;and&quot; : [
    &quot;TaxonKey is Ventrifossa macropogon Marshall, 1973&quot;,
    &quot;HasCoordinate is true&quot;,
    &quot;HasGeospatialIssue is false&quot;
  ]
}
The dataset includes records from the following constituent datasets. The full metadata for each constituent is also included in this archive:
1 records from CNPE/Coleccion Nacional de Peces
1 records from NORFANZ Biological Survey, Tasman Sea, Australia - New Zealand 2003
1 records from Oregon State Ichthyology Collection
1 records from NCSM Ichthyology Collection
3 records from NMNH Extant Specimen Records
3 records from Australian Museum provider for OZCAM
3 records from Fishbase
3 records from Natural History Museum (London) Collection Specimens
6 records from Biodiversity Research and Teaching Collections - TCWC Vertebrates
6 records from CSIRO Ichthyology provider for OZCAM
7 records from The fishes collection (IC) of the Muséum national d&apos;Histoire naturelle (MNHN - Paris)
11 records from Museum of Comparative Zoology, Harvard University
12 records from CSIRO, Cruise SS199101, Marine Biology Data, Western Australia, 1991
12 records from CAS Ichthyology (ICH)
15 records from Coleção Ictiológica (MNRJ), Museu Nacional (MN), Universidade Federal do Rio de Janeiro(UFRJ)
36 records from UF FLMNH Ichthyology
</para>
    </abstract>
      <contact>
    <individualName>
          <surName>GBIF Download Service</surName>
    </individualName>
<electronicMailAddress>support@gbif.org</electronicMailAddress>      </contact>

</dataset>

<additionalMetadata>
    <metadata>
      <gbif>
        <dateStamp>2020-10-13T08:40:01Z</dateStamp>
      <citation identifier="10.15468/dl.j5eajt">GBIF Occurrence Download 10.15468/dl.j5eajt</citation>
              <physical>
                  <objectName>Darwin Core Archive</objectName>
                  <characterEncoding>UTF-8</characterEncoding>
                  <dataFormat>
                      <externallyDefinedFormat>
                          <formatName>Darwin Core Archive</formatName>
                      </externallyDefinedFormat>
                  </dataFormat>
                  <distribution>
                      <online>
                          <url function="download">http://api.gbif.org/v1/occurrence/download/request/0081572-200613084148143.zip</url>
                      </online>
                  </distribution>
              </physical>
        </gbif>
    </metadata>
</additionalMetadata>

</eml:eml>
