<?xml version="1.0" encoding="utf-8"?>
<eml:eml xmlns:eml="eml://ecoinformatics.org/eml-2.1.1" xmlns:xsi="http://www.w3.org/2001/XMLSchema-instance"
         xsi:schemaLocation="eml://ecoinformatics.org/eml-2.1.1 http://rs.gbif.org/schema/eml-gbif-profile/1.1/eml.xsd"
        packageId="ba1e6e34-8196-422a-ae31-f71717dd1de8"  system="http://gbif.org" scope="system"
  xml:lang="es">

<dataset>
      <alternateIdentifier>10.15472/lkcff8</alternateIdentifier>
        <alternateIdentifier>https://ipt.biodiversidad.co/sib/resource?r=udea-001</alternateIdentifier>
        <alternateIdentifier>http://ipt.biodiversidad.co/sib/resource?r=udea-001</alternateIdentifier>
        <alternateIdentifier>10.15468/l2ngkl</alternateIdentifier>
        <alternateIdentifier>http://data.biodiversidad.co/sib/resource?r=udea-001</alternateIdentifier>
        <alternateIdentifier>http://ipt.sibcolombia.net/sib/resource.do?r=udea-001</alternateIdentifier>
        <alternateIdentifier>ba1e6e34-8196-422a-ae31-f71717dd1de8</alternateIdentifier>
    <title>Colección de Peces de la Universidad de Antioquia</title>
    <creator>
    <individualName>
<givenName>Luz Fernanda</givenName>          <surName>Jiménez-Segura</surName>
    </individualName>
<organizationName>Universidad de Antioquia</organizationName><positionName>Profesor Asociado</positionName>    <address>
<deliveryPoint>Calle 67 No. 53-108 - Bloque 7-308</deliveryPoint><city>Medellín</city><administrativeArea>Antioquia</administrativeArea><country>COLOMBIA</country>    </address>
<phone>057 42195620</phone><electronicMailAddress>luz.jimenez@udea.edu.co</electronicMailAddress>    </creator>
    <metadataProvider>
    <individualName>
<givenName>Luz Fernanda</givenName>          <surName>Jiménez-Segura</surName>
    </individualName>
<organizationName>Universidad de Antioquia</organizationName><positionName>Profesor Asociado</positionName>    <address>
<deliveryPoint>Calle 67 No. 53-108 - Bloque 7-308</deliveryPoint><city>Medellín</city><administrativeArea>Antioquia</administrativeArea><country>COLOMBIA</country>    </address>
<phone>057 42195620</phone><electronicMailAddress>luz.jimenez@udea.edu.co</electronicMailAddress>    </metadataProvider>
    <associatedParty>
    <individualName>
<givenName>Luz Fernanda</givenName>          <surName>Jiménez-Segura</surName>
    </individualName>
<organizationName>Universidad de Antioquia</organizationName><positionName>Profesor Asociado</positionName>    <address>
<deliveryPoint>Calle 67 No. 53-108 - Bloque 7-309</deliveryPoint><city>Medellín</city><administrativeArea>Antioquia</administrativeArea><country>COLOMBIA</country>    </address>
<phone>057 42195620</phone><electronicMailAddress>luz.jimenez@gmail.com</electronicMailAddress>    <role>CURATOR</role>
    </associatedParty>
    <associatedParty>
    <individualName>
<givenName>Juliana</givenName>          <surName>Herrera Pérez</surName>
    </individualName>
<organizationName>Universidad de Antioquia</organizationName><positionName>Monitora</positionName>    <address>
<deliveryPoint>Calle 67 No. 53-108 - Bloque 7-309</deliveryPoint><city>Medellín</city><country>COLOMBIA</country>    </address>
<phone>3004581162</phone><electronicMailAddress>juliana.herrera.p@gmail.com</electronicMailAddress>    <role>PROCESSOR</role>
    </associatedParty>
      <pubDate>
      2018-09-03
      </pubDate>
    <language>SPANISH</language>
    <abstract>
        <para>Around the world, there are 34190 fish species (Elschemeyer and Fong, 2017). Colombian fishes are nearly 4339 fish species (eighteen fossil and 4321 actual species); representing 1313 genera, 267 Families, 15 Orders and two Classes. Forty three percent inhabits freshwater habitat. Most of the fish species are from Amazonas and Orinoco River Basins (Álvarez et al. 2013).
Knowledge of species richness of fish comes mainly from regional research, monitoring associated with environmental permits for construction and energy infrastructure projects, field courses and curriculum reports to the community. Witnesses of this diversity are deposited in Biological Collections, usually administered by higher education institutions or research institutes. In Colombia, Maldonado (2006) reports 20 fish museums the most important not only for its geographical representation but also by their size are the National Institute of Natural Sciences at the National University of Colombia and the Museum of Alexander von Humboldt Institute.
Ichthyology collection of the University of Antioquia (CIUA) emerged as a repository of specimens collected in various research projects done by the group of Ichthyology GIUA since 2002. Initially, became part of the collection of Limnology (CLUA) but in 2008 it was registered in the Alexander von Humboldt Institute Museums database. Since then, CIUA cures fish specimens not only from the ichthyologic research at the University of Antioquia but other investigations, monitoring of consulting firms that deliver the material collected in their work and donations from the community. Here, we made a report about information contained in CIUA Fish Museum.</para>
    </abstract>
        <keywordSet>
              <keyword>peces dulceacuícolas</keyword>
              <keyword>registros de peces</keyword>
              <keyword>noroccidente de Suramerica</keyword>
              <keyword>peces marinos</keyword>
              <keywordThesaurus>n/a</keywordThesaurus>
        </keywordSet>
        <keywordSet>
              <keyword>north-west of South America.</keyword>
              <keyword>fish records</keyword>
              <keyword>Freshwater and marine fishes</keyword>
              <keywordThesaurus>n/a</keywordThesaurus>
        </keywordSet>
        <keywordSet>
              <keyword>Specimen</keyword>
              <keywordThesaurus>GBIF Dataset Subtype Vocabulary: http://rs.gbif.org/vocabulary/gbif/dataset_subtype.xml</keywordThesaurus>
        </keywordSet>
        <keywordSet>
              <keyword>Occurrence</keyword>
              <keywordThesaurus>GBIF Dataset Type Vocabulary: http://rs.gbif.org/vocabulary/gbif/dataset_type.xml</keywordThesaurus>
        </keywordSet>
      <intellectualRights>
        <para>To the extent possible under law, the publisher has waived all rights to these data and has dedicated them to the <ulink url="http://creativecommons.org/publicdomain/zero/1.0/legalcode"><citetitle>Public Domain (CC0 1.0)</citetitle></ulink>. Users may copy, modify, distribute and use the work, including for commercial purposes, without restriction.</para>
      </intellectualRights>
      <distribution scope="document">
          <online>
              <url function="information">http://www.udea.edu.co</url>
          </online>
      </distribution>
      <coverage>
            <geographicCoverage>
                  <geographicDescription>The CIUA Fish Museum is a regional museum covering mostly Colombian Andean region. Department of Antioquia is the most significant political division with 283 sampling  localities, 2492 records and 12909 specimens.
Most of the records in CIUA database come from marine and freshwater aquatic systems in the northwestern Colombia (Fig.1). Dataset is from the coastal line of the Pacific Ocean and the Caribbean Sea, and seven river basins Magdalena-Cauca, Meta, San Juan de Urabá, Sinú and Atrato. Most of the records come from freshwater systems (96%); mainly from creeks (33%) and rivers (41.8 %) (Fig. 2).Altitudinally, specimens in CIUA were collected between 0 and 3486m.a.s.</geographicDescription>
                  <boundingCoordinates>
                      <westBoundingCoordinate>-77.793</westBoundingCoordinate>
                      <eastBoundingCoordinate>-66.59</eastBoundingCoordinate>
                      <northBoundingCoordinate>11.508</northBoundingCoordinate>
                      <southBoundingCoordinate>0.779</southBoundingCoordinate>
                  </boundingCoordinates>
            </geographicCoverage>
          <temporalCoverage>
            <rangeOfDates>
              <beginDate>
                <calendarDate>      1972-02-22
</calendarDate>
              </beginDate>
              <endDate>
                <calendarDate>      2017-09-28
</calendarDate>
              </endDate>
            </rangeOfDates>
          </temporalCoverage>
              <taxonomicCoverage>
                    <generalTaxonomicCoverage>CIUA fish dataset 340 species, most of the specimens were identified to specie level (90.1%). Perciforms and Characiforms Orders were the more represented into the database.</generalTaxonomicCoverage>
                    <taxonomicClassification>
                          <taxonRankName>Kingdom</taxonRankName>
                        <taxonRankValue>Animalia</taxonRankValue>
                    </taxonomicClassification>
                    <taxonomicClassification>
                          <taxonRankName>Subkingdom</taxonRankName>
                        <taxonRankValue>Eumetazoa</taxonRankValue>
                    </taxonomicClassification>
                    <taxonomicClassification>
                          <taxonRankName>Phylum</taxonRankName>
                        <taxonRankValue>Chordata</taxonRankValue>
                    </taxonomicClassification>
                    <taxonomicClassification>
                          <taxonRankName>Subphylum</taxonRankName>
                        <taxonRankValue>Vertebrata</taxonRankValue>
                    </taxonomicClassification>
                    <taxonomicClassification>
                          <taxonRankName>Class</taxonRankName>
                        <taxonRankValue>Actinopterygii</taxonRankValue>
                    </taxonomicClassification>
                    <taxonomicClassification>
                          <taxonRankName>Class</taxonRankName>
                        <taxonRankValue>Chondrichthyes</taxonRankValue>
                    </taxonomicClassification>
              </taxonomicCoverage>
      </coverage>
      <maintenance>
          <description>
              <para></para>
          </description>
          <maintenanceUpdateFrequency>unkown</maintenanceUpdateFrequency>
      </maintenance>
      <contact>
    <individualName>
<givenName>Luz Fernanda</givenName>          <surName>Jiménez-Segura</surName>
    </individualName>
<organizationName>Universidad de Antioquia</organizationName><positionName>Profesor Asociado</positionName>    <address>
<deliveryPoint>Calle 67 No. 53-108 - Bloque 7-308</deliveryPoint><city>Medellín</city><administrativeArea>Antioquia</administrativeArea><country>COLOMBIA</country>    </address>
<phone>057 42195620</phone><electronicMailAddress>luz.jimenez@udea.edu.co</electronicMailAddress>      </contact>
      <methods>
            <methodStep>
                <description>
                    <para>1. Sampling desing.
2. field sampling and environmental description about fish habitat.
3. fish fixation in formaldehide 10%
4. Fish species determination.
5. Specimen data record in the data bases (book, DWCore and label).
6. Storage in the fish collection.</para>
                </description>
            </methodStep>
            <sampling>
                <studyExtent>
                    <description>
                        <para>Magdalena-Cauca River, Atrato River, Sinú River, San Juan de Urabá River, Rancheria River, Caribbean Sea, Pacific Ocean, Caqueta River and Orinoco River, .</para>
                    </description>
                </studyExtent>
                <samplingDescription>
                    <para>Fish were caught using various methods; each of them defined according the habitat. In freshwater systems were used electrofishing, cast net throws (0,5-3 cm mesh size), gill nets (1-12 cm, mesh size), bottom trawls (0,5-3 cm, mesh size) and hooks lines (different sizes). In marine systems, we used mainly hook lines and gill nets. Although there was not a general sampling design, most of the samples in freshwater systems were taken in different climatic moments (rains and dry periods)</para>
                </samplingDescription>
            </sampling>
            <qualityControl>
                <description>
                    <para>Species of each specimen was determined using specialized literature. All the scientific names of specimens were validated by the updated fish checklist in Catalog of Fishes-California Academy of Sciences (Eschemeyer and Fong, 2016). Most of the specimens are preserved in alcohol 96% and other ones are dry preservation (skeletons). A lot consists of all specimens of a species collected at the same climatic period and place. Each lot contains a paper tag with the main information about date and sampling site such as the Systematic information of the species; all of them are located inside metal cabinets protected from light. Because of the little space to store, lots are organized by a serial number.
Data of each specimen (Species, Genera, Family, Order and Class), and date of sampling and collector name were recorded in a excel data set following recommendations of Darwin Core format and in the CIUA Museum Book. Some geographical information is also part of the data set associated to each lot.  Some of those are: geographical records, locality name, and altitude. The latitude and longitude of sampling sites were plotted and cleaned using the menu facility of ModestR (García-Roselló et al., 2013) and Georreference protocol of Alexander von Humboldt Institute (Escobar D et al 2014) whit sofware Qgis.</para>
                </description>
            </qualityControl>
      </methods>

      <project id="CIUA 168">
          <title>Colección de Peces de la Universidad de Antioquia</title>
          <personnel>
    <individualName>
<givenName>Luz Fernanda</givenName>          <surName>Jiménez</surName>
    </individualName>
    <role>CURATOR</role>
          </personnel>
          <abstract>
              <para>Fish collection of the University of Antioquia is the repository of the fishes catched in the research program made by the Ichthyology Group since 2008. Also, fish came from donations from other museums.</para>
          </abstract>
          <funding>
              <para>CODI-Universidad de Antioquia, International Foundation for Science, Agencia de Cooperación Española AECID, ISAGEN S.A., Empresas Públicas de Medellín, Instituto de Investigación de Recursos Biológicos Alexander von Humboldt,The Nature Conservancy, Corpocaldas, Gobernación de Antioquia.</para>
          </funding>
            <studyAreaDescription>
                <descriptor name="generic" citableClassificationSystem="false">
                    <descriptorValue>Most of the records in CIUA database come from marine and freshwater aquatic systems in the northwestern Colombia. Dataset is from the coastal line of the Pacific Ocean and the Caribbean Sea, and seven river basins Magdalena-Cauca, Meta, San Juan de Urabá, Sinú and Atrato. Most of the records come from freshwater systems (96%); mainly from creeks (33%) and rivers (41.8 %).Altitudinally, specimens in CIUA were collected between 0 and 3486 m.a.s.</descriptorValue>
                </descriptor>
            </studyAreaDescription>
            <designDescription>
                <description>
                    <para>Sampling desing had been planned in order to describe changes in the fish assemblage in two ways: spatial and time axis. Also to probe some hypothesis on fisheries landings and fish migrations.</para>
                </description>
            </designDescription>
      </project>
</dataset>

<additionalMetadata>
    <metadata>
      <gbif>
        <dateStamp>2020-09-25T08:17:09Z</dateStamp>
      <citation identifier="http://doi.org/10.15472/lkcff8">Jiménez-Segura L F (2018). Colección de Peces de la Universidad de Antioquia. Version 5.3. Universidad de Antioquia. Occurrence dataset https://doi.org/10.15472/lkcff8 accessed via GBIF.org on 2020-09-25.</citation>
              <bibliography>
      <citation>Álvarez-León R., Orozco-Rey R., Páramo-Fonseca M., Restrepo-Santamaria D. (2013). Lista de los peces fósiles y actuales de Colombia: Nombres científicos válidos, distribución geográfica, diagnosis de referencia y nombres comunes e indígenas. Primera edición. Bogotá D.C. Colombia. 356 p.</citation>
      <citation>Maldonado-Ocampo  J.A., Orteaga-Lara A., Usma-Oviedo J.S., Galvis-Vergara G., Villa-Navarro F.A., Vásquez-Gamboa L., Prada-Pedreros S., Ardila-Rodríguez C. (2005).Peces de los Andes de Colombia. Instituto de Investigación de Recursos Biológicos  (Alexander von Humboldt). Bogotá D.C. Colombia. 346p.</citation>
      <citation>Dahl G. 1971. Los peces del norte de Colombia. Ministerio de Agricultura, Instituto de Desarrollo de los Recursos Naturales Renovables (INDERENA). Talleres Litografía Arco. Bogotá D.C. Colombia. 391p.</citation>
      <citation>Malabarba L.R, Reis E.R, Vari R.P, Lucena Z.M, Lucena C.A.(1998). Phylogeny and Classification of Neotropical Fishes. EDIPUCRS. 603p.</citation>
      <citation>Jacques G. (1977). Characoids of the world, TFH Publications, New York City. 672p.</citation>
      <citation>Buregess W.E. (1989) An atlas of the freshwater and Marine Catfishes.TFH Publications, New York City. 784p.</citation>
              </bibliography>
              <resourceLogoUrl>https://s3.amazonaws.com/sib-resources/images/logos-socios/portal-sib/Logo-ua.png</resourceLogoUrl>
              <collection>
                <parentCollectionIdentifier>CIUA</parentCollectionIdentifier>
                <collectionIdentifier>Registro Nacional de Colecciones Biológicas: 168</collectionIdentifier>
                <collectionName>Colección de peces de la Universidad de Antioquia</collectionName>
              </collection>
                <specimenPreservationMethod>ALCOHOL</specimenPreservationMethod>
        </gbif>
    </metadata>
</additionalMetadata>

</eml:eml>
