<?xml version="1.0" encoding="utf-8"?>
<eml:eml xmlns:eml="eml://ecoinformatics.org/eml-2.1.1" xmlns:xsi="http://www.w3.org/2001/XMLSchema-instance"
         xsi:schemaLocation="eml://ecoinformatics.org/eml-2.1.1 http://rs.gbif.org/schema/eml-gbif-profile/1.1/eml.xsd"
        packageId="10.15468/dl.s8yeat"  system="http://gbif.org" scope="system"
  xml:lang="en">

<dataset>
        <alternateIdentifier>0068263-200613084148143</alternateIdentifier>
    <title>GBIF Occurrence Download 10.15468/dl.s8yeat</title>
    <creator>
    <individualName>
          <surName>GBIF Download Service</surName>
    </individualName>
<electronicMailAddress>support@gbif.org</electronicMailAddress>    </creator>
    <metadataProvider>
    <individualName>
          <surName>GBIF Download Service</surName>
    </individualName>
<electronicMailAddress>support@gbif.org</electronicMailAddress>    </metadataProvider>
      <pubDate>
      2020-09-24
      </pubDate>
    <language>ENGLISH</language>
    <abstract>
        <para>A dataset containing all occurrences available in GBIF matching the query:
{
  &quot;and&quot; : [ &quot;TaxonKey is Epinnula magistralis Poey, 1854&quot;, &quot;HasCoordinate is true&quot;, &quot;HasGeospatialIssue is false&quot; ]
}
The dataset includes records from the following constituent datasets. The full metadata for each constituent is also included in this archive:
1 records from Fish specimens of Kagoshima University Museum
1 records from NMNH Extant Specimen Records
1 records from CNPE/Coleccion Nacional de Peces
1 records from Biodiversity Research and Teaching Collections - TCWC Vertebrates
1 records from Taiwan Fisheries Research Institute – Digital archives of coastal and offshore specimens
1 records from Fishbase
1 records from Computarización de la Colección Nacional de Peces del Instituto de Biología UNAM
1 records from Natural History Museum (London) Collection Specimens
2 records from Review of the fish genus Epinnula Poey (Perciformes: Gempylidae), with description of a new species from the Pacific Ocean
2 records from UF FLMNH Ichthyology
2 records from Fortalecimiento de las colecciones de ECOSUR. Primera fase (Ictioplancton Chetumal)
3 records from Museum of Comparative Zoology, Harvard University
</para>
    </abstract>
      <contact>
    <individualName>
          <surName>GBIF Download Service</surName>
    </individualName>
<electronicMailAddress>support@gbif.org</electronicMailAddress>      </contact>

</dataset>

<additionalMetadata>
    <metadata>
      <gbif>
        <dateStamp>2020-09-24T11:13:35Z</dateStamp>
      <citation identifier="10.15468/dl.s8yeat">GBIF Occurrence Download 10.15468/dl.s8yeat</citation>
              <physical>
                  <objectName>Darwin Core Archive</objectName>
                  <characterEncoding>UTF-8</characterEncoding>
                  <dataFormat>
                      <externallyDefinedFormat>
                          <formatName>Darwin Core Archive</formatName>
                      </externallyDefinedFormat>
                  </dataFormat>
                  <distribution>
                      <online>
                          <url function="download">http://api.gbif.org/v1/occurrence/download/request/0068263-200613084148143.zip</url>
                      </online>
                  </distribution>
              </physical>
        </gbif>
    </metadata>
</additionalMetadata>

</eml:eml>
