<?xml version="1.0" encoding="utf-8"?>
<eml:eml xmlns:eml="eml://ecoinformatics.org/eml-2.1.1" xmlns:xsi="http://www.w3.org/2001/XMLSchema-instance"
         xsi:schemaLocation="eml://ecoinformatics.org/eml-2.1.1 http://rs.gbif.org/schema/eml-gbif-profile/1.1/eml.xsd"
        packageId="10.15468/dl.g8gwdz"  system="http://gbif.org" scope="system"
  xml:lang="en">

<dataset>
        <alternateIdentifier>0078314-200613084148143</alternateIdentifier>
    <title>GBIF Occurrence Download 10.15468/dl.g8gwdz</title>
    <creator>
    <individualName>
          <surName>GBIF Download Service</surName>
    </individualName>
<electronicMailAddress>support@gbif.org</electronicMailAddress>    </creator>
    <metadataProvider>
    <individualName>
          <surName>GBIF Download Service</surName>
    </individualName>
<electronicMailAddress>support@gbif.org</electronicMailAddress>    </metadataProvider>
      <pubDate>
      2020-10-08
      </pubDate>
    <language>ENGLISH</language>
    <abstract>
        <para>A dataset containing all occurrences available in GBIF matching the query:
{
  &quot;and&quot; : [
    &quot;TaxonKey is Coryphaenoides subserrulatus Makushok, 1976&quot;,
    &quot;HasCoordinate is true&quot;,
    &quot;HasGeospatialIssue is false&quot;
  ]
}
The dataset includes records from the following constituent datasets. The full metadata for each constituent is also included in this archive:
1 records from Queensland Museum provider for OZCAM
1 records from Auckland Museum NZ Marine Collection
1 records from Tasmanian Museum and Art Gallery provider for OZCAM
1 records from CSIRO, fish surveys by the Soela, 1980s
1 records from LACM Vertebrate Collection
2 records from CSIRO, Cruise SS200702, Marine Biodiversity Survey, Southeast Australia, 2007
3 records from Fish specimens of Kagoshima University Museum
4 records from Fish collection of National Museum of Nature and Science
4 records from NORFANZ Biological Survey, Tasman Sea, Australia - New Zealand 2003
4 records from Natural History Museum (London) Collection Specimens
5 records from Soviet Trawl Fishery Data (New Zealand Waters) 1964-1987
5 records from CAS Ichthyology (ICH)
7 records from International Barcode of Life project (iBOL)
8 records from Fishbase
12 records from Australian Museum provider for OZCAM
13 records from South Australian Museum Australia provider for OZCAM
17 records from Fish Collection Ismael Kong, Universidad de Antofagasta, Chile
23 records from Museums Victoria provider for OZCAM
48 records from CSIRO Ichthyology provider for OZCAM
66 records from Bottom Trawl Surveys: Catch and Effort Data For South East Australia, 1898-1996
181 records from Marine Commercial Fish Survey (FV Kapala, FV Trader Horn, FV Shelley, FV Kirrawa, FV May Bell) in the East and South East Australian Region from 1975 to 2008
191 records from CSIRO, Abundance and distribution of orange roughy in southeast Australian waters 1987-1979
929 records from Catch data from New Zealand research trawls since 2008
6815 records from New Zealand fish and squid distributions from research bottom trawls 1964-2008
</para>
    </abstract>
      <contact>
    <individualName>
          <surName>GBIF Download Service</surName>
    </individualName>
<electronicMailAddress>support@gbif.org</electronicMailAddress>      </contact>

</dataset>

<additionalMetadata>
    <metadata>
      <gbif>
        <dateStamp>2020-10-08T13:07:27Z</dateStamp>
      <citation identifier="10.15468/dl.g8gwdz">GBIF Occurrence Download 10.15468/dl.g8gwdz</citation>
              <physical>
                  <objectName>Darwin Core Archive</objectName>
                  <characterEncoding>UTF-8</characterEncoding>
                  <dataFormat>
                      <externallyDefinedFormat>
                          <formatName>Darwin Core Archive</formatName>
                      </externallyDefinedFormat>
                  </dataFormat>
                  <distribution>
                      <online>
                          <url function="download">http://api.gbif.org/v1/occurrence/download/request/0078314-200613084148143.zip</url>
                      </online>
                  </distribution>
              </physical>
        </gbif>
    </metadata>
</additionalMetadata>

</eml:eml>
