<?xml version="1.0" encoding="utf-8"?>
<eml:eml xmlns:eml="eml://ecoinformatics.org/eml-2.1.1" xmlns:xsi="http://www.w3.org/2001/XMLSchema-instance"
         xsi:schemaLocation="eml://ecoinformatics.org/eml-2.1.1 http://rs.gbif.org/schema/eml-gbif-profile/1.1/eml.xsd"
        packageId="7ffd804c-d389-41ad-84ba-4ad5d51d8f04"  system="http://gbif.org" scope="system"
  xml:lang="en">

<dataset>
      <alternateIdentifier>10.15468/fgbamx</alternateIdentifier>
        <alternateIdentifier>http://ipt.iobis.org/obis-deepsea/resource?r=fishs</alternateIdentifier>
    <title>The Deepwater Program: Northern Gulf of Mexico Continental Slope Habitat and Benthic Ecology - DgoMB: Fishs</title>
    <creator>
    <individualName>
          <surName>OBIS Secretariat</surName>
    </individualName>
<organizationName>Intergovernmental Oceanographic Commission of UNESCO</organizationName>    <address>
<country>BELGIUM</country>    </address>
<electronicMailAddress>info@iobis.org</electronicMailAddress><onlineUrl>http://www.iobis.org</onlineUrl>    </creator>
    <metadataProvider>
    <individualName>
          <surName>OBIS Secretariat</surName>
    </individualName>
<organizationName>Intergovernmental Oceanographic Commission of UNESCO</organizationName>    <address>
<country>BELGIUM</country>    </address>
<electronicMailAddress>info@iobis.org</electronicMailAddress><onlineUrl>http://www.iobis.org</onlineUrl>    </metadataProvider>
      <pubDate>
      2018-11-12
      </pubDate>
    <language>ENGLISH</language>
    <abstract>
        <para>A research program has been initiated by the Minerals Management Service to gain better knowledge of the benthic communities of the deep Gulf of Mexico entitled &amp;#34;The Deepwater Program: Northern Gulf of Mexico Continental Slope Habitat and Benthic Ecology&amp;#34;. Increasing exploration and exploitation of fossil hydrocarbon resources in the deep-sea prompted the Minerals Management Service of the U.S. Department of the Interior to support an investigation of the structure and function of the assemblages of organisms that live in association with the sea floor in the deep-sea. The program, &amp;#34;Deep Gulf of Mexico Benthos&amp;#34; or DGoMB, is studying the northern Gulf of Mexico (GOM) continental slope from water depths of 300 meters on the upper continental slope out to greater than 3,000 meters water depth seaward of the base of the Sigsbee and Florida Escarpments. This dataset contains the fish data.</para>
    </abstract>
        <keywordSet>
              <keyword></keyword>
              <keywordThesaurus>GBIF Dataset Type Vocabulary: http://rs.gbif.org/vocabulary/gbif/dataset_type.xml</keywordThesaurus>
        </keywordSet>
      <additionalInfo>
          <para>marine, harvested by iOBIS</para>
      </additionalInfo>
      <intellectualRights>
        <para>This work is licensed under a <ulink url="http://creativecommons.org/licenses/by/4.0/legalcode"><citetitle>Creative Commons Attribution (CC-BY) 4.0 License</citetitle></ulink>.</para>
      </intellectualRights>
      <maintenance>
          <description>
              <para></para>
          </description>
          <maintenanceUpdateFrequency>unkown</maintenanceUpdateFrequency>
      </maintenance>
      <contact>
    <individualName>
<givenName>Gary</givenName>          <surName>Wolff</surName>
    </individualName>
      </contact>

</dataset>

<additionalMetadata>
    <metadata>
      <gbif>
        <dateStamp>2020-10-08T12:25:42Z</dateStamp>
      <citation>OBIS Secretariat (2018). The Deepwater Program: Northern Gulf of Mexico Continental Slope Habitat and Benthic Ecology - DgoMB: Fishs. Deep-sea OBIS node. Occurrence dataset https://doi.org/10.15468/fgbamx accessed via GBIF.org on 2020-10-08.</citation>
              <physical>
                  <objectName>Online dataset</objectName>
                  <characterEncoding>UTF-8</characterEncoding>
                  <dataFormat>
                      <externallyDefinedFormat>
                          <formatName>HTML</formatName>
                      </externallyDefinedFormat>
                  </dataFormat>
                  <distribution>
                      <online>
                          <url function="download">http://iobis.org/explore/#/dataset/1546</url>
                      </online>
                  </distribution>
              </physical>
              <physical>
                  <objectName>Metadata</objectName>
                  <characterEncoding>UTF-8</characterEncoding>
                  <dataFormat>
                      <externallyDefinedFormat>
                          <formatName>HTML</formatName>
                      </externallyDefinedFormat>
                  </dataFormat>
                  <distribution>
                      <online>
                          <url function="download">http://www.vliz.be/imis/iobis/imis.php?module=dataset&amp;dasid=3930</url>
                      </online>
                  </distribution>
              </physical>
        </gbif>
    </metadata>
</additionalMetadata>

</eml:eml>
