<?xml version="1.0" encoding="utf-8"?>
<eml:eml xmlns:eml="eml://ecoinformatics.org/eml-2.1.1" xmlns:xsi="http://www.w3.org/2001/XMLSchema-instance"
         xsi:schemaLocation="eml://ecoinformatics.org/eml-2.1.1 http://rs.gbif.org/schema/eml-gbif-profile/1.1/eml.xsd"
        packageId="10.15468/dl.ust6c9"  system="http://gbif.org" scope="system"
  xml:lang="en">

<dataset>
        <alternateIdentifier>0080895-200613084148143</alternateIdentifier>
    <title>GBIF Occurrence Download 10.15468/dl.ust6c9</title>
    <creator>
    <individualName>
          <surName>GBIF Download Service</surName>
    </individualName>
<electronicMailAddress>support@gbif.org</electronicMailAddress>    </creator>
    <metadataProvider>
    <individualName>
          <surName>GBIF Download Service</surName>
    </individualName>
<electronicMailAddress>support@gbif.org</electronicMailAddress>    </metadataProvider>
      <pubDate>
      2020-10-12
      </pubDate>
    <language>ENGLISH</language>
    <abstract>
        <para>A dataset containing all occurrences available in GBIF matching the query:
{
  &quot;and&quot; : [
    &quot;TaxonKey is Phycis blennoides (Brünnich, 1768)&quot;,
    &quot;HasCoordinate is true&quot;,
    &quot;HasGeospatialIssue is false&quot;
  ]
}
The dataset includes records from the following constituent datasets. The full metadata for each constituent is also included in this archive:
1 records from Collection Pisces SMF
1 records from Field Museum of Natural History (Zoology) Fish Collection
1 records from Données d&apos;occurrences Espèces issues de l&apos;inventaire des ZNIEFF
1 records from FBIP: IZIKO Marine Bony Fish (1884-2013)
1 records from Megafaunal data from the 2009 BIOFUN trans-Mediterranean deep-sea cruise
1 records from IOW Natural History &amp; Archaeological Society Marine Records
1 records from KUBI Ichthyology Tissue Collection
1 records from University of Michigan Museum of Zoology, Division of Fishes
1 records from Programme CARTHAM: Inventaire biologique dans le cadre de Natura 2000 en Mer
2 records from NMNH Extant Specimen Records
2 records from The Pisces Collection at the Staatssammlung für Anthropologie und Paläoanatomie München
2 records from Lund Museum of Zoology (MZLU)
2 records from Ichthyology Collection - Royal Ontario Museum
2 records from BRERC species records from all years at full resolution excluding Notable Species within the last 10 years
3 records from Fish collection NTNU University Museum
3 records from The Fish Collection at the Zoologische Staatssammlung München
3 records from Museum of Comparative Zoology, Harvard University
3 records from Museu de Ciències Naturals de Barcelona: MCNB-Cord
5 records from COLETA - IMAR/DOP-Uac reference collection from 1977 to 2012
5 records from Biological Reference Collections ICM-CSIC
7 records from Rare marine fishes taken in Irish waters from 1786 to 2008
7 records from The Ichthyology Collection at the Staatliches Museum für Naturkunde Stuttgart
8 records from Geographically tagged INSDC sequences
9 records from Naturalis Biodiversity Center (NL) - Pisces
9 records from Diveboard - Scuba diving citizen science observations
10 records from imr_mareano_beamtrawl
12 records from Norwegian Species Observation Service
13 records from International Barcode of Life project (iBOL)
13 records from Natural History Museum (London) Collection Specimens
14 records from Trawl-survey data from the “expedition Hvar” in the Adriatic Sea (Mediterranean) collected in 1948-1949
15 records from The fishes collection (IC) of the Muséum national d&apos;Histoire naturelle (MNHN - Paris)
20 records from Fishbase
22 records from Larval fish at time series station Helgoland Roads, North Sea, in 2004
23 records from Données naturalistes de Jean-Jacques RIUTORT
26 records from Colección de referencia de otolitos, Instituto de Ciencias del Mar-CSIC
82 records from Larval fish at time series station Helgoland Roads, North Sea, in 2005
101 records from Trawl survey data from the Jabuka Pit area (central-eastern Adriatic Sea, Mediterranean) collected between 1956 and 1971
219 records from Fish Specimens
230 records from Demersais survey in the Azores between 1996 and 2013
360 records from Banco de Datos de la Biodiversidad de la Comunitat Valenciana
</para>
    </abstract>
      <contact>
    <individualName>
          <surName>GBIF Download Service</surName>
    </individualName>
<electronicMailAddress>support@gbif.org</electronicMailAddress>      </contact>

</dataset>

<additionalMetadata>
    <metadata>
      <gbif>
        <dateStamp>2020-10-12T14:31:40Z</dateStamp>
      <citation identifier="10.15468/dl.ust6c9">GBIF Occurrence Download 10.15468/dl.ust6c9</citation>
              <physical>
                  <objectName>Darwin Core Archive</objectName>
                  <characterEncoding>UTF-8</characterEncoding>
                  <dataFormat>
                      <externallyDefinedFormat>
                          <formatName>Darwin Core Archive</formatName>
                      </externallyDefinedFormat>
                  </dataFormat>
                  <distribution>
                      <online>
                          <url function="download">http://api.gbif.org/v1/occurrence/download/request/0080895-200613084148143.zip</url>
                      </online>
                  </distribution>
              </physical>
        </gbif>
    </metadata>
</additionalMetadata>

</eml:eml>
