<?xml version="1.0" encoding="utf-8"?>
<eml:eml xmlns:eml="eml://ecoinformatics.org/eml-2.1.1" xmlns:xsi="http://www.w3.org/2001/XMLSchema-instance"
         xsi:schemaLocation="eml://ecoinformatics.org/eml-2.1.1 http://rs.gbif.org/schema/eml-gbif-profile/1.1/eml.xsd"
        packageId="e1a01804-881b-42ae-8f97-1e80f697fd56"  system="http://gbif.org" scope="system"
  xml:lang="en">

<dataset>
      <alternateIdentifier>10.15468/ad1ovc</alternateIdentifier>
        <alternateIdentifier>e1a01804-881b-42ae-8f97-1e80f697fd56</alternateIdentifier>
        <alternateIdentifier>http://ipt.vertnet.org:8080/ipt/resource?r=sio_marine_vertebrates</alternateIdentifier>
    <title>SIO Marine Vertebrate Collection</title>
    <creator>
    <individualName>
<givenName>Ben</givenName>          <surName>Frable</surName>
    </individualName>
<organizationName>Scripps Institution of Oceanography</organizationName><positionName>Collection Manager</positionName>    <address>
<deliveryPoint>University of California, San Diego 0208, 9500 Gilman Drive</deliveryPoint><city>La Jolla</city><administrativeArea>California</administrativeArea><postalCode>92093-0208</postalCode><country>UNITED_STATES</country>    </address>
<phone>858-534-2199</phone><electronicMailAddress>bfrable@ucsd.edu</electronicMailAddress><onlineUrl>https://scripps.ucsd.edu/collections/mv</onlineUrl>    </creator>
    <metadataProvider>
    <individualName>
<givenName>Ben</givenName>          <surName>Frable</surName>
    </individualName>
<organizationName>Scripps Institution of Oceanography</organizationName><positionName>Collection Manager</positionName>    <address>
<deliveryPoint>University of California, San Diego 0208, 9500 Gilman Drive</deliveryPoint><city>La Jolla</city><administrativeArea>California</administrativeArea><postalCode>92093-0208</postalCode><country>UNITED_STATES</country>    </address>
<phone>858-534-2199</phone><electronicMailAddress>bfrable@ucsd.edu</electronicMailAddress><onlineUrl>https://scripps.ucsd.edu/collections/mv</onlineUrl>    </metadataProvider>
    <associatedParty>
    <individualName>
<givenName>David</givenName>          <surName>Bloom</surName>
    </individualName>
<organizationName>VertNet</organizationName><positionName>VertNet Coordinator</positionName><electronicMailAddress>dbloom@vertnet.org</electronicMailAddress><onlineUrl>http://vertnet.org/</onlineUrl>    <role>PROGRAMMER</role>
    </associatedParty>
    <associatedParty>
    <individualName>
<givenName>Laura</givenName>          <surName>Russell</surName>
    </individualName>
<organizationName>VertNet</organizationName><positionName>VertNet Programmer</positionName><electronicMailAddress>larussell@vertnet.org</electronicMailAddress><onlineUrl>http://vertnet.org/</onlineUrl>    <role>PROGRAMMER</role>
    </associatedParty>
    <associatedParty>
    <individualName>
<givenName>John</givenName>          <surName>Wieczorek</surName>
    </individualName>
<organizationName>VertNet</organizationName><positionName>Information Architect</positionName><electronicMailAddress>tuco@berkeley.edu</electronicMailAddress><onlineUrl>http://vertnet.org</onlineUrl>    <role>PROGRAMMER</role>
    </associatedParty>
    <associatedParty>
    <individualName>
<givenName>Philip</givenName>          <surName>Hastings</surName>
    </individualName>
<organizationName>Scripps Institution of Oceanography</organizationName><positionName>Curator</positionName>    <address>
<deliveryPoint>9500 Gilman Drive</deliveryPoint><city>La Jolla</city><administrativeArea>CA</administrativeArea><postalCode>92093-0208</postalCode><country>UNITED_STATES</country>    </address>
<electronicMailAddress>phastings@ucsd.edu</electronicMailAddress>    <role>CURATOR</role>
    </associatedParty>
    <associatedParty>
    <individualName>
<givenName>HJ</givenName>          <surName>Walker</surName>
    </individualName>
<organizationName>Scripps Institution of Oceanography</organizationName><positionName>Emeritus Collection Manager</positionName>    <address>
<administrativeArea>CA</administrativeArea><country>UNITED_STATES</country>    </address>
<phone>8585342199</phone><electronicMailAddress>hjwalker@ucsd.edu</electronicMailAddress>    <role>CONTENT_PROVIDER</role>
    </associatedParty>
      <pubDate>
      2019-10-15
      </pubDate>
    <language>ENGLISH</language>
    <abstract>
        <para>The Marine Vertebrate Collection of Scripps Institution of Oceanography maintains approximately 2 million alcohol-preserved specimens in over 120,000 lots, representing more than 5,600 species of fishes.

The Collection maintains worldwide holdings of deep-sea and pelagic fishes as well as extensive holdings of shore fishes from the entire eastern Pacific. The Collection includes primary types of over 200 species (type catalog), skeletal preparations (both dried and cleared-and-stained) for over 1,000 species (osteology catalog), otoliths from approximately 1,100 species (otolith collection), and tissues for DNA from over 1,200 species.

Collection data for approximately 110,000 lots are available on a searchable database.

The Marine Vertebrate Collection supports scientific research by providing specimens for studies on the taxonomy, evolution, and ecology of fishes. Specimens are available for examination at Scripps and for loan to researchers at recognized institutions (loan policy).

The Marine Vertebrate Collection also plays an integral role in the support of graduate courses and research at Scripps.</para>
    </abstract>
        <keywordSet>
              <keyword>Occurrence</keyword>
              <keywordThesaurus>GBIF Dataset Type Vocabulary: http://rs.gbif.org/vocabulary/gbif/dataset_type.xml</keywordThesaurus>
        </keywordSet>
        <keywordSet>
              <keyword>Specimen</keyword>
              <keywordThesaurus>GBIF Dataset Subtype Vocabulary: http://rs.gbif.org/vocabulary/gbif/dataset_subtype.xml</keywordThesaurus>
        </keywordSet>
      <additionalInfo>
          <para>https://creativecommons.org/publicdomain/zero/1.0/ and http://vertnet.org/resources/norms.html</para>
      </additionalInfo>
      <intellectualRights>
        <para>To the extent possible under law, the publisher has waived all rights to these data and has dedicated them to the <ulink url="http://creativecommons.org/publicdomain/zero/1.0/legalcode"><citetitle>Public Domain (CC0 1.0)</citetitle></ulink>. Users may copy, modify, distribute and use the work, including for commercial purposes, without restriction.</para>
      </intellectualRights>
      <distribution scope="document">
          <online>
              <url function="information">https://scripps.ucsd.edu/collections/mv</url>
          </online>
      </distribution>
      <coverage>
            <geographicCoverage>
                  <geographicDescription>The collection maintains worldwide holdings of deep-sea and pelagic fishes as well as extensive holdings of shore fishes from the entire eastern Pacific.</geographicDescription>
                  <boundingCoordinates>
                      <westBoundingCoordinate>-180</westBoundingCoordinate>
                      <eastBoundingCoordinate>180</eastBoundingCoordinate>
                      <northBoundingCoordinate>90</northBoundingCoordinate>
                      <southBoundingCoordinate>-90</southBoundingCoordinate>
                  </boundingCoordinates>
            </geographicCoverage>
              <taxonomicCoverage>
                    <generalTaxonomicCoverage>The Marine Vertebrates Collection primarily encompasses marine fishes; however, a number of marine reptiles are present in the collection.</generalTaxonomicCoverage>
                    <taxonomicClassification>
                          <taxonRankName>Class</taxonRankName>
                        <taxonRankValue>Actinopterygii</taxonRankValue>
                    </taxonomicClassification>
                    <taxonomicClassification>
                          <taxonRankName>Class</taxonRankName>
                        <taxonRankValue>Aves</taxonRankValue>
                    </taxonomicClassification>
                    <taxonomicClassification>
                          <taxonRankName>Class</taxonRankName>
                        <taxonRankValue>Cephalaspidomorphi</taxonRankValue>
                    </taxonomicClassification>
                    <taxonomicClassification>
                          <taxonRankName>Class</taxonRankName>
                        <taxonRankValue>Chondrichthyes</taxonRankValue>
                    </taxonomicClassification>
                    <taxonomicClassification>
                          <taxonRankName>Class</taxonRankName>
                        <taxonRankValue>Elasmobranchii</taxonRankValue>
                    </taxonomicClassification>
                    <taxonomicClassification>
                          <taxonRankName>Class</taxonRankName>
                        <taxonRankValue>Holocephali</taxonRankValue>
                    </taxonomicClassification>
                    <taxonomicClassification>
                          <taxonRankName>Class</taxonRankName>
                        <taxonRankValue>Leptocardii</taxonRankValue>
                    </taxonomicClassification>
                    <taxonomicClassification>
                          <taxonRankName>Class</taxonRankName>
                        <taxonRankValue>Mammalia</taxonRankValue>
                    </taxonomicClassification>
                    <taxonomicClassification>
                          <taxonRankName>Class</taxonRankName>
                        <taxonRankValue>Myxini</taxonRankValue>
                    </taxonomicClassification>
                    <taxonomicClassification>
                          <taxonRankName>Class</taxonRankName>
                        <taxonRankValue>Reptilia</taxonRankValue>
                    </taxonomicClassification>
                    <taxonomicClassification>
                          <taxonRankName>Class</taxonRankName>
                        <taxonRankValue>Sarcopterygii</taxonRankValue>
                    </taxonomicClassification>
              </taxonomicCoverage>
      </coverage>
      <maintenance>
          <description>
              <para></para>
          </description>
          <maintenanceUpdateFrequency>unkown</maintenanceUpdateFrequency>
      </maintenance>
      <contact>
    <individualName>
<givenName>Ben</givenName>          <surName>Frable</surName>
    </individualName>
<organizationName>Scripps Institution of Oceanography</organizationName><positionName>Collection Manager</positionName>    <address>
<deliveryPoint>University of California, San Diego 0208, 9500 Gilman Drive</deliveryPoint><city>La Jolla</city><administrativeArea>California</administrativeArea><postalCode>92093-0208</postalCode><country>UNITED_STATES</country>    </address>
<phone>858-534-2199</phone><electronicMailAddress>bfrable@ucsd.edu</electronicMailAddress><onlineUrl>https://scripps.ucsd.edu/collections/mv</onlineUrl>      </contact>
      <methods>
            <methodStep>
                <description>
                    <para></para>
                </description>
            </methodStep>
      </methods>

</dataset>

<additionalMetadata>
    <metadata>
      <gbif>
        <dateStamp>2020-10-13T09:14:22Z</dateStamp>
      <citation>Frable B (2019). SIO Marine Vertebrate Collection. Version 1.7. Scripps Institution of Oceanography. Occurrence dataset https://doi.org/10.15468/ad1ovc accessed via GBIF.org on 2020-10-13.</citation>
              <resourceLogoUrl>https://scripps.ucsd.edu/sites/scripps.ucsd.edu/files/u4372/siologo.jpg</resourceLogoUrl>
              <formationPeriod>1944-current</formationPeriod>
        </gbif>
    </metadata>
</additionalMetadata>

</eml:eml>
