<?xml version="1.0" encoding="utf-8"?>
<eml:eml xmlns:eml="eml://ecoinformatics.org/eml-2.1.1" xmlns:xsi="http://www.w3.org/2001/XMLSchema-instance"
         xsi:schemaLocation="eml://ecoinformatics.org/eml-2.1.1 http://rs.gbif.org/schema/eml-gbif-profile/1.1/eml.xsd"
        packageId="10.15468/dl.qhxxr7"  system="http://gbif.org" scope="system"
  xml:lang="en">

<dataset>
        <alternateIdentifier>0068640-200613084148143</alternateIdentifier>
    <title>GBIF Occurrence Download 10.15468/dl.qhxxr7</title>
    <creator>
    <individualName>
          <surName>GBIF Download Service</surName>
    </individualName>
<electronicMailAddress>support@gbif.org</electronicMailAddress>    </creator>
    <metadataProvider>
    <individualName>
          <surName>GBIF Download Service</surName>
    </individualName>
<electronicMailAddress>support@gbif.org</electronicMailAddress>    </metadataProvider>
      <pubDate>
      2020-09-24
      </pubDate>
    <language>ENGLISH</language>
    <abstract>
        <para>A dataset containing all occurrences available in GBIF matching the query:
{
  &quot;and&quot; : [ &quot;TaxonKey is Psenes pellucidus Lütken, 1880&quot;, &quot;HasCoordinate is true&quot;, &quot;HasGeospatialIssue is false&quot; ]
}
The dataset includes records from the following constituent datasets. The full metadata for each constituent is also included in this archive:
1 records from Fish Collection of Hokkaido University
1 records from Biological observations from the Discovery Investigations 1925-1952
1 records from The Fish Database of Taiwan
1 records from European Molecular Biology Laboratory Australian Mirror
1 records from CSIRO, Catch records from eddy studies off the New South Wales coast, Australia 1979-1980
1 records from Auckland Museum NZ Marine Collection
1 records from Colección de referencia de otolitos, Instituto de Ciencias del Mar-CSIC
1 records from Actualización de la base de datos de diversidad taxonómica de las larvas de peces de Bahía Vizcaíno
1 records from CSIRO, North West Shelf Demersal Marine Resources Study 1980-1997
1 records from FBIP: IZIKO Marine Bony Fish (1884-2013)
1 records from NCSM Ichthyology Collection
1 records from Inventario de Peces del SFF Isla Malpelo, Proyecto Colombia Bio
1 records from LACM Vertebrate Collection
2 records from UWFC Ichthyology Collection
2 records from Geographically tagged INSDC sequences
2 records from Taiwan Fisheries Research Institute – Digital archives of coastal and offshore specimens
2 records from Northeast Fisheries Science Center Bottom Trawl Survey Data
2 records from Biological Reference Collections ICM-CSIC
2 records from Natural History Museum (London) Collection Specimens
3 records from Museums Victoria provider for OZCAM
4 records from Field Museum of Natural History (Zoology) Fish Collection
4 records from The fishes collection (IC) of the Muséum national d&apos;Histoire naturelle (MNHN - Paris)
4 records from Occurrence records of southern African aquatic biodiversity
4 records from Marine Commercial Fish Survey (FV Kapala, FV Trader Horn, FV Shelley, FV Kirrawa, FV May Bell) in the East and South East Australian Region from 1975 to 2008
4 records from Base de datos y colección de distintos grupos del zooplancton de regiones marinas prioritarias de Jalisco y Colima en el Pacífico mexicano (Larvas de peces)
5 records from KUBI Ichthyology Tissue Collection
5 records from CAS Ichthyology (ICH)
7 records from UF FLMNH Ichthyology
8 records from Australian Museum provider for OZCAM
8 records from CSIRO Ichthyology provider for OZCAM
9 records from Fish specimens of Kagoshima University Museum
9 records from Fishbase
11 records from International Barcode of Life project (iBOL)
12 records from NMNH Extant Specimen Records
12 records from Fish collection of National Museum of Nature and Science
13 records from Inventario de larvas de peces en la región sur del Golfo de California (GAP 81, 85 y 86) y en el Pacífico Tropical Mexicano (GAP 88-91)
15 records from Atlantic Reference Centre Museum of Canadian Atlantic Organisms - Invertebrates and Fishes Data
18 records from SIO Marine Vertebrate Collection
60 records from Museum of Comparative Zoology, Harvard University
</para>
    </abstract>
      <contact>
    <individualName>
          <surName>GBIF Download Service</surName>
    </individualName>
<electronicMailAddress>support@gbif.org</electronicMailAddress>      </contact>

</dataset>

<additionalMetadata>
    <metadata>
      <gbif>
        <dateStamp>2020-09-24T20:02:32Z</dateStamp>
      <citation identifier="10.15468/dl.qhxxr7">GBIF Occurrence Download 10.15468/dl.qhxxr7</citation>
              <physical>
                  <objectName>Darwin Core Archive</objectName>
                  <characterEncoding>UTF-8</characterEncoding>
                  <dataFormat>
                      <externallyDefinedFormat>
                          <formatName>Darwin Core Archive</formatName>
                      </externallyDefinedFormat>
                  </dataFormat>
                  <distribution>
                      <online>
                          <url function="download">http://api.gbif.org/v1/occurrence/download/request/0068640-200613084148143.zip</url>
                      </online>
                  </distribution>
              </physical>
        </gbif>
    </metadata>
</additionalMetadata>

</eml:eml>
