<?xml version="1.0" encoding="utf-8"?>
<eml:eml xmlns:eml="eml://ecoinformatics.org/eml-2.1.1" xmlns:xsi="http://www.w3.org/2001/XMLSchema-instance"
         xsi:schemaLocation="eml://ecoinformatics.org/eml-2.1.1 http://rs.gbif.org/schema/eml-gbif-profile/1.1/eml.xsd"
        packageId="f2ab6184-eff7-4069-a9bb-e4f366aeefff"  system="http://gbif.org" scope="system"
  xml:lang="en">

<dataset>
      <alternateIdentifier>10.15468/0gsnmz</alternateIdentifier>
        <alternateIdentifier>f2ab6184-eff7-4069-a9bb-e4f366aeefff</alternateIdentifier>
        <alternateIdentifier>https://nzobisipt.niwa.co.nz/resource?r=terranova</alternateIdentifier>
    <title>British Antarctic (Terra Nova) Expedition, 1910-1913</title>
    <creator>
    <individualName>
<givenName>Kevin</givenName>          <surName>Mackay</surName>
    </individualName>
<organizationName>NIWA</organizationName><positionName>Marine Data Manager</positionName>    <address>
<deliveryPoint>Private Basg 14-901</deliveryPoint><city>Wellington</city><country>NEW_ZEALAND</country>    </address>
<onlineUrl>http://www.niwa.co.nz</onlineUrl>    </creator>
    <metadataProvider>
    <individualName>
<givenName>Kevin</givenName>          <surName>Mackay</surName>
    </individualName>
<organizationName>NIWA</organizationName><positionName>Marine Data Manager</positionName>    <address>
<deliveryPoint>Private Bag 14-901</deliveryPoint><city>Wellington</city><country>NEW_ZEALAND</country>    </address>
<onlineUrl>http://www.niwa.co.nz</onlineUrl>    </metadataProvider>
    <associatedParty>
    <individualName>
<givenName>Kevin</givenName>          <surName>Mackay</surName>
    </individualName>
<electronicMailAddress>kevin.mackay@niwa.co.nz</electronicMailAddress>    <role>USER</role>
    </associatedParty>
      <pubDate>
      2019-12-10
      </pubDate>
    <language>ENGLISH</language>
    <abstract>
        <para>The Terra Nova Expedition, officially the British Antarctic Expedition, was led by Robert Falcon Scott with the primary objective of scientific experiments, observations and gathering of specimens and the secondary objective of being the first to reach the geographical South Pole. The Terra Nova Expedition, named after its supply ship, was a private venture, financed by public contributions augmented by a government grant. It had further backing from the Admiralty, which released experienced seamen to the expedition, and from the Royal Geographical Society. As well as its polar attempt, the expedition carried out a comprehensive scientific programme. The biologist in charge of operations on the ship was Mr. D. G. Lillie, M.A., to whose skill and energy the large and valuable marine collections are mainly due. On the outward and homeward voyages from England to New Zealand fine-meshed tow-nets were put overboard whenever possible, and seventy plankton samples were obtained; in addition two hauls were made with the trawl, one near the Falklands, at a depth of 125 fathoms, and one off Rio de Janeiro, at a depth of 40 fathoms. The winter cruise (July 10th to October 10th, 1911) round the Three Kings Islands and to the north of New Zealand produced biological results of great importance; eighty plankton samples were obtained, and the seven hauls made with trawl and dredge at depths of 15 to 300 fathoms revealed a bottom-fauna of extraordinary variety, including a great number of forms new to science. Between New Zealand and McMurdo Sound one hundred and thirty-five samples of plankton and fifty of muds and oozes were obtained; in the Ross Sea and in McMurdo Sound fifteen rich hauls with the trawl, at depths of 40 to 300 fathoms, produced a collection which has added greatly to our knowledge of the Antarctic marine fauna.</para>
    </abstract>
        <keywordSet>
              <keyword>Occurrence</keyword>
              <keywordThesaurus>GBIF Dataset Type Vocabulary: http://rs.gbif.org/vocabulary/gbif/dataset_type.xml</keywordThesaurus>
        </keywordSet>
        <keywordSet>
              <keyword>Observation</keyword>
              <keywordThesaurus>GBIF Dataset Subtype Vocabulary: http://rs.gbif.org/vocabulary/gbif/dataset_subtype.xml</keywordThesaurus>
        </keywordSet>
      <additionalInfo>
          <para>marine, harvested by iOBIS</para>
      </additionalInfo>
      <intellectualRights>
        <para>To the extent possible under law, the publisher has waived all rights to these data and has dedicated them to the <ulink url="http://creativecommons.org/publicdomain/zero/1.0/legalcode"><citetitle>Public Domain (CC0 1.0)</citetitle></ulink>. Users may copy, modify, distribute and use the work, including for commercial purposes, without restriction.</para>
      </intellectualRights>
      <maintenance>
          <description>
              <para></para>
          </description>
          <maintenanceUpdateFrequency>notPlanned</maintenanceUpdateFrequency>
      </maintenance>
      <contact>
    <individualName>
<givenName>Kevin</givenName>          <surName>Mackay</surName>
    </individualName>
<organizationName>NIWA</organizationName><positionName>Marine Data Manager</positionName>    <address>
<deliveryPoint>Private Basg 14-901</deliveryPoint><city>Wellington</city><country>NEW_ZEALAND</country>    </address>
<onlineUrl>http://www.niwa.co.nz</onlineUrl>      </contact>

</dataset>

<additionalMetadata>
    <metadata>
      <gbif>
        <dateStamp>2020-09-24T11:46:19Z</dateStamp>
      <citation>Mackay K (2019). British Antarctic (Terra Nova) Expedition, 1910-1913. Version 1.6. The National Institute of Water and Atmospheric Research (NIWA). Occurrence dataset https://doi.org/10.15468/0gsnmz accessed via GBIF.org on 2020-09-24.</citation>
              <resourceLogoUrl>https://nzobisipt.niwa.co.nz/logo.do?r=terranova</resourceLogoUrl>
        </gbif>
    </metadata>
</additionalMetadata>

</eml:eml>
