<?xml version="1.0" encoding="utf-8"?>
<eml:eml xmlns:eml="eml://ecoinformatics.org/eml-2.1.1" xmlns:xsi="http://www.w3.org/2001/XMLSchema-instance"
         xsi:schemaLocation="eml://ecoinformatics.org/eml-2.1.1 http://rs.gbif.org/schema/eml-gbif-profile/1.1/eml.xsd"
        packageId="403fabe5-b960-4dc3-9e13-32f479a0b798"  system="http://gbif.org" scope="system"
  xml:lang="en">

<dataset>
      <alternateIdentifier>10.15468/il2vr5</alternateIdentifier>
        <alternateIdentifier>403fabe5-b960-4dc3-9e13-32f479a0b798</alternateIdentifier>
        <alternateIdentifier>http://geo.abds.is/ipt/resource?r=asti_marine</alternateIdentifier>
    <title>Arctic Species Trend Index (ASTI) : Marine</title>
    <creator>
    <individualName>
<givenName>Tom</givenName>          <surName>Barry</surName>
    </individualName>
<organizationName>Conservation of Arctic Flora and Fauna (CAFF) Secretariat</organizationName><positionName>Executive Secretary</positionName>    <address>
<deliveryPoint>Borgir, Nordurslod</deliveryPoint><city>Akureyri</city><postalCode>603</postalCode><country>ICELAND</country>    </address>
<phone>+354 462 3352</phone><electronicMailAddress>tom@caff.is</electronicMailAddress><onlineUrl>http://www.caff.is</onlineUrl>    </creator>
    <metadataProvider>
    <individualName>
<givenName>Hólmgrímur</givenName>          <surName>Helgason</surName>
    </individualName>
<organizationName>Conservation of Arctic Flora and Fauna (CAFF)</organizationName><positionName>Data Manager</positionName>    <address>
<deliveryPoint>Borgir, Nordurslod</deliveryPoint><city>Akureyri</city><postalCode>603</postalCode><country>ICELAND</country>    </address>
<phone>+354 462 3357</phone><electronicMailAddress>hoddi@caff.is</electronicMailAddress><onlineUrl>http://www.caff.is</onlineUrl>    </metadataProvider>
    <associatedParty>
    <individualName>
<givenName>Louise</givenName>          <surName>McRae</surName>
    </individualName>
<organizationName>Zoological Society of London</organizationName>    <address>
<deliveryPoint>Regents Park</deliveryPoint><city>London</city><postalCode>NW1 4RY</postalCode><country>UNITED_KINGDOM</country>    </address>
<phone>+44 (0) 20 7449 6355</phone><electronicMailAddress>Louise.Mcrae@ioz.ac.uk</electronicMailAddress><onlineUrl>http://www.zsl.org/indicators</onlineUrl>    <role>AUTHOR</role>
    </associatedParty>
    <associatedParty>
    <individualName>
<givenName>Mike</givenName>          <surName>Gill</surName>
    </individualName>
<organizationName>Polar Knowledge Canada</organizationName><positionName>Lead Science Officer</positionName>    <address>
<deliveryPoint>360 Albert Street</deliveryPoint><city>Ontario</city><country>CANADA</country>    </address>
<electronicMailAddress>mike.gill@polar.gc.ca</electronicMailAddress>    <role>AUTHOR</role>
    </associatedParty>
    <associatedParty>
    <individualName>
<givenName>Michael</givenName>          <surName>Svoboda</surName>
    </individualName>
<organizationName>Environment and Climate Change Canada</organizationName>    <address>
<city>Whitehorse</city><country>CANADA</country>    </address>
<electronicMailAddress>michael.svoboda@canada.ca</electronicMailAddress>    <role>AUTHOR</role>
    </associatedParty>
    <associatedParty>
    <individualName>
<givenName>Joan</givenName>          <surName>Eamer</surName>
    </individualName>
<organizationName>Eamer Science &amp; Policy</organizationName><positionName>Director</positionName>    <address>
<city>Vancouver</city><country>CANADA</country>    </address>
<electronicMailAddress>joaneamer@gmail.com</electronicMailAddress>    <role>AUTHOR</role>
    </associatedParty>
    <associatedParty>
    <individualName>
<givenName>Tom</givenName>          <surName>Barry</surName>
    </individualName>
<organizationName>CAFF Secretariat</organizationName><positionName>Executive Secretary</positionName>    <address>
<city>Akureyri</city><country>ICELAND</country>    </address>
<electronicMailAddress>tom@caff.is</electronicMailAddress><onlineUrl>http://www.caff.is</onlineUrl>    <role>CUSTODIAN_STEWARD</role>
    </associatedParty>
      <pubDate>
      2019-08-26
      </pubDate>
    <language>ENGLISH</language>
    <abstract>
        <para>The Circumpolar Biodiversity Monitoring Program, a cornerstone programme of the Conservation of Arctic Flora and Fauna (CAFF), Arctic Council working Group is an international network of scientists, government agencies, Indigenous organizations and conservation groups working together to harmonize and integrate efforts to monitor the Arctic&amp;#39;s living resources.CBMP experts are developing four coordinated and integrated Arctic Biodiversity Monitoring Plans to help guide circumpolar monitoring efforts. Results will be channeled into effective conservation, mitigation and adaptation policies supporting the Arctic. These plans represent the Arctic&amp;#39;s major ecosystems(Marine, Freshwater, Coastal, Terrestrial). 

It is important that monitoring programs develop the most effective reporting strategies if they are to inform decision making. To facilitate effective and consistent reporting, the CBMP has chosen a suite of indices and indicators that provide a comprehensive picture of the state of Arctic biodiversity – from species to habitats to ecosystem processes to ecological services. These indices and indicators are developed in a hierarchical manner, allowing users to drill down into the data from the higher-order indices to more detailed indicators. These are being developed through an expert consultation process.

The Arctic Species Trend Index (ASTI) is part of this suite of indicators and indices developed by CAFFs CBMP. It tracks trends in over 300 Arctic vertebrate species and comprises the Arctic component of the Living Planet Index. It is important to identify how wildlife and ecosystems are changing in order to develop effective conservation and adaptation strategies in the Arctic, an environment undergoing dramatic changes. The ASTI describes overall trends across species, taxonomy, ecosystems, regions and other categories.</para>
    </abstract>
        <keywordSet>
              <keyword>CAFF</keyword>
              <keyword>Marine</keyword>
              <keyword>abundance</keyword>
              <keyword>Arctic Species Trend Index</keyword>
              <keyword>ASTI</keyword>
              <keyword>Arctic</keyword>
              <keyword>Arctic biodiversity</keyword>
              <keyword>Occurrence</keyword>
              <keyword>CBMP</keyword>
              <keyword>trends</keyword>
              <keyword>vertebrates</keyword>
              <keywordThesaurus>GBIF Dataset Type Vocabulary: http://rs.gbif.org/vocabulary/gbif/dataset_type.xml</keywordThesaurus>
        </keywordSet>
        <keywordSet>
              <keyword>CAFF</keyword>
              <keyword>Marine</keyword>
              <keyword>abundance</keyword>
              <keyword>Observation</keyword>
              <keyword>Arctic Species Trend Index</keyword>
              <keyword>ASTI</keyword>
              <keyword>Arctic</keyword>
              <keyword>Arctic biodiversity</keyword>
              <keyword>CBMP</keyword>
              <keyword>trends</keyword>
              <keyword>vertebrates</keyword>
              <keywordThesaurus>GBIF Dataset Subtype Vocabulary: http://rs.gbif.org/vocabulary/gbif/dataset_subtype.xml</keywordThesaurus>
        </keywordSet>
      <additionalInfo>
          <para>marine, harvested by iOBIS</para>
      </additionalInfo>
      <intellectualRights>
        <para>This work is licensed under a <ulink url="http://creativecommons.org/licenses/by/4.0/legalcode"><citetitle>Creative Commons Attribution (CC-BY) 4.0 License</citetitle></ulink>.</para>
      </intellectualRights>
      <distribution scope="document">
          <online>
              <url function="information">http://asti.is</url>
          </online>
      </distribution>
      <coverage>
            <geographicCoverage>
                  <geographicDescription>Arctic for all species included. For Arctic Migratory birds a broader global range</geographicDescription>
                  <boundingCoordinates>
                      <westBoundingCoordinate>-180</westBoundingCoordinate>
                      <eastBoundingCoordinate>180</eastBoundingCoordinate>
                      <northBoundingCoordinate>90</northBoundingCoordinate>
                      <southBoundingCoordinate>45</southBoundingCoordinate>
                  </boundingCoordinates>
            </geographicCoverage>
      </coverage>
      <purpose>
          <para>The Arctic Species Trend Index (ASTI) is part of a suite of indicators and indices developed by the Circumpolar Biodiversity Monitoring Program (CBMP). The CBMP is the cornerstone programme of the Conservation of Arctic Flora and Fauna (CAFF), Arctic Council working Group . It tracks trends in over 300 Arctic vertebrate species and comprises the Arctic component of the Living Planet Index. It is important to identify how wildlife and ecosystems are changing in order to develop effective conservation and adaptation strategies in the Arctic, an environment undergoing dramatic changes. The ASTI describes overall trends across species, taxonomy, ecosystems, regions and other categories.</para>
      </purpose>
      <maintenance>
          <description>
              <para></para>
          </description>
          <maintenanceUpdateFrequency>irregular</maintenanceUpdateFrequency>
      </maintenance>
      <contact>
    <individualName>
<givenName>Tom</givenName>          <surName>Barry</surName>
    </individualName>
<organizationName>Conservation of Arctic Flora and Fauna (CAFF) Secretariat</organizationName><positionName>Executive Secretary</positionName>    <address>
<deliveryPoint>Borgir, Nordurslod</deliveryPoint><city>Akureyri</city><postalCode>603</postalCode><country>ICELAND</country>    </address>
<phone>+354 462 3352</phone><electronicMailAddress>tom@caff.is</electronicMailAddress><onlineUrl>http://www.caff.is</onlineUrl>      </contact>
      <methods>
            <methodStep>
                <description>
                    <para></para>
                </description>
            </methodStep>
      </methods>

</dataset>

<additionalMetadata>
    <metadata>
      <gbif>
        <dateStamp>2020-10-08T10:00:30Z</dateStamp>
      <citation>Barry T, Helgason H (2019). Arctic Species Trend Index (ASTI) : Marine. Version 1.4. Conservation of Arctic Flora and Fauna. Occurrence dataset https://doi.org/10.15468/il2vr5 accessed via GBIF.org on 2020-10-08.</citation>
              <resourceLogoUrl>http://geo.abds.is/ipt/logo.do?r=asti_marine</resourceLogoUrl>
        </gbif>
    </metadata>
</additionalMetadata>

</eml:eml>
