<?xml version="1.0" encoding="utf-8"?>
<eml:eml xmlns:eml="eml://ecoinformatics.org/eml-2.1.1" xmlns:xsi="http://www.w3.org/2001/XMLSchema-instance"
         xsi:schemaLocation="eml://ecoinformatics.org/eml-2.1.1 http://rs.gbif.org/schema/eml-gbif-profile/1.1/eml.xsd"
        packageId="10.15468/dl.7vfgkh"  system="http://gbif.org" scope="system"
  xml:lang="en">

<dataset>
        <alternateIdentifier>0081708-200613084148143</alternateIdentifier>
    <title>GBIF Occurrence Download 10.15468/dl.7vfgkh</title>
    <creator>
    <individualName>
          <surName>GBIF Download Service</surName>
    </individualName>
<electronicMailAddress>support@gbif.org</electronicMailAddress>    </creator>
    <metadataProvider>
    <individualName>
          <surName>GBIF Download Service</surName>
    </individualName>
<electronicMailAddress>support@gbif.org</electronicMailAddress>    </metadataProvider>
      <pubDate>
      2020-10-13
      </pubDate>
    <language>ENGLISH</language>
    <abstract>
        <para>A dataset containing all occurrences available in GBIF matching the query:
{
  &quot;and&quot; : [
    &quot;TaxonKey is Prognichthys sealei Abe, 1955&quot;,
    &quot;HasCoordinate is true&quot;,
    &quot;HasGeospatialIssue is false&quot;
  ]
}
The dataset includes records from the following constituent datasets. The full metadata for each constituent is also included in this archive:
1 records from NMNH Extant Specimen Records
1 records from Colección de referencia de otolitos, Instituto de Ciencias del Mar-CSIC
1 records from Coleccion de Ictiología del Instituto de Ciencias Naturales (ICN-MHN-Ic)
1 records from Occurrence records of southern African aquatic biodiversity
1 records from FBIP: IZIKO Marine Bony Fish (1884-2013)
1 records from Asia-Pacific Dataset
1 records from National Museum of Marine Biology and Aquarium
1 records from Museum of Comparative Zoology, Harvard University
3 records from CAS Ichthyology (ICH)
4 records from Fish specimens of Kagoshima University Museum
8 records from LACM Vertebrate Collection
14 records from Ichthyology Collection - Royal Ontario Museum
99 records from SIO Marine Vertebrate Collection
</para>
    </abstract>
      <contact>
    <individualName>
          <surName>GBIF Download Service</surName>
    </individualName>
<electronicMailAddress>support@gbif.org</electronicMailAddress>      </contact>

</dataset>

<additionalMetadata>
    <metadata>
      <gbif>
        <dateStamp>2020-10-13T10:47:41Z</dateStamp>
      <citation identifier="10.15468/dl.7vfgkh">GBIF Occurrence Download 10.15468/dl.7vfgkh</citation>
              <physical>
                  <objectName>Darwin Core Archive</objectName>
                  <characterEncoding>UTF-8</characterEncoding>
                  <dataFormat>
                      <externallyDefinedFormat>
                          <formatName>Darwin Core Archive</formatName>
                      </externallyDefinedFormat>
                  </dataFormat>
                  <distribution>
                      <online>
                          <url function="download">http://api.gbif.org/v1/occurrence/download/request/0081708-200613084148143.zip</url>
                      </online>
                  </distribution>
              </physical>
        </gbif>
    </metadata>
</additionalMetadata>

</eml:eml>
