<?xml version="1.0" encoding="utf-8"?>
<eml:eml xmlns:eml="eml://ecoinformatics.org/eml-2.1.1" xmlns:xsi="http://www.w3.org/2001/XMLSchema-instance"
         xsi:schemaLocation="eml://ecoinformatics.org/eml-2.1.1 http://rs.gbif.org/schema/eml-gbif-profile/1.1/eml.xsd"
        packageId="10.15468/dl.gavpjz"  system="http://gbif.org" scope="system"
  xml:lang="en">

<dataset>
        <alternateIdentifier>0068302-200613084148143</alternateIdentifier>
    <title>GBIF Occurrence Download 10.15468/dl.gavpjz</title>
    <creator>
    <individualName>
          <surName>GBIF Download Service</surName>
    </individualName>
<electronicMailAddress>support@gbif.org</electronicMailAddress>    </creator>
    <metadataProvider>
    <individualName>
          <surName>GBIF Download Service</surName>
    </individualName>
<electronicMailAddress>support@gbif.org</electronicMailAddress>    </metadataProvider>
      <pubDate>
      2020-09-24
      </pubDate>
    <language>ENGLISH</language>
    <abstract>
        <para>A dataset containing all occurrences available in GBIF matching the query:
{
  &quot;and&quot; : [ &quot;TaxonKey is Neoepinnula americana (Grey, 1953)&quot;, &quot;HasCoordinate is true&quot;, &quot;HasGeospatialIssue is false&quot; ]
}
The dataset includes records from the following constituent datasets. The full metadata for each constituent is also included in this archive:
1 records from AUM Fish Collection
1 records from International Barcode of Life project (iBOL)
1 records from CAS Ichthyology (ICH)
1 records from Fortalecimiento de las colecciones de ECOSUR. Primera fase (Ictioplancton Chetumal)
2 records from CNPE/Coleccion Nacional de Peces
2 records from KUBI Ichthyology Tissue Collection
2 records from Computarización de la Colección Nacional de Peces del Instituto de Biología UNAM
3 records from UAIC Ichthyological Collection
5 records from Field Museum of Natural History (Zoology) Fish Collection
7 records from UF FLMNH Ichthyology
9 records from Museum of Comparative Zoology, Harvard University
12 records from Biodiversity Research and Teaching Collections - TCWC Vertebrates
17 records from NMNH Extant Specimen Records
</para>
    </abstract>
      <contact>
    <individualName>
          <surName>GBIF Download Service</surName>
    </individualName>
<electronicMailAddress>support@gbif.org</electronicMailAddress>      </contact>

</dataset>

<additionalMetadata>
    <metadata>
      <gbif>
        <dateStamp>2020-09-24T11:51:54Z</dateStamp>
      <citation identifier="10.15468/dl.gavpjz">GBIF Occurrence Download 10.15468/dl.gavpjz</citation>
              <physical>
                  <objectName>Darwin Core Archive</objectName>
                  <characterEncoding>UTF-8</characterEncoding>
                  <dataFormat>
                      <externallyDefinedFormat>
                          <formatName>Darwin Core Archive</formatName>
                      </externallyDefinedFormat>
                  </dataFormat>
                  <distribution>
                      <online>
                          <url function="download">http://api.gbif.org/v1/occurrence/download/request/0068302-200613084148143.zip</url>
                      </online>
                  </distribution>
              </physical>
        </gbif>
    </metadata>
</additionalMetadata>

</eml:eml>
