<?xml version="1.0" encoding="utf-8"?>
<eml:eml xmlns:eml="eml://ecoinformatics.org/eml-2.1.1" xmlns:xsi="http://www.w3.org/2001/XMLSchema-instance"
         xsi:schemaLocation="eml://ecoinformatics.org/eml-2.1.1 http://rs.gbif.org/schema/eml-gbif-profile/1.1/eml.xsd"
        packageId="10.15468/dl.zk4jf6"  system="http://gbif.org" scope="system"
  xml:lang="en">

<dataset>
        <alternateIdentifier>0081530-200613084148143</alternateIdentifier>
    <title>GBIF Occurrence Download 10.15468/dl.zk4jf6</title>
    <creator>
    <individualName>
          <surName>GBIF Download Service</surName>
    </individualName>
<electronicMailAddress>support@gbif.org</electronicMailAddress>    </creator>
    <metadataProvider>
    <individualName>
          <surName>GBIF Download Service</surName>
    </individualName>
<electronicMailAddress>support@gbif.org</electronicMailAddress>    </metadataProvider>
      <pubDate>
      2020-10-13
      </pubDate>
    <language>ENGLISH</language>
    <abstract>
        <para>A dataset containing all occurrences available in GBIF matching the query:
{
  &quot;and&quot; : [
    &quot;TaxonKey is Salilota australis (Günther, 1878)&quot;,
    &quot;HasCoordinate is true&quot;,
    &quot;HasGeospatialIssue is false&quot;
  ]
}
The dataset includes records from the following constituent datasets. The full metadata for each constituent is also included in this archive:
1 records from Geographically tagged INSDC sequences
1 records from Reef Life Survey: Global reef fish dataset
1 records from University of Michigan Museum of Zoology, Division of Fishes
2 records from Fish collection of National Museum of Nature and Science
2 records from CAS Ichthyology (ICH)
4 records from Biological Reference Collections ICM-CSIC
4 records from Colección Ictiológica del CENPAT-CONICET
4 records from Natural History Museum (London) Collection Specimens
5 records from NMNH Extant Specimen Records
5 records from Colección de peces marinos del mar argentino y aguas adyacentes del INIDEP
5 records from The fishes collection (IC) of the Muséum national d&apos;Histoire naturelle (MNHN - Paris)
5 records from LACM Vertebrate Collection
6 records from International Barcode of Life project (iBOL)
9 records from Colección de referencia de otolitos, Instituto de Ciencias del Mar-CSIC
9 records from Fishbase
16 records from Biological observations from the Discovery Investigations 1925-1952
28 records from Demersal and pelagic species of fish and squid from the Patagonian shelf
200 records from Fishes in the Argentine Sea from 1967 to the present time
735 records from Programa de Observadores a Bordo (POBCh) de la Secretaria de Pesca de la Provincia del Chubut, Argentina . Observer On board Program -Fisheries Secretariat of the Province of Chubut-Argentina (OOBPPCh)
</para>
    </abstract>
      <contact>
    <individualName>
          <surName>GBIF Download Service</surName>
    </individualName>
<electronicMailAddress>support@gbif.org</electronicMailAddress>      </contact>

</dataset>

<additionalMetadata>
    <metadata>
      <gbif>
        <dateStamp>2020-10-13T07:46:20Z</dateStamp>
      <citation identifier="10.15468/dl.zk4jf6">GBIF Occurrence Download 10.15468/dl.zk4jf6</citation>
              <physical>
                  <objectName>Darwin Core Archive</objectName>
                  <characterEncoding>UTF-8</characterEncoding>
                  <dataFormat>
                      <externallyDefinedFormat>
                          <formatName>Darwin Core Archive</formatName>
                      </externallyDefinedFormat>
                  </dataFormat>
                  <distribution>
                      <online>
                          <url function="download">http://api.gbif.org/v1/occurrence/download/request/0081530-200613084148143.zip</url>
                      </online>
                  </distribution>
              </physical>
        </gbif>
    </metadata>
</additionalMetadata>

</eml:eml>
