<?xml version="1.0" encoding="utf-8"?>
<eml:eml xmlns:eml="eml://ecoinformatics.org/eml-2.1.1" xmlns:xsi="http://www.w3.org/2001/XMLSchema-instance"
         xsi:schemaLocation="eml://ecoinformatics.org/eml-2.1.1 http://rs.gbif.org/schema/eml-gbif-profile/1.1/eml.xsd"
        packageId="10.15468/dl.xbnucq"  system="http://gbif.org" scope="system"
  xml:lang="en">

<dataset>
        <alternateIdentifier>0068215-200613084148143</alternateIdentifier>
    <title>GBIF Occurrence Download 10.15468/dl.xbnucq</title>
    <creator>
    <individualName>
          <surName>GBIF Download Service</surName>
    </individualName>
<electronicMailAddress>support@gbif.org</electronicMailAddress>    </creator>
    <metadataProvider>
    <individualName>
          <surName>GBIF Download Service</surName>
    </individualName>
<electronicMailAddress>support@gbif.org</electronicMailAddress>    </metadataProvider>
      <pubDate>
      2020-09-24
      </pubDate>
    <language>ENGLISH</language>
    <abstract>
        <para>A dataset containing all occurrences available in GBIF matching the query:
{
  &quot;and&quot; : [ &quot;TaxonKey is Centrolophus niger Lacépède, 1802&quot;, &quot;HasCoordinate is true&quot;, &quot;HasGeospatialIssue is false&quot; ]
}
The dataset includes records from the following constituent datasets. The full metadata for each constituent is also included in this archive:
1 records from NMNH Extant Specimen Records
1 records from Parc_National_des_Calanques_2017_12_18
1 records from Natural History Museum Rotterdam - Specimens
1 records from NORFANZ Biological Survey, Tasman Sea, Australia - New Zealand 2003
1 records from COLETA - IMAR/DOP-Uac reference collection from 1977 to 2012
1 records from Colección de peces marinos del mar argentino y aguas adyacentes del INIDEP
1 records from NBIS Records to December 2016
1 records from Données naturalistes de Pierre NOEL (stage)
1 records from Biodiversity4all Research-Grade Observations
1 records from Demersais survey in the Azores between 1996 and 2013
1 records from Lund Museum of Zoology (MZLU)
1 records from Colección Ictiológica del CENPAT-CONICET
1 records from Données naturalistes de Pierre NOEL (pnoel)
2 records from Queensland Museum provider for OZCAM
2 records from NHMO DNA Bank Fish and Herptile collection
2 records from British Antarctic (Terra Nova) Expedition, 1910-1913
2 records from Museums Victoria provider for OZCAM
2 records from CSIRO, Soviet Fishery Data, Australia, 1965-1978
2 records from Western Australian Museum provider for OZCAM
3 records from Fish collection of National Museum of Nature and Science
3 records from Canadian Museum of Nature Fish Collection
3 records from Ichthyology Collection - Royal Ontario Museum
4 records from Colección de referencia de otolitos, Instituto de Ciencias del Mar-CSIC
4 records from Données BioObs - Base pour l’Inventaire des Observations Subaquatiques de la FFESSM
5 records from Geographically tagged INSDC sequences
5 records from Données naturalistes de Jean-Jacques RIUTORT
5 records from Norwegian Species Observation Service
5 records from iNaturalist Research-grade Observations
5 records from Museu de Ciències Naturals de Barcelona: MCNB-Cord
6 records from CSIRO, Abundance and distribution of orange roughy in southeast Australian waters 1987-1979
6 records from Biological Reference Collections ICM-CSIC
8 records from Occurrence records of southern African aquatic biodiversity
8 records from Museum of Comparative Zoology, Harvard University
9 records from Natural History Museum (London) Collection Specimens
10 records from Fishbase
11 records from FBIP: IZIKO Marine Bony Fish (1884-2013)
13 records from Fish collection NTNU University Museum
13 records from Naturalis Biodiversity Center (NL) - Pisces
14 records from CSIRO Ichthyology provider for OZCAM
16 records from The fishes collection (IC) of the Muséum national d&apos;Histoire naturelle (MNHN - Paris)
18 records from Australian Museum provider for OZCAM
30 records from Soviet Trawl Fishery Data (New Zealand Waters) 1964-1987
38 records from Rare marine fishes taken in Irish waters from 1786 to 2008
41 records from Banco de Datos de la Biodiversidad de la Comunitat Valenciana
67 records from Marine Commercial Fish Survey (FV Kapala, FV Trader Horn, FV Shelley, FV Kirrawa, FV May Bell) in the East and South East Australian Region from 1975 to 2008
187 records from Catch data from New Zealand research trawls since 2008
267 records from Observations de poissons marins du Fish Watch Forum
1010 records from New Zealand fish and squid distributions from research bottom trawls 1964-2008
1469 records from Bureau of Rural Sciences, Commercial Fisheries Presence, Australia, 2000-2002
</para>
    </abstract>
      <contact>
    <individualName>
          <surName>GBIF Download Service</surName>
    </individualName>
<electronicMailAddress>support@gbif.org</electronicMailAddress>      </contact>

</dataset>

<additionalMetadata>
    <metadata>
      <gbif>
        <dateStamp>2020-09-24T10:12:06Z</dateStamp>
      <citation identifier="10.15468/dl.xbnucq">GBIF Occurrence Download 10.15468/dl.xbnucq</citation>
              <physical>
                  <objectName>Darwin Core Archive</objectName>
                  <characterEncoding>UTF-8</characterEncoding>
                  <dataFormat>
                      <externallyDefinedFormat>
                          <formatName>Darwin Core Archive</formatName>
                      </externallyDefinedFormat>
                  </dataFormat>
                  <distribution>
                      <online>
                          <url function="download">http://api.gbif.org/v1/occurrence/download/request/0068215-200613084148143.zip</url>
                      </online>
                  </distribution>
              </physical>
        </gbif>
    </metadata>
</additionalMetadata>

</eml:eml>
