<?xml version="1.0" encoding="utf-8"?>
<eml:eml xmlns:eml="eml://ecoinformatics.org/eml-2.1.1" xmlns:xsi="http://www.w3.org/2001/XMLSchema-instance"
         xsi:schemaLocation="eml://ecoinformatics.org/eml-2.1.1 http://rs.gbif.org/schema/eml-gbif-profile/1.1/eml.xsd"
        packageId="c60d0b4f-4e51-4a5a-95dc-babc74ba3db0"  system="http://gbif.org" scope="system"
  xml:lang="en">

<dataset>
      <alternateIdentifier>10.15468/qqu2dp</alternateIdentifier>
        <alternateIdentifier>https://data.aad.gov.au/ipt/resource?r=pelagic_fish</alternateIdentifier>
        <alternateIdentifier>https://collections.ala.org.au/public/show/dr129</alternateIdentifier>
        <alternateIdentifier>5d6182b2-1bf6-31e1-8120-20de3464d1bf</alternateIdentifier>
        <alternateIdentifier>http://collections.ala.org.au/public/show/dr129</alternateIdentifier>
        <alternateIdentifier>c60d0b4f-4e51-4a5a-95dc-babc74ba3db0</alternateIdentifier>
        <alternateIdentifier>181d0128-04a2-379e-bc35-903bf249f884</alternateIdentifier>
        <alternateIdentifier>052d8c83-facf-3f9b-a1d7-58d4574a9e96</alternateIdentifier>
    <title>Pelagic Fish Observations 1968-1999</title>
    <creator>
<organizationName>Australian Antarctic Data Centre</organizationName><onlineUrl>https://data.aad.gov.au/ipt/</onlineUrl>    </creator>
    <metadataProvider>
<organizationName>Australian Antarctic Data Centre</organizationName><onlineUrl>https://data.aad.gov.au/ipt/</onlineUrl>    </metadataProvider>
    <associatedParty>
<organizationName>Atlas of Living Australia</organizationName>    <address>
<deliveryPoint>CSIRO Ecosystems Services</deliveryPoint><city>Canberra</city><administrativeArea>ACT</administrativeArea><postalCode>2601</postalCode><country>AUSTRALIA</country>    </address>
<electronicMailAddress>info@ala.org.au</electronicMailAddress>    <role>DISTRIBUTOR</role>
    </associatedParty>
      <pubDate>
      2019-09-26
      </pubDate>
    <language>ENGLISH</language>
    <abstract>
        <para>This dataset contains data from ten voyages (Prydz Bay, Heard and Macquarie Islands) and four stations (Mawson, Davis, Casey and Macqaurie) from 1968 to 1999. Contains depth caught, sex, lengths, weights and gonad stage. changes.</para>
    </abstract>
      <intellectualRights>
        <para>This work is licensed under a <ulink url="http://creativecommons.org/licenses/by/4.0/legalcode"><citetitle>Creative Commons Attribution (CC-BY) 4.0 License</citetitle></ulink>.</para>
      </intellectualRights>
      <distribution scope="document">
          <online>
              <url function="information">https://collections.ala.org.au/public/show/dr129</url>
          </online>
      </distribution>
      <contact>
    <individualName>
<givenName>Dave</givenName>          <surName>Connell</surName>
    </individualName>
<positionName>Data Manager</positionName><electronicMailAddress>Dave.Connell@aad.gov.au</electronicMailAddress>      </contact>
      <methods>
      </methods>

</dataset>

<additionalMetadata>
    <metadata>
      <gbif>
        <dateStamp>2020-09-24T11:28:20Z</dateStamp>
      <citation>Australian Antarctic Data Centre (2019). Pelagic Fish Observations 1968-1999. Occurrence dataset https://doi.org/10.15468/qqu2dp accessed via GBIF.org on 2020-09-24.</citation>
        </gbif>
    </metadata>
</additionalMetadata>

</eml:eml>
