<?xml version="1.0" encoding="utf-8"?>
<eml:eml xmlns:eml="eml://ecoinformatics.org/eml-2.1.1" xmlns:xsi="http://www.w3.org/2001/XMLSchema-instance"
         xsi:schemaLocation="eml://ecoinformatics.org/eml-2.1.1 http://rs.gbif.org/schema/eml-gbif-profile/1.1/eml.xsd"
        packageId="5d637678-cb64-4863-a12b-78b4e1a56628"  system="http://gbif.org" scope="system"
  xml:lang="en">

<dataset>
      <alternateIdentifier>10.15468/92ylpd</alternateIdentifier>
        <alternateIdentifier>http://data.inbo.be/ipt/resource?r=visdoorgangen-occurrences</alternateIdentifier>
        <alternateIdentifier>http://data.inbo.be/ipt/resource.do?r=visdoorgangen-occurrences</alternateIdentifier>
        <alternateIdentifier>5d637678-cb64-4863-a12b-78b4e1a56628</alternateIdentifier>
        <alternateIdentifier>14492</alternateIdentifier>
    <title>Visdoorgangen - Fish passage places in Flanders, Belgium</title>
    <creator>
    <individualName>
<givenName>David</givenName>          <surName>Buysse</surName>
    </individualName>
<organizationName>Research Institute for Nature and Forest (INBO)</organizationName><positionName>Researcher</positionName>    <address>
<deliveryPoint>Kliniekstraat 25</deliveryPoint><city>Brussels</city><administrativeArea>Brussels Capital Region</administrativeArea><postalCode>1070</postalCode><country>BELGIUM</country>    </address>
<electronicMailAddress>david.buysse@inbo.be</electronicMailAddress>    </creator>
    <metadataProvider>
    <individualName>
<givenName>David</givenName>          <surName>Buysse</surName>
    </individualName>
<organizationName>Research Institute for Nature and Forest (INBO)</organizationName><positionName>Researcher</positionName>    <address>
<deliveryPoint>Kliniekstraat 25</deliveryPoint><city>Brussels</city><administrativeArea>Brussels Capital Region</administrativeArea><postalCode>1070</postalCode><country>BELGIUM</country>    </address>
<electronicMailAddress>david.buysse@inbo.be</electronicMailAddress>    </metadataProvider>
    <associatedParty>
    <individualName>
<givenName>David</givenName>          <surName>Buysse</surName>
    </individualName>
<organizationName>Research Institute for Nature and Forest (INBO)</organizationName><positionName>Researcher</positionName>    <address>
<deliveryPoint>Kliniekstraat 25</deliveryPoint><city>Brussels</city><administrativeArea>Brussels Capital Region</administrativeArea><postalCode>1070</postalCode><country>BELGIUM</country>    </address>
<electronicMailAddress>david.buysse@inbo.be</electronicMailAddress>    <role>POINT_OF_CONTACT</role>
    </associatedParty>
    <associatedParty>
    <individualName>
<givenName>Dimitri</givenName>          <surName>Brosens</surName>
    </individualName>
<organizationName>Research Institute for Nature and Forest (INBO)</organizationName><positionName>Data liaison officer</positionName>    <address>
<deliveryPoint>Kliniekstraat 25</deliveryPoint><city>Brussels</city><administrativeArea>Brussels Capital Region</administrativeArea><postalCode>1070</postalCode><country>BELGIUM</country>    </address>
<electronicMailAddress>dimitri.brosens@inbo.be</electronicMailAddress><onlineUrl>http://www.biodiversity.be</onlineUrl>    <role>PROCESSOR</role>
    </associatedParty>
    <associatedParty>
    <individualName>
<givenName>Peter</givenName>          <surName>Desmet</surName>
    </individualName>
<organizationName>Research Institute for Nature and Forest (INBO)</organizationName><positionName>LifeWatch team coordinator</positionName>    <address>
<deliveryPoint>Kliniekstraat 25</deliveryPoint><city>Brussels</city><administrativeArea>Brussels Capital Region</administrativeArea><postalCode>1070</postalCode><country>BELGIUM</country>    </address>
<electronicMailAddress>peter.desmet@inbo.be</electronicMailAddress><onlineUrl>http://lifewatch.inbo.be</onlineUrl>    <role>PROCESSOR</role>
    </associatedParty>
      <pubDate>
      2015-09-14
      </pubDate>
    <language>ENGLISH</language>
    <abstract>
        <para>Migration of fish in streams and rivers is prevented by various structures (mills, weirs, locks, ...). To make the migration of those fish species possible again, various projects are realized in Flanders. This dataset contains information on the functioning of the fish passages.
To allow anyone to use this dataset, we have released the data to the public domain under a Creative Commons Zero waiver (http://creativecommons.org/publicdomain/zero/1.0/). We would appreciate however, if you read and follow these norms for data use (http://www.inbo.be/en/norms-for-data-use) and provide a link to the original dataset (https://doi.org/10.15468/92ylpd) whenever possible. If you use these data for a scientific paper, please cite the dataset following the applicable citation norms and/or consider us for co-authorship. We are always interested to know how you have used or visualized the data, or to provide more information, so please contact us via the contact information provided in the metadata, opendata&amp;#64;inbo.be or https://twitter.com/LifeWatchINBO.</para>
    </abstract>
        <keywordSet>
              <keyword>fish migration</keyword>
              <keyword>fish ladders</keyword>
              <keyword>Rutilus rutilus</keyword>
              <keyword>migratory fish</keyword>
              <keyword>fishways</keyword>
              <keyword>Cyprinidae</keyword>
              <keyword>freshwater fish</keyword>
              <keywordThesaurus>n/a</keywordThesaurus>
        </keywordSet>
        <keywordSet>
              <keyword>Occurrence</keyword>
              <keywordThesaurus>GBIF Dataset Type Vocabulary: http://rs.gbif.org/vocabulary/gbif/dataset_type.xml</keywordThesaurus>
        </keywordSet>
        <keywordSet>
              <keyword>Observation</keyword>
              <keywordThesaurus>GBIF Dataset Subtype Vocabulary: http://rs.gbif.org/vocabulary/gbif/dataset_subtype.xml</keywordThesaurus>
        </keywordSet>
      <additionalInfo>
          <para>To allow anyone to use this dataset, we have released the data to the public domain under a Creative Commons Zero waiver (http://creativecommons.org/publicdomain/zero/1.0/). We would appreciate however, if you read and follow these norms for data use (http://www.inbo.be/en/norms-for-data-use) and provide a link to the original dataset  whenever possible. If you use these data for a scientific paper, please cite the dataset following the applicable citation norms and/or consider us for co-authorship.
We are always interested to know how you have used or visualized the data, or to provide more information, so please contact us via the contact information provided in the metadata, opendata@inbo.be or https://twitter.com/LifeWatchINBO.</para>
      </additionalInfo>
      <intellectualRights>
        <para>To the extent possible under law, the publisher has waived all rights to these data and has dedicated them to the <ulink url="http://creativecommons.org/publicdomain/zero/1.0/legalcode"><citetitle>Public Domain (CC0 1.0)</citetitle></ulink>. Users may copy, modify, distribute and use the work, including for commercial purposes, without restriction.</para>
      </intellectualRights>
      <coverage>
            <geographicCoverage>
                  <geographicDescription>The Flemish Region is one of the three official regions of the Kingdom of Belgium—alongside the Walloon Region and the Brussels-Capital Region. It is usually simply referred to as Flanders. It occupies the northern part of Belgium and covers an area of 13,522 km2 (44.29% of Belgium). It is one of the most densely populated regions of Europe.</geographicDescription>
                  <boundingCoordinates>
                      <westBoundingCoordinate>2.54</westBoundingCoordinate>
                      <eastBoundingCoordinate>5.92</eastBoundingCoordinate>
                      <northBoundingCoordinate>51.51</northBoundingCoordinate>
                      <southBoundingCoordinate>50.68</southBoundingCoordinate>
                  </boundingCoordinates>
            </geographicCoverage>
          <temporalCoverage>
            <rangeOfDates>
              <beginDate>
                <calendarDate>      2003
</calendarDate>
              </beginDate>
              <endDate>
                <calendarDate>      2008
</calendarDate>
              </endDate>
            </rangeOfDates>
          </temporalCoverage>
              <taxonomicCoverage>
                    <generalTaxonomicCoverage>All species in this dataset are fishes (Actinopterygii, Cephalaspidomorphi), except for the Chinese mitten crab (Eriocheir sinensis), which is an invasive arthropod. The top 3 recorded species are Gobio gobio (29%), Rutilus rutilus (26%), and Barbatula barbatula (9%).</generalTaxonomicCoverage>
                    <taxonomicClassification>
                          <taxonRankName>Class</taxonRankName>
                        <taxonRankValue>Actinopterygii</taxonRankValue>
                          <commonName>ray-finned fishes</commonName>
                    </taxonomicClassification>
                    <taxonomicClassification>
                          <taxonRankName>Species</taxonRankName>
                        <taxonRankValue>Abramis brama</taxonRankValue>
                          <commonName>common bream</commonName>
                    </taxonomicClassification>
                    <taxonomicClassification>
                          <taxonRankName>Species</taxonRankName>
                        <taxonRankValue>Alburnus alburnus</taxonRankValue>
                          <commonName>common bleak</commonName>
                    </taxonomicClassification>
                    <taxonomicClassification>
                          <taxonRankName>Species</taxonRankName>
                        <taxonRankValue>Ameiurus nebulosus</taxonRankValue>
                          <commonName>brown bullhead</commonName>
                    </taxonomicClassification>
                    <taxonomicClassification>
                          <taxonRankName>Species</taxonRankName>
                        <taxonRankValue>Anguilla anguilla</taxonRankValue>
                          <commonName>European eel</commonName>
                    </taxonomicClassification>
                    <taxonomicClassification>
                          <taxonRankName>Species</taxonRankName>
                        <taxonRankValue>Barbatula barbatula</taxonRankValue>
                          <commonName>stone loach</commonName>
                    </taxonomicClassification>
                    <taxonomicClassification>
                          <taxonRankName>Species</taxonRankName>
                        <taxonRankValue>Blicca bjoerkna</taxonRankValue>
                          <commonName>silver bream</commonName>
                    </taxonomicClassification>
                    <taxonomicClassification>
                          <taxonRankName>Species</taxonRankName>
                        <taxonRankValue>Carassius gibelio</taxonRankValue>
                          <commonName>Prussian carp</commonName>
                    </taxonomicClassification>
                    <taxonomicClassification>
                          <taxonRankName>Species</taxonRankName>
                        <taxonRankValue>Chondrostoma nasus</taxonRankValue>
                          <commonName>common nase</commonName>
                    </taxonomicClassification>
                    <taxonomicClassification>
                          <taxonRankName>Species</taxonRankName>
                        <taxonRankValue>Cottus gobio</taxonRankValue>
                          <commonName>European bullhead</commonName>
                    </taxonomicClassification>
                    <taxonomicClassification>
                          <taxonRankName>Species</taxonRankName>
                        <taxonRankValue>Cyprinus carpio</taxonRankValue>
                          <commonName>common carp</commonName>
                    </taxonomicClassification>
                    <taxonomicClassification>
                          <taxonRankName>Species</taxonRankName>
                        <taxonRankValue>Eriocheir sinensis</taxonRankValue>
                          <commonName>Chinese mitten crab</commonName>
                    </taxonomicClassification>
                    <taxonomicClassification>
                          <taxonRankName>Species</taxonRankName>
                        <taxonRankValue>Esox lucius</taxonRankValue>
                          <commonName>northern pike</commonName>
                    </taxonomicClassification>
                    <taxonomicClassification>
                          <taxonRankName>Species</taxonRankName>
                        <taxonRankValue>Gasterosteus aculeatus</taxonRankValue>
                          <commonName>three-spined stickleback</commonName>
                    </taxonomicClassification>
                    <taxonomicClassification>
                          <taxonRankName>Species</taxonRankName>
                        <taxonRankValue>Gobio gobio</taxonRankValue>
                          <commonName>gudgeon</commonName>
                    </taxonomicClassification>
                    <taxonomicClassification>
                          <taxonRankName>Species</taxonRankName>
                        <taxonRankValue>Gymnocephalus cernuus</taxonRankValue>
                          <commonName>Eurasian ruffe</commonName>
                    </taxonomicClassification>
                    <taxonomicClassification>
                          <taxonRankName>Species</taxonRankName>
                        <taxonRankValue>Ictalurus punctatus</taxonRankValue>
                          <commonName>channel catfish</commonName>
                    </taxonomicClassification>
                    <taxonomicClassification>
                          <taxonRankName>Species</taxonRankName>
                        <taxonRankValue>Lampetra fluviatilis</taxonRankValue>
                          <commonName>European river lamprey</commonName>
                    </taxonomicClassification>
                    <taxonomicClassification>
                          <taxonRankName>Species</taxonRankName>
                        <taxonRankValue>Lampetra planeri</taxonRankValue>
                          <commonName>European brook lamprey</commonName>
                    </taxonomicClassification>
                    <taxonomicClassification>
                          <taxonRankName>Species</taxonRankName>
                        <taxonRankValue>Lepomis gibbosus</taxonRankValue>
                          <commonName>pumpkinseed</commonName>
                    </taxonomicClassification>
                    <taxonomicClassification>
                          <taxonRankName>Species</taxonRankName>
                        <taxonRankValue>Leucaspius delineatus</taxonRankValue>
                          <commonName>belica</commonName>
                    </taxonomicClassification>
                    <taxonomicClassification>
                          <taxonRankName>Species</taxonRankName>
                        <taxonRankValue>Leuciscus cephalus</taxonRankValue>
                          <commonName>European chub</commonName>
                    </taxonomicClassification>
                    <taxonomicClassification>
                          <taxonRankName>Species</taxonRankName>
                        <taxonRankValue>Leuciscus idus</taxonRankValue>
                          <commonName>ide</commonName>
                    </taxonomicClassification>
                    <taxonomicClassification>
                          <taxonRankName>Species</taxonRankName>
                        <taxonRankValue>Leuciscus leuciscus</taxonRankValue>
                          <commonName>common dace</commonName>
                    </taxonomicClassification>
                    <taxonomicClassification>
                          <taxonRankName>Species</taxonRankName>
                        <taxonRankValue>Lota lota</taxonRankValue>
                          <commonName>burbot</commonName>
                    </taxonomicClassification>
                    <taxonomicClassification>
                          <taxonRankName>Species</taxonRankName>
                        <taxonRankValue>Oncorhynchus mykiss</taxonRankValue>
                          <commonName>rainbow trout</commonName>
                    </taxonomicClassification>
                    <taxonomicClassification>
                          <taxonRankName>Species</taxonRankName>
                        <taxonRankValue>Perca fluviatilis</taxonRankValue>
                          <commonName>European perch</commonName>
                    </taxonomicClassification>
                    <taxonomicClassification>
                          <taxonRankName>Species</taxonRankName>
                        <taxonRankValue>Pimephales promelas</taxonRankValue>
                          <commonName>fathead minnow</commonName>
                    </taxonomicClassification>
                    <taxonomicClassification>
                          <taxonRankName>Species</taxonRankName>
                        <taxonRankValue>Pseudorasbora parva</taxonRankValue>
                          <commonName>stone moroko</commonName>
                    </taxonomicClassification>
                    <taxonomicClassification>
                          <taxonRankName>Species</taxonRankName>
                        <taxonRankValue>Pungitius pungitius</taxonRankValue>
                          <commonName>ninespine stickleback</commonName>
                    </taxonomicClassification>
                    <taxonomicClassification>
                          <taxonRankName>Species</taxonRankName>
                        <taxonRankValue>Rhodeus amarus</taxonRankValue>
                          <commonName>European bitterling</commonName>
                    </taxonomicClassification>
                    <taxonomicClassification>
                          <taxonRankName>Species</taxonRankName>
                        <taxonRankValue>Rutilus rutilus</taxonRankValue>
                          <commonName>common roach</commonName>
                    </taxonomicClassification>
                    <taxonomicClassification>
                          <taxonRankName>Species</taxonRankName>
                        <taxonRankValue>Salmo trutta</taxonRankValue>
                          <commonName>brown trout</commonName>
                    </taxonomicClassification>
                    <taxonomicClassification>
                          <taxonRankName>Species</taxonRankName>
                        <taxonRankValue>Sander lucioperca</taxonRankValue>
                          <commonName>zander</commonName>
                    </taxonomicClassification>
                    <taxonomicClassification>
                          <taxonRankName>Species</taxonRankName>
                        <taxonRankValue>Scardinius erythrophthalmus</taxonRankValue>
                          <commonName>common rudd</commonName>
                    </taxonomicClassification>
                    <taxonomicClassification>
                          <taxonRankName>Species</taxonRankName>
                        <taxonRankValue>Silurus glanis</taxonRankValue>
                          <commonName>wels catfish</commonName>
                    </taxonomicClassification>
                    <taxonomicClassification>
                          <taxonRankName>Species</taxonRankName>
                        <taxonRankValue>Tinca tinca</taxonRankValue>
                          <commonName>tench</commonName>
                    </taxonomicClassification>
                    <taxonomicClassification>
                          <taxonRankName>Class</taxonRankName>
                        <taxonRankValue>Malacostraca</taxonRankValue>
                    </taxonomicClassification>
                    <taxonomicClassification>
                          <taxonRankName>Class</taxonRankName>
                        <taxonRankValue>Cephalaspidomorphi</taxonRankValue>
                    </taxonomicClassification>
              </taxonomicCoverage>
      </coverage>
      <contact>
    <individualName>
<givenName>David</givenName>          <surName>Buysse</surName>
    </individualName>
<organizationName>Research Institute for Nature and Forest (INBO)</organizationName><positionName>Researcher</positionName>    <address>
<deliveryPoint>Kliniekstraat 25</deliveryPoint><city>Brussels</city><administrativeArea>Brussels Capital Region</administrativeArea><postalCode>1070</postalCode><country>BELGIUM</country>    </address>
<electronicMailAddress>david.buysse@inbo.be</electronicMailAddress>      </contact>
      <methods>
            <methodStep>
                <description>
                    <para>Fyke nets were used.</para>
                </description>
            </methodStep>
            <sampling>
                <studyExtent>
                    <description>
                        <para>Evaluation of Fish passage places</para>
                    </description>
                </studyExtent>
                <samplingDescription>
                    <para>Fyke net catches</para>
                </samplingDescription>
            </sampling>
            <qualityControl>
                <description>
                    <para>All records are validated.</para>
                </description>
            </qualityControl>
      </methods>

      <project >
          <title>Evaluation of Fish passage places (Project evaluatie visdoorgangen)</title>
          <personnel>
    <individualName>
<givenName>David</givenName>          <surName>Buysse</surName>
    </individualName>
    <role>POINT_OF_CONTACT</role>
          </personnel>
          <abstract>
              <para></para>
          </abstract>
          <funding>
              <para>VMM</para>
          </funding>
            <studyAreaDescription>
                <descriptor name="generic" citableClassificationSystem="false">
                    <descriptorValue>Fish passages places in Flanders</descriptorValue>
                </descriptor>
            </studyAreaDescription>
      </project>
</dataset>

<additionalMetadata>
    <metadata>
      <gbif>
        <dateStamp>2020-10-08T15:35:07Z</dateStamp>
      <citation>Buysse D (2015). Visdoorgangen - Fish passage places in Flanders, Belgium. Version 15.2. Research Institute for Nature and Forest (INBO). Occurrence dataset https://doi.org/10.15468/92ylpd accessed via GBIF.org on 2020-10-08.</citation>
              <bibliography>
      <citation>Buysse, D. et al. (2007). Evaluatie van de visnevengeul langs de Ter Biestmolen in de Zwalm in Nederzwalm. Rapporten van het Instituut voor Natuur- en Bosonderzoek, 2007(49). Instituut voor Natuur- en Bosonderzoek: Brussel. 37 pp.</citation>
      <citation>Buysse, D. et al. (2009). Evaluatie van de V-vormige bekkenvistrap aan de Voorste Luysmolen in de Abeek in Bocholt. Rapporten van het Instituut voor Natuur- en Bosonderzoek, 2009(33). INBO: Brussel. 82 pp.</citation>
      <citation>Buysse, D. et al. (2006). Evaluatie van de V-vormige bekkenvistrap in de Kleine Nete in Herentals. Rapporten van het Instituut voor Natuur- en Bosonderzoek, 2006.21. Instituut voor Natuur- en Bosonderzoek: Brussel. 17 pp.</citation>
      <citation>Baeyens, R. et al. (2006). Evaluatie van de V-vormige bekkenvistrap in de Mark in Meersel-Dreef. Rapporten van het Instituut voor Natuur- en Bosonderzoek, 2006(30). Instituut voor Natuur- en Bosonderzoek: Brussel : Belgium. 31 pp.</citation>
      <citation>Buysse, D. et al. (2006). Evaluatie van drie vistrappen in de Grote Gete in Tienen. Rapporten van het Instituut voor Natuur- en Bosonderzoek, 2006(18). Instituut voor Natuur- en Bosonderzoek: Brussel : Belgium. 28 pp.</citation>
      <citation>Buysse, D. et al. (2008). Evaluatie van vismigratie vanuit de Grensmaas naar de Bosbeek. Rapporten van het Instituut voor Natuur- en Bosonderzoek, 2008(31). Instituut voor Natuur- en Bosonderzoek: Brussel : Belgium. 75 pp.</citation>
      <citation>Coeck, J.; Buysse, D. (2007). Evaluatieonderzoek naar de werking van visdoorgangen in Vlaanderen Water: Tijdschrift over Integraal Waterbeleid 30</citation>
      <citation>Buysse, D. et al. (2006). Visdoorgangen in Vlaanderen : voldoen ze aan de eisen van onze zoetwatervissen? Natuur.focus 5(4): 118-123</citation>
      <citation>Buysse, D.; Coeck, J.; Tack, G. (2008). Vissen in de Zwalm : vroeger en nu Limoniet : natuurstudietijdschrift van de Natuurpunt regio Vlaamse Ardennen plus 1(2): 41-49</citation>
              </bibliography>
              <resourceLogoUrl>http://data.inbo.be/ipt/logo.do?r=visdoorgangen-occurrences</resourceLogoUrl>
        </gbif>
    </metadata>
</additionalMetadata>

</eml:eml>
