<?xml version="1.0" encoding="utf-8"?>
<eml:eml xmlns:eml="eml://ecoinformatics.org/eml-2.1.1" xmlns:xsi="http://www.w3.org/2001/XMLSchema-instance"
         xsi:schemaLocation="eml://ecoinformatics.org/eml-2.1.1 http://rs.gbif.org/schema/eml-gbif-profile/1.1/eml.xsd"
        packageId="10.15468/dl.xdadya"  system="http://gbif.org" scope="system"
  xml:lang="en">

<dataset>
        <alternateIdentifier>0078256-200613084148143</alternateIdentifier>
    <title>GBIF Occurrence Download 10.15468/dl.xdadya</title>
    <creator>
    <individualName>
          <surName>GBIF Download Service</surName>
    </individualName>
<electronicMailAddress>support@gbif.org</electronicMailAddress>    </creator>
    <metadataProvider>
    <individualName>
          <surName>GBIF Download Service</surName>
    </individualName>
<electronicMailAddress>support@gbif.org</electronicMailAddress>    </metadataProvider>
      <pubDate>
      2020-10-08
      </pubDate>
    <language>ENGLISH</language>
    <abstract>
        <para>A dataset containing all occurrences available in GBIF matching the query:
{
  &quot;and&quot; : [
    &quot;TaxonKey is Coryphaenoides dossenus McMillan, 1999&quot;,
    &quot;HasCoordinate is true&quot;,
    &quot;HasGeospatialIssue is false&quot;
  ]
}
The dataset includes records from the following constituent datasets. The full metadata for each constituent is also included in this archive:
1 records from The fishes collection (IC) of the Muséum national d&apos;Histoire naturelle (MNHN - Paris)
1 records from International Barcode of Life project (iBOL)
1 records from Natural History Museum (London) Collection Specimens
2 records from CSIRO, Cruise SS199101, Marine Biology Data, Western Australia, 1991
3 records from Fishbase
5 records from Fish collection of National Museum of Nature and Science
5 records from NORFANZ Biological Survey, Tasman Sea, Australia - New Zealand 2003
5 records from Occurrence records of southern African aquatic biodiversity
6 records from CAS Ichthyology (ICH)
8 records from FBIP: IZIKO Marine Bony Fish (1884-2013)
9 records from Museums Victoria provider for OZCAM
36 records from CSIRO Ichthyology provider for OZCAM
39 records from Australian Museum provider for OZCAM
141 records from Marine Commercial Fish Survey (FV Kapala, FV Trader Horn, FV Shelley, FV Kirrawa, FV May Bell) in the East and South East Australian Region from 1975 to 2008
228 records from Catch data from New Zealand research trawls since 2008
1311 records from New Zealand fish and squid distributions from research bottom trawls 1964-2008
</para>
    </abstract>
      <contact>
    <individualName>
          <surName>GBIF Download Service</surName>
    </individualName>
<electronicMailAddress>support@gbif.org</electronicMailAddress>      </contact>

</dataset>

<additionalMetadata>
    <metadata>
      <gbif>
        <dateStamp>2020-10-08T11:35:14Z</dateStamp>
      <citation identifier="10.15468/dl.xdadya">GBIF Occurrence Download 10.15468/dl.xdadya</citation>
              <physical>
                  <objectName>Darwin Core Archive</objectName>
                  <characterEncoding>UTF-8</characterEncoding>
                  <dataFormat>
                      <externallyDefinedFormat>
                          <formatName>Darwin Core Archive</formatName>
                      </externallyDefinedFormat>
                  </dataFormat>
                  <distribution>
                      <online>
                          <url function="download">http://api.gbif.org/v1/occurrence/download/request/0078256-200613084148143.zip</url>
                      </online>
                  </distribution>
              </physical>
        </gbif>
    </metadata>
</additionalMetadata>

</eml:eml>
