<?xml version="1.0" encoding="utf-8"?>
<eml:eml xmlns:eml="eml://ecoinformatics.org/eml-2.1.1" xmlns:xsi="http://www.w3.org/2001/XMLSchema-instance"
         xsi:schemaLocation="eml://ecoinformatics.org/eml-2.1.1 http://rs.gbif.org/schema/eml-gbif-profile/1.1/eml.xsd"
        packageId="10.15468/dl.gy5ru3"  system="http://gbif.org" scope="system"
  xml:lang="en">

<dataset>
        <alternateIdentifier>0081548-200613084148143</alternateIdentifier>
    <title>GBIF Occurrence Download 10.15468/dl.gy5ru3</title>
    <creator>
    <individualName>
          <surName>GBIF Download Service</surName>
    </individualName>
<electronicMailAddress>support@gbif.org</electronicMailAddress>    </creator>
    <metadataProvider>
    <individualName>
          <surName>GBIF Download Service</surName>
    </individualName>
<electronicMailAddress>support@gbif.org</electronicMailAddress>    </metadataProvider>
      <pubDate>
      2020-10-13
      </pubDate>
    <language>ENGLISH</language>
    <abstract>
        <para>A dataset containing all occurrences available in GBIF matching the query:
{
  &quot;and&quot; : [
    &quot;TaxonKey is Trisopterus capelanus (Lacepède, 1800)&quot;,
    &quot;HasCoordinate is true&quot;,
    &quot;HasGeospatialIssue is false&quot;
  ]
}
The dataset includes records from the following constituent datasets. The full metadata for each constituent is also included in this archive:
1 records from iNaturalist Research-grade Observations
2 records from Observations de poissons marins du Fish Watch Forum
2 records from Geographically tagged INSDC sequences
5 records from The Fish Collection at the Zoologische Staatssammlung München
9 records from Biological Reference Collections ICM-CSIC
16 records from Colección de referencia de otolitos, Instituto de Ciencias del Mar-CSIC
20 records from Trawl-survey data from the Pipeta programme in the Northern Adriatic Sea (Mediterranean) collected in 1988 and 1991
25 records from Trawl-survey data in the Adriatic Sea (Mediterranean) collected in 1972, 1975 and 1981
100 records from Trawl-survey data in the central-eastern Adriatic Sea (Mediterranean) collected in 1957 and 1958
113 records from Trawl-survey data from the “expedition Hvar” in the Adriatic Sea (Mediterranean) collected in 1948-1949
435 records from Trawl survey data from the Jabuka Pit area (central-eastern Adriatic Sea, Mediterranean) collected between 1956 and 1971
</para>
    </abstract>
      <contact>
    <individualName>
          <surName>GBIF Download Service</surName>
    </individualName>
<electronicMailAddress>support@gbif.org</electronicMailAddress>      </contact>

</dataset>

<additionalMetadata>
    <metadata>
      <gbif>
        <dateStamp>2020-10-13T08:03:33Z</dateStamp>
      <citation identifier="10.15468/dl.gy5ru3">GBIF Occurrence Download 10.15468/dl.gy5ru3</citation>
              <physical>
                  <objectName>Darwin Core Archive</objectName>
                  <characterEncoding>UTF-8</characterEncoding>
                  <dataFormat>
                      <externallyDefinedFormat>
                          <formatName>Darwin Core Archive</formatName>
                      </externallyDefinedFormat>
                  </dataFormat>
                  <distribution>
                      <online>
                          <url function="download">http://api.gbif.org/v1/occurrence/download/request/0081548-200613084148143.zip</url>
                      </online>
                  </distribution>
              </physical>
        </gbif>
    </metadata>
</additionalMetadata>

</eml:eml>
