<?xml version="1.0" encoding="utf-8"?>
<eml:eml xmlns:eml="eml://ecoinformatics.org/eml-2.1.1" xmlns:xsi="http://www.w3.org/2001/XMLSchema-instance"
         xsi:schemaLocation="eml://ecoinformatics.org/eml-2.1.1 http://rs.gbif.org/schema/eml-gbif-profile/1.1/eml.xsd"
        packageId="a79c2b50-6c8a-11de-8226-b8a03c50a862"  system="http://gbif.org" scope="system"
  xml:lang="en">

<dataset>
      <alternateIdentifier>10.15468/lotsye</alternateIdentifier>
        <alternateIdentifier>https://collections.ala.org.au/public/show/dr344</alternateIdentifier>
        <alternateIdentifier>8c1fa99c-0b0d-3e8c-a5c9-354db5787795</alternateIdentifier>
        <alternateIdentifier>http://collections.ala.org.au/public/show/dr344</alternateIdentifier>
        <alternateIdentifier>a79c2b50-6c8a-11de-8226-b8a03c50a862</alternateIdentifier>
        <alternateIdentifier>a7c89242-e13e-334d-b9f8-952d786c5134</alternateIdentifier>
        <alternateIdentifier>9b089fda-8659-38ab-ae2c-e1b7cb49c446</alternateIdentifier>
        <alternateIdentifier>14104</alternateIdentifier>
    <title>Queensland Museum provider for OZCAM</title>
    <creator>
<organizationName>OZCAM (Online Zoological Collections of Australian Museums) Provider</organizationName><onlineUrl>http://www.ozcam.org.au/</onlineUrl>    </creator>
    <creator>
<organizationName>Queensland Museum</organizationName>    <address>
<deliveryPoint>Corner of Grey &amp; Melbourne Streets, South Bank, South Brisbane</deliveryPoint><city>Brisbane</city><administrativeArea>Queensland</administrativeArea><postalCode>4101</postalCode>    </address>
<onlineUrl>http://www.qm.qld.gov.au/</onlineUrl>    </creator>
    <metadataProvider>
<organizationName>OZCAM (Online Zoological Collections of Australian Museums) Provider</organizationName><onlineUrl>http://www.ozcam.org.au/</onlineUrl>    </metadataProvider>
    <associatedParty>
<organizationName>Atlas of Living Australia</organizationName>    <address>
<deliveryPoint>CSIRO Ecosystems Services</deliveryPoint><city>Canberra</city><administrativeArea>ACT</administrativeArea><postalCode>2601</postalCode><country>AUSTRALIA</country>    </address>
<electronicMailAddress>info@ala.org.au</electronicMailAddress>    <role>DISTRIBUTOR</role>
    </associatedParty>
      <pubDate>
      2020-08-29
      </pubDate>
    <language>ENGLISH</language>
    <abstract>
        <para>Queensland Museum provider for OZCAM
Queensland Museum collections date back to the 1860s. Many early specimen records contained incomplete or inaccurate spatial information and in such cases, no interpretation of accuracy has been applied herein. When the museum commenced databasing in the mid-1980s, terms were introduced to represent assumed accuracies of collecting information. The terms below are a refinement of disparate lists and have been used for mapping to the Darwin Core field &amp;#39;coordinateUncertaintyInMeters&amp;#39;. The table below shows how the terms are represented in metres of accuracy and the assumptions made in assigning these values.

Term    coordinateUncertainty
InMeters    Assumptions
Surveyed (ground control)	1	International Terrestrial Reference Frame is used for ground survey mapping
Google Earth	20	Latitude and longitude taken from Google Earth by positioning cursor over land feature
GPS reading	50	In-field GPS reading, but correct datum is not assumed
Collector&amp;#39;s data	500	Generalised - usually legacy data, pre-GPS
Centrepoint of geographic unit	1000	Centroid values used when no other, more accurate method has been recorded, (e.g. &amp;#34;Fraser Island&amp;#34;).
Gazetteer	1000	Gazeteer values used when no other, more accurate method has been recorded,(e.g. &amp;#34;Bundaberg, Queensland&amp;#34;).
Geographic location given	1000	Gazeteer values used when no other, more accurate method has been recorded, (e.g. &amp;#34;Blue Lake&amp;#34;).
Point in Polygon method	10000	Centroid values used when no other, more accurate method has been recorded, (e.g. &amp;#34;Springbrook National Park&amp;#34;).
Regional Approximation	10000	Centroid values used when no other, more accurate method has been recorded, (e.g. &amp;#34;Torres Strait&amp;#34;).
Level 1 - excellent	20	Adopted CSIRO terminology
Level 2 - good	50	Adopted CSIRO terminology
Level 3 - satisfactory	100	Adopted CSIRO terminology
Level 4 - poor	500	Adopted CSIRO terminology
Level 5 - doubtful	1000	Adopted CSIRO terminology
Geological Map (1:25 000 scale)	25	Accuracy by designation
Topographic Map (1:25 000 scale)	25	Accuracy by designation
Geological Map (1:50 000 scale)	50	Accuracy by designation
Topographic Map (1:50 000 scale)	50	Accuracy by designation
Geological Map (1:100 000 scale)	100	Accuracy by designation
Topographic Map (1:100 000 scale)	100	Accuracy by designation
Geological Map (1:250 000 scale)	250	Accuracy by designation
Topographic Map (1:250 000 scale)	250	Accuracy by designation
Geological Map (1:500 000 scale)	500	Accuracy by designation
Topographic Map (1:500 000 scale)	500	Accuracy by designation
Topographic Map (1:1 000 000 scale)	1000	Accuracy by designation
Map Reading - accurate to 1 minute	1853	Mathematical extrapolation</para>
    </abstract>
      <intellectualRights>
        <para>This work is licensed under a <ulink url="http://creativecommons.org/licenses/by/4.0/legalcode"><citetitle>Creative Commons Attribution (CC-BY) 4.0 License</citetitle></ulink>.</para>
      </intellectualRights>
      <distribution scope="document">
          <online>
              <url function="information">https://collections.ala.org.au/public/show/dr344</url>
          </online>
      </distribution>
      <contact>
    <individualName>
<givenName>OZCAM</givenName>          <surName>Webmaster</surName>
    </individualName>
<positionName>Webmaster</positionName><electronicMailAddress>OZCAM.CHAFC@gmail.com</electronicMailAddress>      </contact>
      <methods>
      </methods>

</dataset>

<additionalMetadata>
    <metadata>
      <gbif>
        <dateStamp>2020-09-24T10:12:02Z</dateStamp>
      <citation>Queensland Museum (2020). Queensland Museum provider for OZCAM. Occurrence dataset https://doi.org/10.15468/lotsye accessed via GBIF.org on 2020-09-24.</citation>
              <resourceLogoUrl>https://collections.ala.org.au/data/dataProvider/ozcam.png</resourceLogoUrl>
        </gbif>
    </metadata>
</additionalMetadata>

</eml:eml>
