<?xml version="1.0" encoding="utf-8"?>
<eml:eml xmlns:eml="eml://ecoinformatics.org/eml-2.1.1" xmlns:xsi="http://www.w3.org/2001/XMLSchema-instance"
         xsi:schemaLocation="eml://ecoinformatics.org/eml-2.1.1 http://rs.gbif.org/schema/eml-gbif-profile/1.1/eml.xsd"
        packageId="ed820bdb-4345-4143-a280-4fbffaacd31d"  system="http://gbif.org" scope="system"
  xml:lang="en">

<dataset>
      <alternateIdentifier>10.15468/uxag7k</alternateIdentifier>
    <title>The Pisces Collection at the Staatssammlung für Anthropologie und Paläoanatomie München</title>
    <associatedParty>
    <individualName>
          <surName>SNSB IT center</surName>
    </individualName>
<electronicMailAddress>snsb-it-center@snsb.de</electronicMailAddress>    <role>TECHNICAL_POINT_OF_CONTACT</role>
    </associatedParty>
    <language>en</language>
    <abstract>
        <para>http://www.snsb.info/DatabaseClients/SAPMpiscescoll/About.html</para>
    </abstract>
      <intellectualRights>
        <para>This work is licensed under a <ulink url="http://creativecommons.org/licenses/by/4.0/legalcode"><citetitle>Creative Commons Attribution (CC-BY) 4.0 License</citetitle></ulink>.</para>
      </intellectualRights>
      <distribution scope="document">
          <online>
              <url function="information">http://www.snsb.info/DatabaseClients/SAPMpiscescoll/About.html</url>
          </online>
      </distribution>
      <contact>
    <individualName>
          <surName>Henriette Obermaier</surName>
    </individualName>
<electronicMailAddress>henriette.obermaier@palaeo.vetmed.uni-muenchen.de</electronicMailAddress>      </contact>

</dataset>

<additionalMetadata>
    <metadata>
      <gbif>
        <dateStamp>2020-09-24T22:37:36Z</dateStamp>
      <citation>Staatliche Naturwissenschaftliche Sammlungen Bayerns. The Pisces Collection at the Staatssammlung für Anthropologie und Paläoanatomie München. Occurrence dataset https://doi.org/10.15468/uxag7k accessed via GBIF.org on 2020-09-24.</citation>
              <resourceLogoUrl>http://www.snsb.info/Pictures/SAPM-Logo.jpg</resourceLogoUrl>
        </gbif>
    </metadata>
</additionalMetadata>

</eml:eml>
