<?xml version="1.0" encoding="utf-8"?>
<eml:eml xmlns:eml="eml://ecoinformatics.org/eml-2.1.1" xmlns:xsi="http://www.w3.org/2001/XMLSchema-instance"
         xsi:schemaLocation="eml://ecoinformatics.org/eml-2.1.1 http://rs.gbif.org/schema/eml-gbif-profile/1.1/eml.xsd"
        packageId="f9382ea5-fdd1-4398-a275-75dd880ee876"  system="http://gbif.org" scope="system"
  xml:lang="en">

<dataset>
      <alternateIdentifier>10.3897/zookeys.198.3032</alternateIdentifier>
        <alternateIdentifier>http://ipt.taibif.tw/resource?r=bottom_trawl</alternateIdentifier>
        <alternateIdentifier>10.15468/2cfywn</alternateIdentifier>
        <alternateIdentifier>http://taibif.tw/ipt/resource.do?r=bottom_trawl</alternateIdentifier>
        <alternateIdentifier>f9382ea5-fdd1-4398-a275-75dd880ee876</alternateIdentifier>
        <alternateIdentifier>14682</alternateIdentifier>
    <title>A dataset from bottom trawl survey around Taiwan</title>
    <creator>
    <individualName>
<givenName>Kwang-Tsao</givenName>          <surName>Shao</surName>
    </individualName>
<organizationName>Biodiversity Research Center Academia Sinica</organizationName><positionName>Research Fellow</positionName>    <address>
<deliveryPoint>No. 128, Sec. 2, Academia Rd. Nankang Dist.</deliveryPoint><city>Taipei</city><administrativeArea>TAIWAN</administrativeArea><postalCode>115</postalCode><country>TAIWAN</country>    </address>
<phone>886-2-27887330</phone><electronicMailAddress>zoskt@gate.sinica.edu.tw</electronicMailAddress><onlineUrl>http://fishdb.sinica.edu.tw/eng/shao.php</onlineUrl>    </creator>
    <creator>
    <individualName>
<givenName>Z. H.</givenName>          <surName>Wu</surName>
    </individualName>
<organizationName>Biodiversity Research Center Academia Sinica</organizationName><positionName>Research Assistant</positionName>    <address>
<deliveryPoint>No. 128, Sec. 2, Academia Rd., Nankang Dist.</deliveryPoint><city>Taipei</city><administrativeArea>TAIWAN</administrativeArea><postalCode>115</postalCode><country>TAIWAN</country>    </address>
<phone>886-2-27887330</phone><electronicMailAddress>zh@gate.sinica.edu.tw</electronicMailAddress>    </creator>
    <metadataProvider>
    <individualName>
<givenName>Jack</givenName>          <surName>Lin</surName>
    </individualName>
<organizationName>Biodiversity Research Center Academia Sinica</organizationName><positionName>Software Engineer</positionName>    <address>
<deliveryPoint>No. 128, Sec. 2, Academia Rd., Nankang Dist.</deliveryPoint><city>Taipei</city><administrativeArea>TAIWAN</administrativeArea><postalCode>115</postalCode><country>TAIWAN</country>    </address>
<phone>886-2-27899579</phone><electronicMailAddress>jacklin@gate.sinica.edu.tw</electronicMailAddress><onlineUrl>http://fishbase.tw/Collaborators/CollaboratorSummary.php?ID=1619</onlineUrl>    </metadataProvider>
    <associatedParty>
    <individualName>
<givenName>H. M.</givenName>          <surName>Yeh</surName>
    </individualName>
<organizationName>Biodiversity Research Center Academia Sinica</organizationName><positionName>Post-Doctor</positionName>    <address>
<deliveryPoint>No. 128, Sec. 2, Academia Rd., Nankang Dist.</deliveryPoint><city>Taipei</city><administrativeArea>TAIWAN</administrativeArea><postalCode>115</postalCode><country>TAIWAN</country>    </address>
    <role>AUTHOR</role>
    </associatedParty>
    <associatedParty>
    <individualName>
<givenName>T. Y.</givenName>          <surName>Cheng</surName>
    </individualName>
<organizationName>Biodiversity Research Center Academia Sinica</organizationName><positionName>Research Assistant</positionName>    <address>
<deliveryPoint>No. 128, Sec. 2, Academia Rd., Nankang Dist.</deliveryPoint><city>Taipei</city><administrativeArea>TAIWAN</administrativeArea><postalCode>115</postalCode><country>TAIWAN</country>    </address>
    <role>AUTHOR</role>
    </associatedParty>
      <pubDate>
      2020-07-16
      </pubDate>
    <language>ENGLISH</language>
    <abstract>
        <para>Bottom trawl fishery is one of the most important coastal fisheries in Taiwan both in production and economic values. However, its annual production started to decline due to overfishing since the 1980s. Its bycatch problem also damages the fishery resource seriously. So, the government banned the bottom fishery within 3 nautical miles along the shoreline in 1989. To evaluate the effectiveness of this policy, a four year survey was conducted from 2000-2003, in the waters around Taiwan and Penghu (Pescadore) Islands, one region each year respectively. All fish specimens collected from trawling were brought back to lab for identification and measurement of their weight. These raw data have been integrated and established in Taiwan Fish Database (http://fishdb.sinica.edu.tw). They have also been published through TaiBIF (http://taibif.tw) and FishBase. This dataset contains 631 fish species and 3,529 records, making it the most complete demersal fish fauna and their temporal and spatial distributional data on the soft marine habitat in Taiwan.</para>
    </abstract>
        <keywordSet>
              <keyword>Fishery</keyword>
              <keyword>Taiwan</keyword>
              <keyword>Darwin Core</keyword>
              <keyword>Bottom Trawl</keyword>
              <keyword>IPT</keyword>
              <keywordThesaurus>n/a</keywordThesaurus>
        </keywordSet>
        <keywordSet>
              <keyword>Occurrence</keyword>
              <keywordThesaurus>GBIF Dataset Type Vocabulary: http://rs.gbif.org/vocabulary/gbif/dataset_type.xml</keywordThesaurus>
        </keywordSet>
        <keywordSet>
              <keyword>Observation</keyword>
              <keywordThesaurus>GBIF Dataset Subtype Vocabulary: http://rs.gbif.org/vocabulary/gbif/dataset_subtype.xml</keywordThesaurus>
        </keywordSet>
      <intellectualRights>
        <para>This work is licensed under a <ulink url="http://creativecommons.org/licenses/by-nc/4.0/legalcode"><citetitle>Creative Commons Attribution Non Commercial (CC-BY-NC) 4.0 License</citetitle></ulink>.</para>
      </intellectualRights>
      <distribution scope="document">
          <online>
              <url function="information">http://coatbp.sinica.edu.tw</url>
          </online>
      </distribution>
      <coverage>
            <geographicCoverage>
                  <geographicDescription>Waters off Taiwan</geographicDescription>
                  <boundingCoordinates>
                      <westBoundingCoordinate>119.46</westBoundingCoordinate>
                      <eastBoundingCoordinate>122.46</eastBoundingCoordinate>
                      <northBoundingCoordinate>25.67</northBoundingCoordinate>
                      <southBoundingCoordinate>21.42</southBoundingCoordinate>
                  </boundingCoordinates>
            </geographicCoverage>
          <temporalCoverage>
            <rangeOfDates>
              <beginDate>
                <calendarDate>      2000-02-17
</calendarDate>
              </beginDate>
              <endDate>
                <calendarDate>      2003-11-20
</calendarDate>
              </endDate>
            </rangeOfDates>
          </temporalCoverage>
              <taxonomicCoverage>
                    <generalTaxonomicCoverage>Surveys of fish resources</generalTaxonomicCoverage>
                    <taxonomicClassification>
                          <taxonRankName>Class</taxonRankName>
                        <taxonRankValue>Actinopterygii, Chondrichthyes, Myxini</taxonRankValue>
                    </taxonomicClassification>
                    <taxonomicClassification>
                          <taxonRankName>Order</taxonRankName>
                        <taxonRankValue>Perciformes, Scorpaeniformes, Pleuronectiformes, Aulopiformes, Anguilliformes, Gadiformes, Ophidiiformes, Tetraodontiformes, Carcharhiniformes, Myctophiformes, Lophiiformes, Myliobatiformes, Rajiformes, Squaliformes, Stomiiformes, Beryciformes, Gasterosteiformes, Argentiniformes, Clupeiformes, Siluriformes, Zeiformes, Chimaeriformes, Torpediniformes, Myxiniformes, Orectolobiformes, Polymixiiformes, Ateleopodiformes, Gonorhynchiformes, Albuliformes, Heterodontiformes, Squatiniformes</taxonRankValue>
                    </taxonomicClassification>
                    <taxonomicClassification>
                          <taxonRankName>Family</taxonRankName>
                        <taxonRankValue>Acropomatidae, Alepocephalidae, Ammodytidae, Antennariidae, Aploactinidae, Apogonidae, Argentinidae, Ariidae, Ateleopodidae, Aulopidae, Bembridae, Blenniidae, Bothidae, Bregmacerotidae, Bythitidae, Caesionidae, Callionymidae, Caproidae, Carangidae, Carapidae, Carcharhinidae, Centrolophidae, Centrophoridae, Cepolidae, Chaetodontidae, Champsodontidae, Chaunacidae, Cheilodactylidae, Chimaeridae, Chlorophthalmidae, Clupeidae, Congridae, Cynoglossidae, Dactylopteridae, Dalatiidae, Dasyatidae, Diodontidae, Diplphidae, Diretmidae, Drepaneidae, Echeneidae, Emmelichthyidae, Engraulidae, Ephippidae, Etmopteridae, Fistulariidae, Gempylidae, Gerreidae, Glaucosomatidae, Gobiidae, Gonorynchidae, Gonostomatidae, Gymnuridae, Haemulidae, Hemiscylliidae, Heterodontidae, Hexatrygonidae, Holocentridae, Hoplichthyidae, Kyphosidae, Labridae, Leiognathidae, Lethrinidae, Lophiidae, Lutjanidae, Macroramphosidae, Macrouridae, Malacanthidae, Menidae, Microstomatidae, Monacanthidae, Monocentridae, Moridae, Mullidae, Muraenesocidae, Muraenidae, Myctophidae, Myliobatidae, Myxinidae, Narcinidae, Nemichthyidae, Nemipteridae, Neoscopelidae, Nettastomatidae, Nomeidae, Notacanthidae, Ogcocephalidae, Ophichthidae, Ophidiidae, Orectolobidae, Ostraciidae, Paralepididae, Paralichthyidae, Parascylliidae, Parazenidae, Pegasidae, Pentacerotidae, Percichthyidae, Percophidae, Peristediidae, Pinguipedidae, Platycephalidae, Platyrhinidae, Plotosidae, Polymixiidae, Polynemidae, Pomacentridae, Priacanthidae, Pristigasteridae, Proscylliidae, Rachycentridae, Rajidae, Rhinobatidae, Samaridae, Sciaenidae, Scombridae, Scorpaenidae, Scyliorhinidae, Serranidae, Siganidae, Sillaginidae, Soleidae, Sparidae, Sphyraenidae, Sphyrnidae, Squalidae, Squatinidae, Sternoptychidae, Stomiidae, Stromateidae, Synaphobranchidae, Syngnathidae, Synodontidae, Terapontidae, Tetraodontidae, Torpedinidae, Trachichthyidae, Triacanthodidae, Triakidae, Trichiuridae, Triglidae, Triodontidae, Uranoscopidae, Urolophidae, Zeidae</taxonRankValue>
                    </taxonomicClassification>
                    <taxonomicClassification>
                          <taxonRankName>Kingdom</taxonRankName>
                        <taxonRankValue>Animalia</taxonRankValue>
                    </taxonomicClassification>
                    <taxonomicClassification>
                          <taxonRankName>Phylum</taxonRankName>
                        <taxonRankValue>Chordata</taxonRankValue>
                    </taxonomicClassification>
              </taxonomicCoverage>
      </coverage>
      <maintenance>
          <description>
              <para></para>
          </description>
          <maintenanceUpdateFrequency>unkown</maintenanceUpdateFrequency>
      </maintenance>
      <contact>
    <individualName>
<givenName>Kwang-Tsao</givenName>          <surName>Shao</surName>
    </individualName>
<organizationName>Biodiversity Research Center Academia Sinica</organizationName><positionName>Research Fellow</positionName>    <address>
<deliveryPoint>No. 128, Sec. 2, Academia Rd. Nankang Dist.</deliveryPoint><city>Taipei</city><administrativeArea>TAIWAN</administrativeArea><postalCode>115</postalCode><country>TAIWAN</country>    </address>
<phone>886-2-27887330</phone><electronicMailAddress>zoskt@gate.sinica.edu.tw</electronicMailAddress><onlineUrl>http://fishdb.sinica.edu.tw/eng/shao.php</onlineUrl>      </contact>
      <methods>
            <methodStep>
                <description>
                    <para>Different bottom trawl fishing boats were used in different regions or harbours with slightly different fishing gears designed for the samplings. Basically, at each station, the sampling was carried out by an otter trawl towing at 3 nm/hr for one hour. The longitude and latitude data were recorded using the GPS system on the boat. After the recovery of trawl, all the specimens were identified to the species level and their weight measured.</para>
                </description>
            </methodStep>
            <sampling>
                <studyExtent>
                    <description>
                        <para>The offshore waters around Taiwan was separated into 4 regions. Three to four fixed stations were further selected in each region. From 2000 to 2003, fish samplings were collected in one region each year using bottom trawl fishing boats.</para>
                    </description>
                </studyExtent>
                <samplingDescription>
                    <para>The sampling design for collecting bottom trawl harvest from coastal and offshore waters around Taiwan was to separate the waters into four regions and collect one region each year during 2000-2003. In each region, 3-4 fixed stations with various water depths were chosen according to different topography and traditional fishing ground in that region. Eastern Taiwan was excluded because it belongs to open ocean and deep-sea environment and there was no bottom trawl fishery in the region. The locality names (or nearest fishing harbours) and water depths in each region were outlined below:
2000 – Northern Taiwan (Jinshan: 100 m; mixed with pebbles and sand); Northeastern Taiwan (Aodi: 100m, 150m and 200 m; and Dasi: 50, 100, 200, 400, 600 and 800 m; all sandy bottoms); 2001 – Southwestern Taiwan (Xingda Harbor: 10, 30, 50, 70 and 100 m; Kaohsiung Harbor: 100, 200 and 300 m; Donggang: 100, 200 and 300 m; Fenggang: 100, 200 and 300 m; sandy and muddy bottoms); 2002 – Western Taiwan (Hsinchu: 60, 65 and 70 m; Miaoli: 10, 30 and 50 m; Changhua: 10, 20 and 40 m; all sandy bottoms); 2003 – Penghu Islands (16 depths ranging from 25 to 95 m; all sandy and muddy bottoms).</para>
                </samplingDescription>
            </sampling>
            <qualityControl>
                <description>
                    <para>All the scientific names of fish samples were validated by the updated fish checklist in our Taiwan Fish Database or TaiBNET (http://taibnet.sinica.edu.tw) before they are added into database. Afterward, they were validated again by matching them against FishBase and Catalog of Fishes, California Academy of Sciences, for further correction. If a specimen was rare or it might belong to an undescribed or new species, it was photographed in fresh and then the specimen and its tissue sample were both catalogued and deposited at the Biodiversity Research Museum of Biodiversity Research Center (ASIZP of BRCAS). The latitude and longitude of trawling routes were plotted on Google Maps and outliers detected.</para>
                </description>
            </qualityControl>
      </methods>

      <project >
          <title>Bottom trawl surveys of fishery resources in Taiwan</title>
          <personnel>
    <individualName>
<givenName>Kwang-Tsao</givenName>          <surName>Shao</surName>
    </individualName>
    <role>AUTHOR</role>
          </personnel>
          <abstract>
              <para></para>
          </abstract>
          <funding>
              <para>Council of Agriculture, Executive Yuan, R.O.C.(Taiwan)</para>
          </funding>
            <studyAreaDescription>
                <descriptor name="generic" citableClassificationSystem="false">
                    <descriptorValue>This project was carried out for four years from February 2000 to November 2003, one region each year in the following order: (1) off the coast of northern and northeastern Taiwan, (2) coastal waters of southwestern Taiwan, (3) coastal waters of western Taiwan, and (4) Penghu waters (Taiwan Strait). Northern Taiwan stations lie on the borders with China’s continental shelf and the Okinawa Trough. Outside of the northeastern Taiwan stations is the Okinawa Trough. The western Taiwan stations are all on the shallow Taiwan Strait Shelf. The stations in southwestern Taiwan and Pescadores are near the slope of the South China Sea Basin.</descriptorValue>
                </descriptor>
            </studyAreaDescription>
            <designDescription>
                <description>
                    <para>Three or four different water depth fixed stations were chosen in each region for seasonal sampling. In principle, the sampling methods were planned for different locations at different depths of the stations in accordance with sediment, topography, water depth, and the ability of fishing vessel. Sampling was conducted four times a year (quarterly). After sampling, the species composition between different locations, depths, and seasons were compared and analyzed.</para>
                </description>
            </designDescription>
      </project>
</dataset>

<additionalMetadata>
    <metadata>
      <gbif>
        <dateStamp>2020-09-24T22:37:34Z</dateStamp>
      <citation identifier="http://dx.doi.org/10.3897/zookeys.198.3032">Shao K, Lin J, Wu Z H (2020). A dataset from bottom trawl survey around Taiwan. Version 4.1. Taiwan Biodiversity Information Facility (TaiBIF). Occurrence dataset https://doi.org/10.3897/zookeys.198.3032 accessed via GBIF.org on 2020-09-24.</citation>
              <bibliography>
      <citation>Wu Chung-Han (2002) Community structure of bottom trawl fihes in the coastal waters of northern and north-eastern Taiwan. Master thesis of National Taiwan Ocean University.</citation>
      <citation>Yeh H.M, M.L. Chiou, Y.C. Liao, H.C. Ho, T.H. Wu, P.F. Lee, C.H. Chang, K.T. Shao (2006) Deep-sea fish diversity around Taiwan. In Deep Sea 2003: Conference on the Governance and Management of Deep-sea Fisheries. FAO Fisheries Proceedings (3/2): 3-10.</citation>
      <citation>Shao, K. T., H. C. Ho*, P. L. Lin, P. F. Lee, M. Y. Lee, C. Y. Tsai, Y. C. Liao, Y. C. Lin, J. P. Chen &amp; H. M. Yeh (2008) A checklist of the fishes of southern Taiwan, northern South China Sea. Raffl. Bull. Zool. Supplement No. 19: 233–271.</citation>
      <citation>Shao, K.T. *, L.Y. Hsieh, Y.Y. Wu and C.Y. Wu (2002) Taxonomic and distributional database of fishes in Taiwan. Env. Biol. Fish. 65: 235-240.</citation>
      <citation>Shao, K. T.*, Y. C. Lin, H. H. Lin (2007) Linking the Taiwan fish database to the global database. Data Science Journal. Special Issue for 20th CODATA Conf. Beijing. S164-S171.</citation>
      <citation>Shao, K.T.  Taiwan Fish Database. WWW Web electronic publication. version 2009/1. http://fishdb.sinica.edu.tw, (2012-5-18).</citation>
              </bibliography>
              <resourceLogoUrl>http://fishdb.sinica.edu.tw/images/tflogo.gif</resourceLogoUrl>
        </gbif>
    </metadata>
</additionalMetadata>

</eml:eml>
