<?xml version="1.0" encoding="utf-8"?>
<eml:eml xmlns:eml="eml://ecoinformatics.org/eml-2.1.1" xmlns:xsi="http://www.w3.org/2001/XMLSchema-instance"
         xsi:schemaLocation="eml://ecoinformatics.org/eml-2.1.1 http://rs.gbif.org/schema/eml-gbif-profile/1.1/eml.xsd"
        packageId="10.15468/dl.f9e5rp"  system="http://gbif.org" scope="system"
  xml:lang="en">

<dataset>
        <alternateIdentifier>0068298-200613084148143</alternateIdentifier>
    <title>GBIF Occurrence Download 10.15468/dl.f9e5rp</title>
    <creator>
    <individualName>
          <surName>GBIF Download Service</surName>
    </individualName>
<electronicMailAddress>support@gbif.org</electronicMailAddress>    </creator>
    <metadataProvider>
    <individualName>
          <surName>GBIF Download Service</surName>
    </individualName>
<electronicMailAddress>support@gbif.org</electronicMailAddress>    </metadataProvider>
      <pubDate>
      2020-09-24
      </pubDate>
    <language>ENGLISH</language>
    <abstract>
        <para>A dataset containing all occurrences available in GBIF matching the query:
{
  &quot;and&quot; : [ &quot;TaxonKey is Lepidopus caudatus (Euphrasen, 1788)&quot;, &quot;HasCoordinate is true&quot;, &quot;HasGeospatialIssue is false&quot; ]
}
The dataset includes records from the following constituent datasets. The full metadata for each constituent is also included in this archive:
1 records from KUBI Ichthyology Collection
1 records from Collection Pisces SMF
1 records from Field Museum of Natural History (Zoology) Fish Collection
1 records from Biodiversity Research and Teaching Collections - TCWC Vertebrates
1 records from Paleobiology Database
1 records from Formación de una base de datos de la biodiversidad de fauna marina y costera en el Golfo de California
1 records from Colección de peces marinos del mar argentino y aguas adyacentes del INIDEP
1 records from Scientific Results of the New Zealand Government Trawling Expedition, 1907
1 records from The Pisces Collection at the Staatssammlung für Anthropologie und Paläoanatomie München
1 records from British Antarctic (Terra Nova) Expedition, 1910-1913
1 records from Trawl-survey data in the central-eastern Adriatic Sea (Mediterranean) collected in 1957 and 1958
1 records from CSIRO, North West Shelf Demersal Marine Resources Study 1980-1997
1 records from The Fish Collection at the Zoologische Staatssammlung München
1 records from Lund Museum of Zoology (MZLU)
1 records from Marine biological observation data from coastal and offshore surveys around New Zealand
1 records from naturgucker
2 records from UWFC Ichthyology Collection
2 records from Atlantic Reference Centre Museum of Canadian Atlantic Organisms - Invertebrates and Fishes Data
2 records from Queensland Museum provider for OZCAM
2 records from UF FLMNH Ichthyology
2 records from Biota occurrence data from plankton surveys around New Zealand
2 records from CAS Ichthyology (ICH)
2 records from Museu de Ciències Naturals de Barcelona: MCNB-Cord
2 records from Western Australian Museum provider for OZCAM
3 records from Observations de poissons marins du Fish Watch Forum
3 records from NORFANZ Biological Survey, Tasman Sea, Australia - New Zealand 2003
3 records from COLETA - IMAR/DOP-Uac reference collection from 1977 to 2012
3 records from Queen Victoria Museum Art Gallery provider for OZCAM
3 records from Ichthyology Collection - Royal Ontario Museum
3 records from Colección de fauna marina del Centro Oceanográfico de Canarias
4 records from Ocean Genome Legacy Collection
4 records from European Molecular Biology Laboratory Australian Mirror
4 records from Auckland Museum NZ Marine Collection
4 records from CSIRO, fish surveys by the Courageous, 1978-1979
4 records from Naturalis Biodiversity Center (NL) - Pisces
5 records from South Australian Museum Australia provider for OZCAM
5 records from SBMNH Vertebrate Zoology
6 records from Bottom Trawl Surveys: Catch and Effort Data For South East Australia, 1898-1996
6 records from Tasmanian Museum and Art Gallery provider for OZCAM
6 records from CSIRO, Jack Mackerel surveys, 1978
7 records from Museum of Comparative Zoology, Harvard University
10 records from Données BioObs - Base pour l’Inventaire des Observations Subaquatiques de la FFESSM
11 records from Données naturalistes de Jean-Jacques RIUTORT
13 records from Colección de referencia de otolitos, Instituto de Ciencias del Mar-CSIC
13 records from LACM Vertebrate Collection
14 records from NMNH Extant Specimen Records
14 records from Trawl survey data from the Jabuka Pit area (central-eastern Adriatic Sea, Mediterranean) collected between 1956 and 1971
15 records from Museums Victoria provider for OZCAM
16 records from CSIRO Ichthyology provider for OZCAM
16 records from iNaturalist Research-grade Observations
17 records from Biological Reference Collections ICM-CSIC
18 records from Geographically tagged INSDC sequences
18 records from Trawl-survey data from the “expedition Hvar” in the Adriatic Sea (Mediterranean) collected in 1948-1949
19 records from CSIRO, South East Fishery Habitat Ecosystem Study, Southeast Australia, 1993-1997
19 records from Fishbase
20 records from The fishes collection (IC) of the Muséum national d&apos;Histoire naturelle (MNHN - Paris)
20 records from International Barcode of Life project (iBOL)
21 records from Fish collection of National Museum of Nature and Science
21 records from FBIP: IZIKO Marine Bony Fish (1884-2013)
28 records from CSIRO, Catch records from eddy studies off the New South Wales coast, Australia 1979-1980
28 records from Occurrence records of southern African aquatic biodiversity
36 records from CSIRO, fish surveys by the Soela, 1980s
57 records from Australian Museum provider for OZCAM
104 records from CSIRO, Soviet Fishery Data, Australia, 1965-1978
186 records from Banco de Datos de la Biodiversidad de la Comunitat Valenciana
263 records from Demersais survey in the Azores between 1996 and 2013
277 records from Bureau of Rural Sciences, Commercial Fisheries Presence, Australia, 2000-2002
345 records from Marine Commercial Fish Survey (FV Kapala, FV Trader Horn, FV Shelley, FV Kirrawa, FV May Bell) in the East and South East Australian Region from 1975 to 2008
357 records from Catch data from New Zealand research trawls since 2008
976 records from Soviet Trawl Fishery Data (New Zealand Waters) 1964-1987
2421 records from New Zealand fish and squid distributions from research bottom trawls 1964-2008
</para>
    </abstract>
      <contact>
    <individualName>
          <surName>GBIF Download Service</surName>
    </individualName>
<electronicMailAddress>support@gbif.org</electronicMailAddress>      </contact>

</dataset>

<additionalMetadata>
    <metadata>
      <gbif>
        <dateStamp>2020-09-24T11:46:25Z</dateStamp>
      <citation identifier="10.15468/dl.f9e5rp">GBIF Occurrence Download 10.15468/dl.f9e5rp</citation>
              <physical>
                  <objectName>Darwin Core Archive</objectName>
                  <characterEncoding>UTF-8</characterEncoding>
                  <dataFormat>
                      <externallyDefinedFormat>
                          <formatName>Darwin Core Archive</formatName>
                      </externallyDefinedFormat>
                  </dataFormat>
                  <distribution>
                      <online>
                          <url function="download">http://api.gbif.org/v1/occurrence/download/request/0068298-200613084148143.zip</url>
                      </online>
                  </distribution>
              </physical>
        </gbif>
    </metadata>
</additionalMetadata>

</eml:eml>
