<?xml version="1.0" encoding="utf-8"?>
<eml:eml xmlns:eml="eml://ecoinformatics.org/eml-2.1.1" xmlns:xsi="http://www.w3.org/2001/XMLSchema-instance"
         xsi:schemaLocation="eml://ecoinformatics.org/eml-2.1.1 http://rs.gbif.org/schema/eml-gbif-profile/1.1/eml.xsd"
        packageId="8498cbf2-f762-11e1-a439-00145eb45e9a"  system="http://gbif.org" scope="system"
  xml:lang="en">

<dataset>
      <alternateIdentifier>10.15468/hqqzr9</alternateIdentifier>
        <alternateIdentifier>http://science-net.kahaku.go.jp/ipt2/resource?r=snet-1093-101</alternateIdentifier>
        <alternateIdentifier>http://gbif.science-net.kahaku.go.jp:8081/ipt2/resource?r=snet-1093-101</alternateIdentifier>
        <alternateIdentifier>8498cbf2-f762-11e1-a439-00145eb45e9a</alternateIdentifier>
        <alternateIdentifier>604</alternateIdentifier>
    <title>Fisheries Research Laboratory, Mie University</title>
    <creator>
    <individualName>
<givenName>Seishi</givenName>          <surName>Kimura</surName>
    </individualName>
<organizationName>Fisheries Research Laboratory Mie University</organizationName><positionName>Curator</positionName>    <address>
<country>JAPAN</country>    </address>
<electronicMailAddress>kimura-s@bio.mie-u.ac.jp</electronicMailAddress>    </creator>
    <metadataProvider>
    <individualName>
<givenName>Seishi</givenName>          <surName>Kimura</surName>
    </individualName>
<organizationName>Fisheries Research Laboratory Mie University</organizationName><positionName>Professor</positionName>    <address>
<country>JAPAN</country>    </address>
<electronicMailAddress>kimura-s@bio.mie-u.ac.jp</electronicMailAddress>    </metadataProvider>
      <pubDate>
      2020-03-16
      </pubDate>
    <language>ENGLISH</language>
    <abstract>
        <para>Fish specimens deposited in Fisheries Research Laboratory Mie University.</para>
    </abstract>
        <keywordSet>
              <keyword>Occurrence</keyword>
              <keywordThesaurus>GBIF Dataset Type Vocabulary: http://rs.gbif.org/vocabulary/gbif/dataset_type.xml</keywordThesaurus>
        </keywordSet>
      <intellectualRights>
        <para>This work is licensed under a <ulink url="http://creativecommons.org/licenses/by/4.0/legalcode"><citetitle>Creative Commons Attribution (CC-BY) 4.0 License</citetitle></ulink>.</para>
      </intellectualRights>
      <distribution scope="document">
          <online>
              <url function="information">http://zaga.bio.mie-u.ac.jp/japanese/collection/index-e.html</url>
          </online>
      </distribution>
      <maintenance>
          <description>
              <para></para>
          </description>
          <maintenanceUpdateFrequency>unkown</maintenanceUpdateFrequency>
      </maintenance>
      <contact>
    <individualName>
<givenName>Seishi</givenName>          <surName>Kimura</surName>
    </individualName>
<organizationName>Fisheries Research Laboratory Mie University</organizationName><positionName>Professor</positionName>    <address>
<country>JAPAN</country>    </address>
<electronicMailAddress>kimura-s@bio.mie-u.ac.jp</electronicMailAddress><onlineUrl>http://zaga.bio.mie-u.ac.jp/japanese/index.html</onlineUrl>      </contact>

</dataset>

<additionalMetadata>
    <metadata>
      <gbif>
        <dateStamp>2020-09-25T08:11:53Z</dateStamp>
      <citation>Kimura S (2020). Fisheries Research Laboratory, Mie University. National Museum of Nature and Science, Japan. Occurrence dataset https://doi.org/10.15468/hqqzr9 accessed via GBIF.org on 2020-09-25.</citation>
        </gbif>
    </metadata>
</additionalMetadata>

</eml:eml>
