<?xml version="1.0" encoding="utf-8"?>
<eml:eml xmlns:eml="eml://ecoinformatics.org/eml-2.1.1" xmlns:xsi="http://www.w3.org/2001/XMLSchema-instance"
         xsi:schemaLocation="eml://ecoinformatics.org/eml-2.1.1 http://rs.gbif.org/schema/eml-gbif-profile/1.1/eml.xsd"
        packageId="b0f0d066-c45c-42f7-9297-cfff577b11ab"  system="http://gbif.org" scope="system"
  xml:lang="en">

<dataset>
      <alternateIdentifier>10.15468/focoyo</alternateIdentifier>
        <alternateIdentifier>http://science-net.kahaku.go.jp/ipt2/resource?r=snet-1045-101</alternateIdentifier>
        <alternateIdentifier>b0f0d066-c45c-42f7-9297-cfff577b11ab</alternateIdentifier>
        <alternateIdentifier>http://gbif.science-net.kahaku.go.jp:8081/ipt2/resource?r=snet-1045-101</alternateIdentifier>
    <title>Fish Collection of Coastal Branch of Natural History Museum and Institute, Chiba</title>
    <creator>
    <individualName>
<givenName>Hiroshi</givenName>          <surName>Kawase</surName>
    </individualName>
<organizationName>Coastal Branch of Natural History Museum and Institute, Chiba</organizationName><positionName>Curator</positionName>    <address>
<country>JAPAN</country>    </address>
<electronicMailAddress>kawase@chiba-muse.or.jp</electronicMailAddress>    </creator>
    <metadataProvider>
    <individualName>
<givenName>Hiroshi</givenName>          <surName>Kawase</surName>
    </individualName>
<organizationName>Coastal Branch of Natural History Museum and Institute, Chiba</organizationName><positionName>Curator</positionName>    <address>
<country>JAPAN</country>    </address>
<electronicMailAddress>kawase@chiba-muse.or.jp</electronicMailAddress>    </metadataProvider>
      <pubDate>
      2020-03-06
      </pubDate>
    <language>ENGLISH</language>
    <abstract>
        <para>Fish specimens deposited at Coastal Branch of Natural History Museum and Institute, Chiba</para>
    </abstract>
        <keywordSet>
              <keyword>Occurrence</keyword>
              <keywordThesaurus>GBIF Dataset Type Vocabulary: http://rs.gbif.org/vocabulary/gbif/dataset_type.xml</keywordThesaurus>
        </keywordSet>
      <intellectualRights>
        <para>This work is licensed under a <ulink url="http://creativecommons.org/licenses/by/4.0/legalcode"><citetitle>Creative Commons Attribution (CC-BY) 4.0 License</citetitle></ulink>.</para>
      </intellectualRights>
      <distribution scope="document">
          <online>
              <url function="information">http://search.chiba-muse.or.jp/DB/list.do?x=43&amp;y=16&amp;mcode=12&amp;bcode_01=ZF&amp;bcode_01=ZF&amp;smode=2&amp;sNo=1&amp;cls=att010</url>
          </online>
      </distribution>
      <maintenance>
          <description>
              <para></para>
          </description>
          <maintenanceUpdateFrequency>unkown</maintenanceUpdateFrequency>
      </maintenance>
      <contact>
    <individualName>
<givenName>Hiroshi</givenName>          <surName>Kawase</surName>
    </individualName>
<organizationName>Coastal Branch of Natural History Museum and Institute, Chiba</organizationName><positionName>Curator</positionName>    <address>
<country>JAPAN</country>    </address>
<electronicMailAddress>kawase@chiba-muse.or.jp</electronicMailAddress><onlineUrl>http://www2.chiba-muse.or.jp/?page_id=411</onlineUrl>      </contact>

</dataset>

<additionalMetadata>
    <metadata>
      <gbif>
        <dateStamp>2020-09-25T08:11:59Z</dateStamp>
      <citation>Kawase H (2020). Fish Collection of Coastal Branch of Natural History Museum and Institute, Chiba. Version 1.2. National Museum of Nature and Science, Japan. Occurrence dataset https://doi.org/10.15468/focoyo accessed via GBIF.org on 2020-09-25.</citation>
        </gbif>
    </metadata>
</additionalMetadata>

</eml:eml>
