<?xml version="1.0" encoding="utf-8"?>
<eml:eml xmlns:eml="eml://ecoinformatics.org/eml-2.1.1" xmlns:xsi="http://www.w3.org/2001/XMLSchema-instance"
         xsi:schemaLocation="eml://ecoinformatics.org/eml-2.1.1 http://rs.gbif.org/schema/eml-gbif-profile/1.1/eml.xsd"
        packageId="10.15468/dl.ztzxt8"  system="http://gbif.org" scope="system"
  xml:lang="en">

<dataset>
        <alternateIdentifier>0078365-200613084148143</alternateIdentifier>
    <title>GBIF Occurrence Download 10.15468/dl.ztzxt8</title>
    <creator>
    <individualName>
          <surName>GBIF Download Service</surName>
    </individualName>
<electronicMailAddress>support@gbif.org</electronicMailAddress>    </creator>
    <metadataProvider>
    <individualName>
          <surName>GBIF Download Service</surName>
    </individualName>
<electronicMailAddress>support@gbif.org</electronicMailAddress>    </metadataProvider>
      <pubDate>
      2020-10-08
      </pubDate>
    <language>ENGLISH</language>
    <abstract>
        <para>A dataset containing all occurrences available in GBIF matching the query:
{
  &quot;and&quot; : [
    &quot;TaxonKey is Gadus chalcogrammus Pallas, 1814&quot;,
    &quot;HasCoordinate is true&quot;,
    &quot;HasGeospatialIssue is false&quot;
  ]
}
The dataset includes records from the following constituent datasets. The full metadata for each constituent is also included in this archive:
1 records from Ibaraki Nature Museum, Fish collection
1 records from Australian Museum provider for OZCAM
1 records from UAIC Ichthyological Collection
1 records from UF FLMNH Ichthyology
1 records from The fishes collection (IC) of the Muséum national d&apos;Histoire naturelle (MNHN - Paris)
1 records from Fortalecimiento de las colecciones de ECOSUR. Primera fase Peces Chetumal)
1 records from SBMNH Vertebrate Zoology
1 records from Northern Territory Museum and Art Gallery provider for OZCAM
2 records from Fish Collection of Hokkaido University
3 records from CUMV Fish Collection
3 records from Natural History Museum (London) Collection Specimens
4 records from KUBI Ichthyology Tissue Collection
5 records from Field Museum of Natural History (Zoology) Fish Collection
5 records from Biodiversity Research and Teaching Collections - TCWC Vertebrates
5 records from Oregon State Ichthyology Collection
6 records from University of Alberta Museum of Zoology Ichthyology Collection (UAMZ)
7 records from KUBI Ichthyology Collection
7 records from Ichthyology Collection - Royal Ontario Museum
10 records from Bell Museum fishes
10 records from iNaturalist Research-grade Observations
12 records from Ocean Genome Legacy Collection
13 records from Fish collection of National Museum of Nature and Science
13 records from Museum of Comparative Zoology, Harvard University
15 records from Colección de referencia de otolitos, Instituto de Ciencias del Mar-CSIC
17 records from BOEM Beaufort Sea, Alaska, Fish and Invertebrate Haul and Catch, with Oceanography, 2008
21 records from University of Michigan Museum of Zoology, Division of Fishes
27 records from SIO Marine Vertebrate Collection
31 records from LACM Vertebrate Collection
39 records from International Barcode of Life project (iBOL)
46 records from Geographically tagged INSDC sequences
68 records from CAS Ichthyology (ICH)
81 records from NMNH Extant Specimen Records
114 records from UAM Fish Collection (Arctos)
567 records from Arctic Species Trend Index (ASTI) : Marine
715 records from Arctic Ocean Diversity
19893 records from UWFC Ichthyology Collection
</para>
    </abstract>
      <contact>
    <individualName>
          <surName>GBIF Download Service</surName>
    </individualName>
<electronicMailAddress>support@gbif.org</electronicMailAddress>      </contact>

</dataset>

<additionalMetadata>
    <metadata>
      <gbif>
        <dateStamp>2020-10-08T14:11:50Z</dateStamp>
      <citation identifier="10.15468/dl.ztzxt8">GBIF Occurrence Download 10.15468/dl.ztzxt8</citation>
              <physical>
                  <objectName>Darwin Core Archive</objectName>
                  <characterEncoding>UTF-8</characterEncoding>
                  <dataFormat>
                      <externallyDefinedFormat>
                          <formatName>Darwin Core Archive</formatName>
                      </externallyDefinedFormat>
                  </dataFormat>
                  <distribution>
                      <online>
                          <url function="download">http://api.gbif.org/v1/occurrence/download/request/0078365-200613084148143.zip</url>
                      </online>
                  </distribution>
              </physical>
        </gbif>
    </metadata>
</additionalMetadata>

</eml:eml>
