<?xml version="1.0" encoding="utf-8"?>
<eml:eml xmlns:eml="eml://ecoinformatics.org/eml-2.1.1" xmlns:xsi="http://www.w3.org/2001/XMLSchema-instance"
         xsi:schemaLocation="eml://ecoinformatics.org/eml-2.1.1 http://rs.gbif.org/schema/eml-gbif-profile/1.1/eml.xsd"
        packageId="cb811b65-8593-43d4-9ef7-699c4c40b50f"  system="http://gbif.org" scope="system"
  xml:lang="en">

<dataset>
      <alternateIdentifier>10.15468/eue9rf</alternateIdentifier>
        <alternateIdentifier>http://ipt.iobis.org/esp-obis/resource?r=fishoccurrence_ismaelkong</alternateIdentifier>
    <title>Fish Collection Ismael Kong, Universidad de Antofagasta, Chile</title>
    <creator>
    <individualName>
<givenName>Pamela</givenName>          <surName>Hidalgo</surName>
    </individualName>
<organizationName>Universidad de Concepción</organizationName><positionName>University Professor</positionName><electronicMailAddress>pahidalg@udec.cl</electronicMailAddress>    </creator>
    <metadataProvider>
    <individualName>
<givenName>Pamela</givenName>          <surName>Hidalgo</surName>
    </individualName>
<electronicMailAddress>pahidalg@udec.cl</electronicMailAddress>    </metadataProvider>
    <associatedParty>
    <individualName>
<givenName>Pamela</givenName>          <surName>Hidalgo</surName>
    </individualName>
<electronicMailAddress>pahidalg@udec.cl</electronicMailAddress>    <role>USER</role>
    </associatedParty>
      <pubDate>
      2019-09-11
      </pubDate>
    <language>ENGLISH</language>
    <abstract>
        <para>This database includes deep-water fishes and fishes collected at northern Chile during El Niño conditions in 1983-84. These fishes were collected and identified by Ismael Kong, who was a highly prestigious ichthyologist in Chile. The currently maintained at Universidad de Antofagasta in northern Chile.</para>
    </abstract>
        <keywordSet>
              <keyword>Occurrence</keyword>
              <keywordThesaurus>GBIF Dataset Type Vocabulary: http://rs.gbif.org/vocabulary/gbif/dataset_type.xml</keywordThesaurus>
        </keywordSet>
      <additionalInfo>
          <para>Marine Data Harvested by OBIS</para>
      </additionalInfo>
      <intellectualRights>
        <para>This work is licensed under a <ulink url="http://creativecommons.org/licenses/by-nc/4.0/legalcode"><citetitle>Creative Commons Attribution Non Commercial (CC-BY-NC) 4.0 License</citetitle></ulink>.</para>
      </intellectualRights>
      <maintenance>
          <description>
              <para></para>
          </description>
          <maintenanceUpdateFrequency>unkown</maintenanceUpdateFrequency>
      </maintenance>
      <contact>
    <individualName>
<givenName>Pamela</givenName>          <surName>Hidalgo</surName>
    </individualName>
<organizationName>Universidad de Concepción</organizationName><positionName>University Professor</positionName><electronicMailAddress>pahidalg@udec.cl</electronicMailAddress>      </contact>

</dataset>

<additionalMetadata>
    <metadata>
      <gbif>
        <dateStamp>2020-10-12T14:26:28Z</dateStamp>
      <citation>Hidalgo P (2019). Fish Collection Ismael Kong, Universidad de Antofagasta, Chile. Universidad de Concepción e Instituto Milenio de Oceanografía (IMO). Occurrence dataset https://doi.org/10.15468/eue9rf accessed via GBIF.org on 2020-10-12.</citation>
        </gbif>
    </metadata>
</additionalMetadata>

</eml:eml>
