<?xml version="1.0" encoding="utf-8"?>
<eml:eml xmlns:eml="eml://ecoinformatics.org/eml-2.1.1" xmlns:xsi="http://www.w3.org/2001/XMLSchema-instance"
         xsi:schemaLocation="eml://ecoinformatics.org/eml-2.1.1 http://rs.gbif.org/schema/eml-gbif-profile/1.1/eml.xsd"
        packageId="968dfa3e-3614-4bab-a3b5-e9209bdd6078"  system="http://gbif.org" scope="system"
  xml:lang="en">

<dataset>
      <alternateIdentifier>10.15468/jzgqtc</alternateIdentifier>
        <alternateIdentifier>968dfa3e-3614-4bab-a3b5-e9209bdd6078</alternateIdentifier>
        <alternateIdentifier>https://www1.usgs.gov/obis-usa/ipt/resource?r=ogl_msc_northeasternuniversity</alternateIdentifier>
    <title>Ocean Genome Legacy Collection</title>
    <creator>
    <individualName>
<givenName>Hannah</givenName>          <surName>Appiah-Madson</surName>
    </individualName>
<organizationName>Northeastern University Marine Science Center</organizationName><positionName>Collections Associate</positionName><electronicMailAddress>oglinfo@neu.edu</electronicMailAddress>    </creator>
    <creator>
    <individualName>
<givenName>Daniel</givenName>          <surName>Distel</surName>
    </individualName>
<organizationName>Northeastern University Marine Science Center</organizationName><positionName>Director</positionName><electronicMailAddress>d.distel@northeastern.edu</electronicMailAddress>    </creator>
    <metadataProvider>
    <individualName>
<givenName>Hannah</givenName>          <surName>Appiah-Madson</surName>
    </individualName>
<organizationName>Northeastern University Marine Science Center</organizationName><positionName>Collections Associate</positionName><electronicMailAddress>oglinfo@neu.edu</electronicMailAddress>    </metadataProvider>
    <metadataProvider>
    <individualName>
<givenName>Abigail</givenName>          <surName>Benson</surName>
    </individualName>
<organizationName>U.S. Geological Survey</organizationName><positionName>Biologist</positionName><electronicMailAddress>albenson@usgs.gov</electronicMailAddress>    </metadataProvider>
    <associatedParty>
    <individualName>
<givenName>Abigail</givenName>          <surName>Benson</surName>
    </individualName>
<electronicMailAddress>albenson@usgs.gov</electronicMailAddress>    <role>USER</role>
    </associatedParty>
      <pubDate>
      2019-09-30
      </pubDate>
    <language>ENGLISH</language>
    <abstract>
        <para>The Ocean Genome Legacy Center (OGL) is a nonprofit marine research facility and genome bank dedicated to exploring and preserving the threatened biological diversity of the sea and oversees a collection of annotated and validated samples of genomic DNA and DNA-containing tissues representing a broad cross section of diversity of life in the oceans.</para>
    </abstract>
        <keywordSet>
              <keyword>Occurrence</keyword>
              <keywordThesaurus>GBIF Dataset Type Vocabulary: http://rs.gbif.org/vocabulary/gbif/dataset_type.xml</keywordThesaurus>
        </keywordSet>
      <additionalInfo>
          <para>marine, harvest by iOBIS</para>
      </additionalInfo>
      <intellectualRights>
        <para>This work is licensed under a <ulink url="http://creativecommons.org/licenses/by/4.0/legalcode"><citetitle>Creative Commons Attribution (CC-BY) 4.0 License</citetitle></ulink>.</para>
      </intellectualRights>
      <distribution scope="document">
          <online>
              <url function="information">https://www.sciencebase.gov/catalog/item/5d72d5dee4b0c4f70cffa818</url>
          </online>
      </distribution>
      <maintenance>
          <description>
              <para></para>
          </description>
          <maintenanceUpdateFrequency>unkown</maintenanceUpdateFrequency>
      </maintenance>
      <contact>
    <individualName>
<givenName>Hannah</givenName>          <surName>Appiah-Madson</surName>
    </individualName>
<organizationName>Northeastern University Marine Science Center</organizationName><positionName>Collections Associate</positionName><electronicMailAddress>oglinfo@neu.edu</electronicMailAddress>      </contact>
      <contact>
    <individualName>
<givenName>Daniel</givenName>          <surName>Distel</surName>
    </individualName>
<organizationName>Northeastern University Marine Science Center</organizationName><positionName>Director</positionName><electronicMailAddress>d.distel@northeastern.edu</electronicMailAddress>      </contact>

</dataset>

<additionalMetadata>
    <metadata>
      <gbif>
        <dateStamp>2020-10-08T16:15:23Z</dateStamp>
      <citation>Appiah-Madson H, Distel D, Benson A (2019). Ocean Genome Legacy Collection. Version 1.2. United States Geological Survey. Occurrence dataset https://doi.org/10.15468/jzgqtc accessed via GBIF.org on 2020-10-08.</citation>
        </gbif>
    </metadata>
</additionalMetadata>

</eml:eml>
