<?xml version="1.0" encoding="utf-8"?>
<eml:eml xmlns:eml="eml://ecoinformatics.org/eml-2.1.1" xmlns:xsi="http://www.w3.org/2001/XMLSchema-instance"
         xsi:schemaLocation="eml://ecoinformatics.org/eml-2.1.1 http://rs.gbif.org/schema/eml-gbif-profile/1.1/eml.xsd"
        packageId="fbb002cb-23a3-45c4-8e07-76f07a385085"  system="http://gbif.org" scope="system"
  xml:lang="en">

<dataset>
      <alternateIdentifier>10.15468/sj5ooc</alternateIdentifier>
        <alternateIdentifier>fbb002cb-23a3-45c4-8e07-76f07a385085</alternateIdentifier>
        <alternateIdentifier>https://ipt.sprep.org/resource?r=spc_cofish_finfish_cook_islands_2007</alternateIdentifier>
    <title>SPC CoFish Fish Observations Cook Islands 2007</title>
    <creator>
    <individualName>
<givenName>Silvia</givenName>          <surName>Pinca</surName>
    </individualName>
<organizationName>The Pacific Community</organizationName><positionName>Senior Reef Fisheries Scientist</positionName>    <address>
<deliveryPoint>BP D5</deliveryPoint><city>Noumea</city><postalCode>98848</postalCode><country>NEW_CALEDONIA</country>    </address>
<phone>(+687) 26.20.00</phone><onlineUrl>http://www.spc.int</onlineUrl>      <userId directory="https://www.linkedin.com/profile/view?id=">silvia-massage-pro-pinca-0023a751</userId>
    </creator>
    <creator>
    <individualName>
<givenName>Ribanataake</givenName>          <surName>Awira</surName>
    </individualName>
<organizationName>The Pacific Community</organizationName><positionName>Reef Fisheries Officer</positionName>    <address>
<deliveryPoint>BP D5</deliveryPoint><city>Noumea</city><postalCode>98848</postalCode><country>NEW_CALEDONIA</country>    </address>
<phone>(+687) 26.20.00</phone><onlineUrl>http://www.spc.int</onlineUrl>      <userId directory="https://www.linkedin.com/profile/view?id=">ribanataake-awira-14634515a</userId>
    </creator>
    <creator>
    <individualName>
<givenName>Pierre</givenName>          <surName>Boblin</surName>
    </individualName>
<organizationName>The Pacific Community</organizationName><positionName>Reef Fisheries Officer</positionName>    <address>
<deliveryPoint>BP D5</deliveryPoint><city>Noumea</city><postalCode>98848</postalCode><country>NEW_CALEDONIA</country>    </address>
<phone>(+687) 26.20.00</phone><onlineUrl>http://www.spc.int</onlineUrl>    </creator>
    <creator>
    <individualName>
<givenName>Laurent</givenName>          <surName>Vigliola</surName>
    </individualName>
<organizationName>The Pacific Community</organizationName><positionName>Senior Reef Fisheries Scientist</positionName>    <address>
<deliveryPoint>BP D5</deliveryPoint><city>Noumea</city><postalCode>98848</postalCode><country>NEW_CALEDONIA</country>    </address>
<phone>(+687) 26.20.00</phone><onlineUrl>http://www.spc.int</onlineUrl>      <userId directory="http://www.researcherid.com/rid/">J-7107-2016</userId>
    </creator>
    <creator>
    <individualName>
<givenName>Samasoni</givenName>          <surName>Sauni</surName>
    </individualName>
<organizationName>The Pacific Community</organizationName><positionName>Senior Reef Fisheries Scientist</positionName>    <address>
<deliveryPoint>BP D5</deliveryPoint><city>Noumea</city><postalCode>98848</postalCode><country>NEW_CALEDONIA</country>    </address>
<phone>(+687) 26.20.00</phone><onlineUrl>http://www.spc.int</onlineUrl>      <userId directory="https://www.linkedin.com/profile/view?id=">samasoni-sauni-043226161</userId>
    </creator>
    <metadataProvider>
    <individualName>
<givenName>Franck</givenName>          <surName>Magron</surName>
    </individualName>
<organizationName>The Pacific Community</organizationName><positionName>Coastal Fisheries Information and Database Manager</positionName>    <address>
<deliveryPoint>BP D5</deliveryPoint><city>Noumea</city><postalCode>98848</postalCode><country>NEW_CALEDONIA</country>    </address>
<phone>(+687) 26.20.00</phone><electronicMailAddress>franckm@spc.int</electronicMailAddress><onlineUrl>http://www.spc.int</onlineUrl>      <userId directory="https://www.linkedin.com/profile/view?id=">franck-magron-43b0983a</userId>
    </metadataProvider>
    <associatedParty>
    <individualName>
<givenName>Ben</givenName>          <surName>Ponia</surName>
    </individualName>
<organizationName>Ministry of Marine Resources (MMR)</organizationName><positionName>Secretary</positionName>    <address>
<deliveryPoint>PO Box 85</deliveryPoint><city>Avarua, Rarotonga</city><country>COOK_ISLANDS</country>    </address>
<phone>(+682) 28721</phone><electronicMailAddress>b.ponia@mmr.gov.ck</electronicMailAddress><onlineUrl>http://www.mmr.gov.ck</onlineUrl>    <role>OWNER</role>
    </associatedParty>
      <pubDate>
      2018-08-23
      </pubDate>
    <language>ENGLISH</language>
    <abstract>
        <para>Coastal fish species of commercial interest observed on Underwater Visual Census transects in Cook Islands during the CoFish surveys in Rarotonga, Palmerston, Mangaia and Aitutaki (2007). The individual counts correspond to the observations by a single diver (one side) on the 50 m transect, from the transect line up to visibility (distance sampling).</para>
    </abstract>
        <keywordSet>
              <keyword>Occurrence</keyword>
              <keywordThesaurus>GBIF Dataset Type Vocabulary: http://rs.gbif.org/vocabulary/gbif/dataset_type.xml</keywordThesaurus>
        </keywordSet>
        <keywordSet>
              <keyword>Observation</keyword>
              <keywordThesaurus>GBIF Dataset Subtype Vocabulary: http://rs.gbif.org/vocabulary/gbif/dataset_subtype.xml</keywordThesaurus>
        </keywordSet>
        <keywordSet>
              <keyword>UVC</keyword>
              <keyword>CoFish</keyword>
              <keyword>SPC</keyword>
              <keyword>Fish</keyword>
              <keyword>PROCFish/C</keyword>
              <keywordThesaurus>n/a</keywordThesaurus>
        </keywordSet>
      <intellectualRights>
        <para>This work is licensed under a <ulink url="http://creativecommons.org/licenses/by-nc/4.0/legalcode"><citetitle>Creative Commons Attribution Non Commercial (CC-BY-NC) 4.0 License</citetitle></ulink>.</para>
      </intellectualRights>
      <coverage>
            <geographicCoverage>
                  <geographicDescription>Rarotonga, Palmerston, Mangaia and Aitutaki in Cook Islands</geographicDescription>
                  <boundingCoordinates>
                      <westBoundingCoordinate>-163.199</westBoundingCoordinate>
                      <eastBoundingCoordinate>-157.891</eastBoundingCoordinate>
                      <northBoundingCoordinate>-18.002</northBoundingCoordinate>
                      <southBoundingCoordinate>-21.958</southBoundingCoordinate>
                  </boundingCoordinates>
            </geographicCoverage>
          <temporalCoverage>
            <rangeOfDates>
              <beginDate>
                <calendarDate>      2007-02-06
</calendarDate>
              </beginDate>
              <endDate>
                <calendarDate>      2007-10-20
</calendarDate>
              </endDate>
            </rangeOfDates>
          </temporalCoverage>
              <taxonomicCoverage>
                    <taxonomicClassification>
                        <taxonRankValue>Acanthurus achilles</taxonRankValue>
                    </taxonomicClassification>
                    <taxonomicClassification>
                        <taxonRankValue>Acanthurus auranticavus</taxonRankValue>
                    </taxonomicClassification>
                    <taxonomicClassification>
                        <taxonRankValue>Acanthurus blochii</taxonRankValue>
                    </taxonomicClassification>
                    <taxonomicClassification>
                        <taxonRankValue>Acanthurus guttatus</taxonRankValue>
                    </taxonomicClassification>
                    <taxonomicClassification>
                        <taxonRankValue>Acanthurus leucopareius</taxonRankValue>
                    </taxonomicClassification>
                    <taxonomicClassification>
                        <taxonRankValue>Acanthurus lineatus</taxonRankValue>
                    </taxonomicClassification>
                    <taxonomicClassification>
                        <taxonRankValue>Acanthurus nigricans</taxonRankValue>
                    </taxonomicClassification>
                    <taxonomicClassification>
                        <taxonRankValue>Acanthurus nigricauda</taxonRankValue>
                    </taxonomicClassification>
                    <taxonomicClassification>
                        <taxonRankValue>Acanthurus nigrofuscus</taxonRankValue>
                    </taxonomicClassification>
                    <taxonomicClassification>
                        <taxonRankValue>Acanthurus nubilus</taxonRankValue>
                    </taxonomicClassification>
                    <taxonomicClassification>
                        <taxonRankValue>Acanthurus olivaceus</taxonRankValue>
                    </taxonomicClassification>
                    <taxonomicClassification>
                        <taxonRankValue>Acanthurus pyroferus</taxonRankValue>
                    </taxonomicClassification>
                    <taxonomicClassification>
                        <taxonRankValue>Acanthurus sp.</taxonRankValue>
                    </taxonomicClassification>
                    <taxonomicClassification>
                        <taxonRankValue>Acanthurus thompsoni</taxonRankValue>
                    </taxonomicClassification>
                    <taxonomicClassification>
                        <taxonRankValue>Acanthurus triostegus</taxonRankValue>
                    </taxonomicClassification>
                    <taxonomicClassification>
                        <taxonRankValue>Acanthurus xanthopterus</taxonRankValue>
                    </taxonomicClassification>
                    <taxonomicClassification>
                        <taxonRankValue>Aetobatus narinari</taxonRankValue>
                    </taxonomicClassification>
                    <taxonomicClassification>
                        <taxonRankValue>Aluterus scriptus</taxonRankValue>
                    </taxonomicClassification>
                    <taxonomicClassification>
                        <taxonRankValue>Aphareus furca</taxonRankValue>
                    </taxonomicClassification>
                    <taxonomicClassification>
                        <taxonRankValue>Arothron meleagris</taxonRankValue>
                    </taxonomicClassification>
                    <taxonomicClassification>
                        <taxonRankValue>Balistapus undulatus</taxonRankValue>
                    </taxonomicClassification>
                    <taxonomicClassification>
                        <taxonRankValue>Balistes sp.</taxonRankValue>
                    </taxonomicClassification>
                    <taxonomicClassification>
                        <taxonRankValue>Balistoides viridescens</taxonRankValue>
                    </taxonomicClassification>
                    <taxonomicClassification>
                        <taxonRankValue>Calotomus carolinus</taxonRankValue>
                    </taxonomicClassification>
                    <taxonomicClassification>
                        <taxonRankValue>Carangoides ferdau</taxonRankValue>
                    </taxonomicClassification>
                    <taxonomicClassification>
                        <taxonRankValue>Carangoides orthogrammus</taxonRankValue>
                    </taxonomicClassification>
                    <taxonomicClassification>
                        <taxonRankValue>Caranx ignobilis</taxonRankValue>
                    </taxonomicClassification>
                    <taxonomicClassification>
                        <taxonRankValue>Caranx lugubris</taxonRankValue>
                    </taxonomicClassification>
                    <taxonomicClassification>
                        <taxonRankValue>Caranx melampygus</taxonRankValue>
                    </taxonomicClassification>
                    <taxonomicClassification>
                        <taxonRankValue>Caranx sp.</taxonRankValue>
                    </taxonomicClassification>
                    <taxonomicClassification>
                        <taxonRankValue>Carcharhinus amblyrhynchos</taxonRankValue>
                    </taxonomicClassification>
                    <taxonomicClassification>
                        <taxonRankValue>Cephalopholis argus</taxonRankValue>
                    </taxonomicClassification>
                    <taxonomicClassification>
                        <taxonRankValue>Cephalopholis miniata</taxonRankValue>
                    </taxonomicClassification>
                    <taxonomicClassification>
                        <taxonRankValue>Cephalopholis urodeta</taxonRankValue>
                    </taxonomicClassification>
                    <taxonomicClassification>
                        <taxonRankValue>Cetoscarus ocellatus</taxonRankValue>
                    </taxonomicClassification>
                    <taxonomicClassification>
                        <taxonRankValue>Chaetodon aureofasciatus</taxonRankValue>
                    </taxonomicClassification>
                    <taxonomicClassification>
                        <taxonRankValue>Chaetodon auriga</taxonRankValue>
                    </taxonomicClassification>
                    <taxonomicClassification>
                        <taxonRankValue>Chaetodon bennetti</taxonRankValue>
                    </taxonomicClassification>
                    <taxonomicClassification>
                        <taxonRankValue>Chaetodon citrinellus</taxonRankValue>
                    </taxonomicClassification>
                    <taxonomicClassification>
                        <taxonRankValue>Chaetodon ephippium</taxonRankValue>
                    </taxonomicClassification>
                    <taxonomicClassification>
                        <taxonRankValue>Chaetodon lunula</taxonRankValue>
                    </taxonomicClassification>
                    <taxonomicClassification>
                        <taxonRankValue>Chaetodon lunulatus</taxonRankValue>
                    </taxonomicClassification>
                    <taxonomicClassification>
                        <taxonRankValue>Chaetodon mertensii</taxonRankValue>
                    </taxonomicClassification>
                    <taxonomicClassification>
                        <taxonRankValue>Chaetodon meyeri</taxonRankValue>
                    </taxonomicClassification>
                    <taxonomicClassification>
                        <taxonRankValue>Chaetodon octofasciatus</taxonRankValue>
                    </taxonomicClassification>
                    <taxonomicClassification>
                        <taxonRankValue>Chaetodon ornatissimus</taxonRankValue>
                    </taxonomicClassification>
                    <taxonomicClassification>
                        <taxonRankValue>Chaetodon pelewensis</taxonRankValue>
                    </taxonomicClassification>
                    <taxonomicClassification>
                        <taxonRankValue>Chaetodon quadrimaculatus</taxonRankValue>
                    </taxonomicClassification>
                    <taxonomicClassification>
                        <taxonRankValue>Chaetodon reticulatus</taxonRankValue>
                    </taxonomicClassification>
                    <taxonomicClassification>
                        <taxonRankValue>Chaetodon trifascialis</taxonRankValue>
                    </taxonomicClassification>
                    <taxonomicClassification>
                        <taxonRankValue>Chaetodon ulietensis</taxonRankValue>
                    </taxonomicClassification>
                    <taxonomicClassification>
                        <taxonRankValue>Chaetodon unimaculatus</taxonRankValue>
                    </taxonomicClassification>
                    <taxonomicClassification>
                        <taxonRankValue>Chaetodon vagabundus</taxonRankValue>
                    </taxonomicClassification>
                    <taxonomicClassification>
                        <taxonRankValue>Chanos chanos</taxonRankValue>
                    </taxonomicClassification>
                    <taxonomicClassification>
                        <taxonRankValue>Cheilinus chlorourus</taxonRankValue>
                    </taxonomicClassification>
                    <taxonomicClassification>
                        <taxonRankValue>Cheilinus fasciatus</taxonRankValue>
                    </taxonomicClassification>
                    <taxonomicClassification>
                        <taxonRankValue>Cheilinus trilobatus</taxonRankValue>
                    </taxonomicClassification>
                    <taxonomicClassification>
                        <taxonRankValue>Cheilinus undulatus</taxonRankValue>
                    </taxonomicClassification>
                    <taxonomicClassification>
                        <taxonRankValue>Chlorurus frontalis</taxonRankValue>
                    </taxonomicClassification>
                    <taxonomicClassification>
                        <taxonRankValue>Chlorurus microrhinos</taxonRankValue>
                    </taxonomicClassification>
                    <taxonomicClassification>
                        <taxonRankValue>Chlorurus sordidus</taxonRankValue>
                    </taxonomicClassification>
                    <taxonomicClassification>
                        <taxonRankValue>Coris aygula</taxonRankValue>
                    </taxonomicClassification>
                    <taxonomicClassification>
                        <taxonRankValue>Coris gaimard</taxonRankValue>
                    </taxonomicClassification>
                    <taxonomicClassification>
                        <taxonRankValue>Ctenochaetus flavicauda</taxonRankValue>
                    </taxonomicClassification>
                    <taxonomicClassification>
                        <taxonRankValue>Ctenochaetus hawaiiensis</taxonRankValue>
                    </taxonomicClassification>
                    <taxonomicClassification>
                        <taxonRankValue>Ctenochaetus striatus</taxonRankValue>
                    </taxonomicClassification>
                    <taxonomicClassification>
                        <taxonRankValue>Ctenochaetus strigosus</taxonRankValue>
                    </taxonomicClassification>
                    <taxonomicClassification>
                        <taxonRankValue>Diodon hystrix</taxonRankValue>
                    </taxonomicClassification>
                    <taxonomicClassification>
                        <taxonRankValue>Ellochelon vaigiensis</taxonRankValue>
                    </taxonomicClassification>
                    <taxonomicClassification>
                        <taxonRankValue>Epibulus insidiator</taxonRankValue>
                    </taxonomicClassification>
                    <taxonomicClassification>
                        <taxonRankValue>Epinephelus areolatus</taxonRankValue>
                    </taxonomicClassification>
                    <taxonomicClassification>
                        <taxonRankValue>Epinephelus fasciatus</taxonRankValue>
                    </taxonomicClassification>
                    <taxonomicClassification>
                        <taxonRankValue>Epinephelus hexagonatus</taxonRankValue>
                    </taxonomicClassification>
                    <taxonomicClassification>
                        <taxonRankValue>Epinephelus macrospilos</taxonRankValue>
                    </taxonomicClassification>
                    <taxonomicClassification>
                        <taxonRankValue>Epinephelus maculatus</taxonRankValue>
                    </taxonomicClassification>
                    <taxonomicClassification>
                        <taxonRankValue>Epinephelus merra</taxonRankValue>
                    </taxonomicClassification>
                    <taxonomicClassification>
                        <taxonRankValue>Epinephelus sp.</taxonRankValue>
                    </taxonomicClassification>
                    <taxonomicClassification>
                        <taxonRankValue>Epinephelus tauvina</taxonRankValue>
                    </taxonomicClassification>
                    <taxonomicClassification>
                        <taxonRankValue>Fistularia commersonii</taxonRankValue>
                    </taxonomicClassification>
                    <taxonomicClassification>
                        <taxonRankValue>Forcipiger flavissimus</taxonRankValue>
                    </taxonomicClassification>
                    <taxonomicClassification>
                        <taxonRankValue>Forcipiger longirostris</taxonRankValue>
                    </taxonomicClassification>
                    <taxonomicClassification>
                        <taxonRankValue>Gnathodentex aureolineatus</taxonRankValue>
                    </taxonomicClassification>
                    <taxonomicClassification>
                        <taxonRankValue>Gracila albomarginata</taxonRankValue>
                    </taxonomicClassification>
                    <taxonomicClassification>
                        <taxonRankValue>Gymnothorax javanicus</taxonRankValue>
                    </taxonomicClassification>
                    <taxonomicClassification>
                        <taxonRankValue>Gymnothorax sp.</taxonRankValue>
                    </taxonomicClassification>
                    <taxonomicClassification>
                        <taxonRankValue>Hemigymnus fasciatus</taxonRankValue>
                    </taxonomicClassification>
                    <taxonomicClassification>
                        <taxonRankValue>Hemigymnus melapterus</taxonRankValue>
                    </taxonomicClassification>
                    <taxonomicClassification>
                        <taxonRankValue>Hemitaurichthys thompsoni</taxonRankValue>
                    </taxonomicClassification>
                    <taxonomicClassification>
                        <taxonRankValue>Heniochus acuminatus</taxonRankValue>
                    </taxonomicClassification>
                    <taxonomicClassification>
                        <taxonRankValue>Heniochus chrysostomus</taxonRankValue>
                    </taxonomicClassification>
                    <taxonomicClassification>
                        <taxonRankValue>Heniochus monoceros</taxonRankValue>
                    </taxonomicClassification>
                    <taxonomicClassification>
                        <taxonRankValue>Heniochus varius</taxonRankValue>
                    </taxonomicClassification>
                    <taxonomicClassification>
                        <taxonRankValue>Hipposcarus harid</taxonRankValue>
                    </taxonomicClassification>
                    <taxonomicClassification>
                        <taxonRankValue>Hipposcarus longiceps</taxonRankValue>
                    </taxonomicClassification>
                    <taxonomicClassification>
                        <taxonRankValue>Kyphosus cinerascens</taxonRankValue>
                    </taxonomicClassification>
                    <taxonomicClassification>
                        <taxonRankValue>Kyphosus vaigiensis</taxonRankValue>
                    </taxonomicClassification>
                    <taxonomicClassification>
                        <taxonRankValue>Lethrinus atkinsoni</taxonRankValue>
                    </taxonomicClassification>
                    <taxonomicClassification>
                        <taxonRankValue>Lethrinus erythracanthus</taxonRankValue>
                    </taxonomicClassification>
                    <taxonomicClassification>
                        <taxonRankValue>Lethrinus harak</taxonRankValue>
                    </taxonomicClassification>
                    <taxonomicClassification>
                        <taxonRankValue>Lethrinus obsoletus</taxonRankValue>
                    </taxonomicClassification>
                    <taxonomicClassification>
                        <taxonRankValue>Lethrinus sp.</taxonRankValue>
                    </taxonomicClassification>
                    <taxonomicClassification>
                        <taxonRankValue>Lethrinus xanthochilus</taxonRankValue>
                    </taxonomicClassification>
                    <taxonomicClassification>
                        <taxonRankValue>Lutjanus bohar</taxonRankValue>
                    </taxonomicClassification>
                    <taxonomicClassification>
                        <taxonRankValue>Lutjanus fulvus</taxonRankValue>
                    </taxonomicClassification>
                    <taxonomicClassification>
                        <taxonRankValue>Lutjanus monostigma</taxonRankValue>
                    </taxonomicClassification>
                    <taxonomicClassification>
                        <taxonRankValue>Melichthys niger</taxonRankValue>
                    </taxonomicClassification>
                    <taxonomicClassification>
                        <taxonRankValue>Melichthys vidua</taxonRankValue>
                    </taxonomicClassification>
                    <taxonomicClassification>
                        <taxonRankValue>Monotaxis grandoculis</taxonRankValue>
                    </taxonomicClassification>
                    <taxonomicClassification>
                        <taxonRankValue>Moolgarda seheli</taxonRankValue>
                    </taxonomicClassification>
                    <taxonomicClassification>
                        <taxonRankValue>Mulloidichthys flavolineatus</taxonRankValue>
                    </taxonomicClassification>
                    <taxonomicClassification>
                        <taxonRankValue>Mulloidichthys vanicolensis</taxonRankValue>
                    </taxonomicClassification>
                    <taxonomicClassification>
                        <taxonRankValue>Myripristis berndti</taxonRankValue>
                    </taxonomicClassification>
                    <taxonomicClassification>
                        <taxonRankValue>Myripristis kuntee</taxonRankValue>
                    </taxonomicClassification>
                    <taxonomicClassification>
                        <taxonRankValue>Myripristis murdjan</taxonRankValue>
                    </taxonomicClassification>
                    <taxonomicClassification>
                        <taxonRankValue>Myripristis sp.</taxonRankValue>
                    </taxonomicClassification>
                    <taxonomicClassification>
                        <taxonRankValue>Naso annulatus</taxonRankValue>
                    </taxonomicClassification>
                    <taxonomicClassification>
                        <taxonRankValue>Naso brevirostris</taxonRankValue>
                    </taxonomicClassification>
                    <taxonomicClassification>
                        <taxonRankValue>Naso lituratus</taxonRankValue>
                    </taxonomicClassification>
                    <taxonomicClassification>
                        <taxonRankValue>Naso sp.</taxonRankValue>
                    </taxonomicClassification>
                    <taxonomicClassification>
                        <taxonRankValue>Naso thynnoides</taxonRankValue>
                    </taxonomicClassification>
                    <taxonomicClassification>
                        <taxonRankValue>Naso tuberosus</taxonRankValue>
                    </taxonomicClassification>
                    <taxonomicClassification>
                        <taxonRankValue>Naso unicornis</taxonRankValue>
                    </taxonomicClassification>
                    <taxonomicClassification>
                        <taxonRankValue>Neoniphon argenteus</taxonRankValue>
                    </taxonomicClassification>
                    <taxonomicClassification>
                        <taxonRankValue>Neoniphon sammara</taxonRankValue>
                    </taxonomicClassification>
                    <taxonomicClassification>
                        <taxonRankValue>Odonus niger</taxonRankValue>
                    </taxonomicClassification>
                    <taxonomicClassification>
                        <taxonRankValue>Oxycheilinus digramma</taxonRankValue>
                    </taxonomicClassification>
                    <taxonomicClassification>
                        <taxonRankValue>Parupeneus barberinoides</taxonRankValue>
                    </taxonomicClassification>
                    <taxonomicClassification>
                        <taxonRankValue>Parupeneus barberinus</taxonRankValue>
                    </taxonomicClassification>
                    <taxonomicClassification>
                        <taxonRankValue>Parupeneus ciliatus</taxonRankValue>
                    </taxonomicClassification>
                    <taxonomicClassification>
                        <taxonRankValue>Parupeneus cyclostomus</taxonRankValue>
                    </taxonomicClassification>
                    <taxonomicClassification>
                        <taxonRankValue>Parupeneus indicus</taxonRankValue>
                    </taxonomicClassification>
                    <taxonomicClassification>
                        <taxonRankValue>Parupeneus multifasciatus</taxonRankValue>
                    </taxonomicClassification>
                    <taxonomicClassification>
                        <taxonRankValue>Parupeneus pleurostigma</taxonRankValue>
                    </taxonomicClassification>
                    <taxonomicClassification>
                        <taxonRankValue>Plectropomus laevis</taxonRankValue>
                    </taxonomicClassification>
                    <taxonomicClassification>
                        <taxonRankValue>Plectropomus leopardus</taxonRankValue>
                    </taxonomicClassification>
                    <taxonomicClassification>
                        <taxonRankValue>Pomacanthus imperator</taxonRankValue>
                    </taxonomicClassification>
                    <taxonomicClassification>
                        <taxonRankValue>Pterocaesio tile</taxonRankValue>
                    </taxonomicClassification>
                    <taxonomicClassification>
                        <taxonRankValue>Rhinecanthus aculeatus</taxonRankValue>
                    </taxonomicClassification>
                    <taxonomicClassification>
                        <taxonRankValue>Rhinecanthus rectangulus</taxonRankValue>
                    </taxonomicClassification>
                    <taxonomicClassification>
                        <taxonRankValue>Sargocentron diadema</taxonRankValue>
                    </taxonomicClassification>
                    <taxonomicClassification>
                        <taxonRankValue>Sargocentron sp.</taxonRankValue>
                    </taxonomicClassification>
                    <taxonomicClassification>
                        <taxonRankValue>Sargocentron spiniferum</taxonRankValue>
                    </taxonomicClassification>
                    <taxonomicClassification>
                        <taxonRankValue>Sargocentron tiere</taxonRankValue>
                    </taxonomicClassification>
                    <taxonomicClassification>
                        <taxonRankValue>Scarus altipinnis</taxonRankValue>
                    </taxonomicClassification>
                    <taxonomicClassification>
                        <taxonRankValue>Scarus chameleon</taxonRankValue>
                    </taxonomicClassification>
                    <taxonomicClassification>
                        <taxonRankValue>Scarus dimidiatus</taxonRankValue>
                    </taxonomicClassification>
                    <taxonomicClassification>
                        <taxonRankValue>Scarus forsteni</taxonRankValue>
                    </taxonomicClassification>
                    <taxonomicClassification>
                        <taxonRankValue>Scarus frenatus</taxonRankValue>
                    </taxonomicClassification>
                    <taxonomicClassification>
                        <taxonRankValue>Scarus ghobban</taxonRankValue>
                    </taxonomicClassification>
                    <taxonomicClassification>
                        <taxonRankValue>Scarus globiceps</taxonRankValue>
                    </taxonomicClassification>
                    <taxonomicClassification>
                        <taxonRankValue>Scarus longipinnis</taxonRankValue>
                    </taxonomicClassification>
                    <taxonomicClassification>
                        <taxonRankValue>Scarus niger</taxonRankValue>
                    </taxonomicClassification>
                    <taxonomicClassification>
                        <taxonRankValue>Scarus oviceps</taxonRankValue>
                    </taxonomicClassification>
                    <taxonomicClassification>
                        <taxonRankValue>Scarus prasiognathos</taxonRankValue>
                    </taxonomicClassification>
                    <taxonomicClassification>
                        <taxonRankValue>Scarus psittacus</taxonRankValue>
                    </taxonomicClassification>
                    <taxonomicClassification>
                        <taxonRankValue>Scarus rivulatus</taxonRankValue>
                    </taxonomicClassification>
                    <taxonomicClassification>
                        <taxonRankValue>Scarus schlegeli</taxonRankValue>
                    </taxonomicClassification>
                    <taxonomicClassification>
                        <taxonRankValue>Scarus sp.</taxonRankValue>
                    </taxonomicClassification>
                    <taxonomicClassification>
                        <taxonRankValue>Scarus spinus</taxonRankValue>
                    </taxonomicClassification>
                    <taxonomicClassification>
                        <taxonRankValue>Scarus tricolor</taxonRankValue>
                    </taxonomicClassification>
                    <taxonomicClassification>
                        <taxonRankValue>Scomberoides lysan</taxonRankValue>
                    </taxonomicClassification>
                    <taxonomicClassification>
                        <taxonRankValue>Scomberoides sp.</taxonRankValue>
                    </taxonomicClassification>
                    <taxonomicClassification>
                        <taxonRankValue>Scomberoides tol</taxonRankValue>
                    </taxonomicClassification>
                    <taxonomicClassification>
                        <taxonRankValue>Scomberomorus commerson</taxonRankValue>
                    </taxonomicClassification>
                    <taxonomicClassification>
                        <taxonRankValue>Selar sp.</taxonRankValue>
                    </taxonomicClassification>
                    <taxonomicClassification>
                        <taxonRankValue>Seriola rivoliana</taxonRankValue>
                    </taxonomicClassification>
                    <taxonomicClassification>
                        <taxonRankValue>Seriola sp.</taxonRankValue>
                    </taxonomicClassification>
                    <taxonomicClassification>
                        <taxonRankValue>Siganus argenteus</taxonRankValue>
                    </taxonomicClassification>
                    <taxonomicClassification>
                        <taxonRankValue>Siganus fuscescens</taxonRankValue>
                    </taxonomicClassification>
                    <taxonomicClassification>
                        <taxonRankValue>Siganus sp.</taxonRankValue>
                    </taxonomicClassification>
                    <taxonomicClassification>
                        <taxonRankValue>Siganus spinus</taxonRankValue>
                    </taxonomicClassification>
                    <taxonomicClassification>
                        <taxonRankValue>Sphyraena barracuda</taxonRankValue>
                    </taxonomicClassification>
                    <taxonomicClassification>
                        <taxonRankValue>Sphyraena flavicauda</taxonRankValue>
                    </taxonomicClassification>
                    <taxonomicClassification>
                        <taxonRankValue>Sufflamen bursa</taxonRankValue>
                    </taxonomicClassification>
                    <taxonomicClassification>
                        <taxonRankValue>Sufflamen chrysopterum</taxonRankValue>
                    </taxonomicClassification>
                    <taxonomicClassification>
                        <taxonRankValue>Sufflamen sp.</taxonRankValue>
                    </taxonomicClassification>
                    <taxonomicClassification>
                        <taxonRankValue>Taeniura sp.</taxonRankValue>
                    </taxonomicClassification>
                    <taxonomicClassification>
                        <taxonRankValue>Trachinotus baillonii</taxonRankValue>
                    </taxonomicClassification>
                    <taxonomicClassification>
                        <taxonRankValue>Triaenodon obesus</taxonRankValue>
                    </taxonomicClassification>
                    <taxonomicClassification>
                        <taxonRankValue>Tylosurus crocodilus crocodilus</taxonRankValue>
                    </taxonomicClassification>
                    <taxonomicClassification>
                        <taxonRankValue>Variola albimarginata</taxonRankValue>
                    </taxonomicClassification>
                    <taxonomicClassification>
                        <taxonRankValue>Variola louti</taxonRankValue>
                    </taxonomicClassification>
                    <taxonomicClassification>
                        <taxonRankValue>Zanclus cornutus</taxonRankValue>
                    </taxonomicClassification>
                    <taxonomicClassification>
                        <taxonRankValue>Zebrasoma rostratum</taxonRankValue>
                    </taxonomicClassification>
                    <taxonomicClassification>
                        <taxonRankValue>Zebrasoma scopas</taxonRankValue>
                    </taxonomicClassification>
                    <taxonomicClassification>
                        <taxonRankValue>Zebrasoma velifer</taxonRankValue>
                    </taxonomicClassification>
              </taxonomicCoverage>
      </coverage>
      <maintenance>
          <description>
              <para></para>
          </description>
          <maintenanceUpdateFrequency>asNeeded</maintenanceUpdateFrequency>
      </maintenance>
      <contact>
    <individualName>
<givenName>Franck</givenName>          <surName>Magron</surName>
    </individualName>
<organizationName>The Pacific Community</organizationName><positionName>Coastal Fisheries Information and Database Manager</positionName>    <address>
<deliveryPoint>BP D5</deliveryPoint><city>Noumea</city><postalCode>98848</postalCode><country>NEW_CALEDONIA</country>    </address>
<phone>(+687) 26.20.00</phone><electronicMailAddress>franckm@spc.int</electronicMailAddress><onlineUrl>http://www.spc.int</onlineUrl>      <userId directory="https://www.linkedin.com/profile/view?id=">franck-magron-43b0983a</userId>
      </contact>
      <methods>
            <methodStep>
                <description>
                    <para>Multiple observations for the same species aggregated by transect and side.</para>
                </description>
            </methodStep>
            <sampling>
                <studyExtent>
                    <description>
                        <para>Rarotonga, Palmerston, Mangaia and Aitutaki in Cook Islands</para>
                    </description>
                </studyExtent>
                <samplingDescription>
                    <para>The status of finfish resources in selected sites was assessed by distance-sampling underwater visual census (D-UVC). The method involves recording the species name, abundance, body length and distance to the transect line of each fish or group of fish observed; the transect consists of a 50 m line, represented on the seafloor by an underwater tape.</para>
                </samplingDescription>
            </sampling>
      </methods>

      <project id="BID-PA2016-0002-REG">
          <title>Pacific Regional Coastal Fisheries Development Programme (CoFish)</title>
          <personnel>
    <individualName>
<givenName>Laurent</givenName>          <surName>Vigliola</surName>
    </individualName>
      <userId directory="http://www.researcherid.com/rid/">J-7107-2016</userId>
    <role>PRINCIPAL_INVESTIGATOR</role>
          </personnel>
          <personnel>
    <individualName>
<givenName>Silvia</givenName>          <surName>Pinca</surName>
    </individualName>
      <userId directory="https://www.linkedin.com/profile/view?id=">silvia-massage-pro-pinca-0023a751</userId>
    <role>PRINCIPAL_INVESTIGATOR</role>
          </personnel>
          <personnel>
    <individualName>
<givenName>Franck</givenName>          <surName>Magron</surName>
    </individualName>
      <userId directory="https://www.linkedin.com/profile/view?id=">franck-magron-43b0983a</userId>
    <role>CURATOR</role>
          </personnel>
          <abstract>
              <para>The Pacific Regional Coastal Fisheries Development Programme (CoFish) and its associated programme PROCFish/C (the coastal component of the Pacific Regional Oceanic and Coastal Fisheries Development Programme) conducted fieldwork in 63 sites across 17 Pacific Island countries and territories over a seven-year period from 2002 to 2009.</para>
          </abstract>
          <funding>
              <para>Funded by the European Union for the implementation of the Pacific Regional Coastal Fisheries Development Programme (CoFish), which ran from 1 May 2004 to 31 December 2009 under funding from the ninth European Development Fund (EDF 9), and the coastal component of the Pacific Regional Oceanic and Coastal Fisheries Development Programme (PROCFish/C), which ran from 1 March 2002 to 28 February 2009 under funding from the eighth European Development Fund (EDF 8).

Data prepared and published under project &quot;Capacity building and data mobilization for conservation and decision making in the South Pacific&quot; - BID-PA2016-0002-REG</para>
          </funding>
            <designDescription>
                <description>
                    <para>The aim of the survey work was to provide baseline information on the status of reef fisheries, and to help fill the massive information gap that hinders the effective management of reef fisheries</para>
                </description>
            </designDescription>
      </project>
</dataset>

<additionalMetadata>
    <metadata>
      <gbif>
        <dateStamp>2020-10-13T11:07:54Z</dateStamp>
      <citation>Pinca S, Awira R, Boblin P, Vigliola L, Sauni S, Magron F (2018). SPC CoFish Fish Observations Cook Islands 2007. Version 1.2. The Pacific Community (SPC). Occurrence dataset https://doi.org/10.15468/sj5ooc accessed via GBIF.org on 2020-10-13.</citation>
              <bibliography>
      <citation identifier="http://purl.org/spc/digilib/doc/3mrtb">Pinca S., Boblin P., Friedman K.J., Kronen M., Magron F., Awira R., Pakoa K., Lasi F., Tardy E., Chapman L.B. 2009. Cook Islands country report: profiles and results from survey work at Aitutaki, Palmerston, Mangaia and Rarotonga (February and October 2007). Pacific Regional Oceanic and Coastal Fisheries Development Programme (PROCFish/C/CoFish). Noumea, New Caledonia: Secretariat of the Pacific Community (SPC). xxxiv, 339 p.</citation>
      <citation identifier="http://purl.org/spc/digilib/doc/fs6ca">Labrosse, P., Kulbicki, M., Ferraris, J. 2002. Underwater visual fish census surveys proper use and implementation. Noumea, New Caledonia: Secretariat of the Pacific Community. REAT: Reef Resources Assessment Tools, vi, 54 p.</citation>
              </bibliography>
              <resourceLogoUrl>https://ipt.sprep.org/logo.do?r=spc_cofish_finfish_cook_islands_2007</resourceLogoUrl>
        </gbif>
    </metadata>
</additionalMetadata>

</eml:eml>
