<?xml version="1.0" encoding="utf-8"?>
<eml:eml xmlns:eml="eml://ecoinformatics.org/eml-2.1.1" xmlns:xsi="http://www.w3.org/2001/XMLSchema-instance"
         xsi:schemaLocation="eml://ecoinformatics.org/eml-2.1.1 http://rs.gbif.org/schema/eml-gbif-profile/1.1/eml.xsd"
        packageId="10.15468/dl.53vu4m"  system="http://gbif.org" scope="system"
  xml:lang="en">

<dataset>
        <alternateIdentifier>0081533-200613084148143</alternateIdentifier>
    <title>GBIF Occurrence Download 10.15468/dl.53vu4m</title>
    <creator>
    <individualName>
          <surName>GBIF Download Service</surName>
    </individualName>
<electronicMailAddress>support@gbif.org</electronicMailAddress>    </creator>
    <metadataProvider>
    <individualName>
          <surName>GBIF Download Service</surName>
    </individualName>
<electronicMailAddress>support@gbif.org</electronicMailAddress>    </metadataProvider>
      <pubDate>
      2020-10-13
      </pubDate>
    <language>ENGLISH</language>
    <abstract>
        <para>A dataset containing all occurrences available in GBIF matching the query:
{
  &quot;and&quot; : [
    &quot;TaxonKey is Squalogadus modificatus Gilbert &amp; Hubbs, 1916&quot;,
    &quot;HasCoordinate is true&quot;,
    &quot;HasGeospatialIssue is false&quot;
  ]
}
The dataset includes records from the following constituent datasets. The full metadata for each constituent is also included in this archive:
1 records from A Dataset of Deep-Sea Fishes Surveyed by Research Vessels in the Waters around Taiwan
1 records from The Fish Database of Taiwan
1 records from Coleção Ictiológica (MNRJ), Museu Nacional (MN), Universidade Federal do Rio de Janeiro(UFRJ)
1 records from AUM Fish Collection
1 records from SIO Marine Vertebrate Collection
2 records from Field Museum of Natural History (Zoology) Fish Collection
2 records from Fishbase
2 records from The Deepwater Program: Northern Gulf of Mexico Continental Slope Habitat and Benthic Ecology - DgoMB: Fishs
3 records from Fish Collection of Natural History Museum and Institute, Chiba
3 records from NORFANZ Biological Survey, Tasman Sea, Australia - New Zealand 2003
3 records from Australian Museum provider for OZCAM
3 records from International Barcode of Life project (iBOL)
3 records from Museum of Comparative Zoology, Harvard University
5 records from NMNH Extant Specimen Records
6 records from CSIRO Ichthyology provider for OZCAM
6 records from Museums Victoria provider for OZCAM
6 records from CAS Ichthyology (ICH)
7 records from Natural History Museum (London) Collection Specimens
8 records from The fishes collection (IC) of the Muséum national d&apos;Histoire naturelle (MNHN - Paris)
10 records from Fish collection of National Museum of Nature and Science
10 records from Dataset of the multidisciplinary research surveys in the seamounts of Ewing and Valdivia Bank (Walvis Ridge) - SE Atlantic
16 records from Biodiversity Research and Teaching Collections - TCWC Vertebrates
16 records from UF FLMNH Ichthyology
</para>
    </abstract>
      <contact>
    <individualName>
          <surName>GBIF Download Service</surName>
    </individualName>
<electronicMailAddress>support@gbif.org</electronicMailAddress>      </contact>

</dataset>

<additionalMetadata>
    <metadata>
      <gbif>
        <dateStamp>2020-10-13T07:50:40Z</dateStamp>
      <citation identifier="10.15468/dl.53vu4m">GBIF Occurrence Download 10.15468/dl.53vu4m</citation>
              <physical>
                  <objectName>Darwin Core Archive</objectName>
                  <characterEncoding>UTF-8</characterEncoding>
                  <dataFormat>
                      <externallyDefinedFormat>
                          <formatName>Darwin Core Archive</formatName>
                      </externallyDefinedFormat>
                  </dataFormat>
                  <distribution>
                      <online>
                          <url function="download">http://api.gbif.org/v1/occurrence/download/request/0081533-200613084148143.zip</url>
                      </online>
                  </distribution>
              </physical>
        </gbif>
    </metadata>
</additionalMetadata>

</eml:eml>
