<?xml version="1.0" encoding="utf-8"?>
<eml:eml xmlns:eml="eml://ecoinformatics.org/eml-2.1.1" xmlns:xsi="http://www.w3.org/2001/XMLSchema-instance"
         xsi:schemaLocation="eml://ecoinformatics.org/eml-2.1.1 http://rs.gbif.org/schema/eml-gbif-profile/1.1/eml.xsd"
        packageId="10.15468/dl.uu8scm"  system="http://gbif.org" scope="system"
  xml:lang="en">

<dataset>
        <alternateIdentifier>0068277-200613084148143</alternateIdentifier>
    <title>GBIF Occurrence Download 10.15468/dl.uu8scm</title>
    <creator>
    <individualName>
          <surName>GBIF Download Service</surName>
    </individualName>
<electronicMailAddress>support@gbif.org</electronicMailAddress>    </creator>
    <metadataProvider>
    <individualName>
          <surName>GBIF Download Service</surName>
    </individualName>
<electronicMailAddress>support@gbif.org</electronicMailAddress>    </metadataProvider>
      <pubDate>
      2020-09-24
      </pubDate>
    <language>ENGLISH</language>
    <abstract>
        <para>A dataset containing all occurrences available in GBIF matching the query:
{
  &quot;and&quot; : [ &quot;TaxonKey is Hyperoglyphe perciformis (Mitchill, 1818)&quot;, &quot;HasCoordinate is true&quot;, &quot;HasGeospatialIssue is false&quot; ]
}
The dataset includes records from the following constituent datasets. The full metadata for each constituent is also included in this archive:
1 records from Field Museum of Natural History (Zoology) Fish Collection
1 records from Canadian Museum of Nature Fish Collection
1 records from Colección de referencia de otolitos, Instituto de Ciencias del Mar-CSIC
1 records from NBIS Records to December 2016
1 records from International Barcode of Life project (iBOL)
1 records from KUBI Ichthyology Tissue Collection
1 records from University of Michigan Museum of Zoology, Division of Fishes
1 records from CAS Ichthyology (ICH)
2 records from NMNH Extant Specimen Records
2 records from Geographically tagged INSDC sequences
2 records from iNaturalist Research-grade Observations
3 records from Northeast Area Monitoring and Assessment Program Near Shore Trawl Survey (NEAMAP)
3 records from Fishbase
3 records from CUMV Fish Collection
3 records from Ichthyology Collection - Royal Ontario Museum
5 records from UF FLMNH Ichthyology
5 records from NCSM Ichthyology Collection
7 records from ECNASAP - East Coast North America Strategic Assessment
8 records from DFO Maritimes Research Vessel Trawl Surveys Fish Observations
8 records from Rare marine fishes taken in Irish waters from 1786 to 2008
8 records from Vertebrate Zoology Division - Ichthyology, Yale Peabody Museum
12 records from Northeast Fisheries Science Center Bottom Trawl Survey Data
13 records from Soviet Trawl Fishery Data (New Zealand Waters) 1964-1987
19 records from Atlantic Reference Centre Museum of Canadian Atlantic Organisms - Invertebrates and Fishes Data
26 records from Museum of Comparative Zoology, Harvard University
</para>
    </abstract>
      <contact>
    <individualName>
          <surName>GBIF Download Service</surName>
    </individualName>
<electronicMailAddress>support@gbif.org</electronicMailAddress>      </contact>

</dataset>

<additionalMetadata>
    <metadata>
      <gbif>
        <dateStamp>2020-09-24T11:26:04Z</dateStamp>
      <citation identifier="10.15468/dl.uu8scm">GBIF Occurrence Download 10.15468/dl.uu8scm</citation>
              <physical>
                  <objectName>Darwin Core Archive</objectName>
                  <characterEncoding>UTF-8</characterEncoding>
                  <dataFormat>
                      <externallyDefinedFormat>
                          <formatName>Darwin Core Archive</formatName>
                      </externallyDefinedFormat>
                  </dataFormat>
                  <distribution>
                      <online>
                          <url function="download">http://api.gbif.org/v1/occurrence/download/request/0068277-200613084148143.zip</url>
                      </online>
                  </distribution>
              </physical>
        </gbif>
    </metadata>
</additionalMetadata>

</eml:eml>
