<?xml version="1.0" encoding="utf-8"?>
<eml:eml xmlns:eml="eml://ecoinformatics.org/eml-2.1.1" xmlns:xsi="http://www.w3.org/2001/XMLSchema-instance"
         xsi:schemaLocation="eml://ecoinformatics.org/eml-2.1.1 http://rs.gbif.org/schema/eml-gbif-profile/1.1/eml.xsd"
        packageId="84899ff6-f762-11e1-a439-00145eb45e9a"  system="http://gbif.org" scope="system"
  xml:lang="en">

<dataset>
      <alternateIdentifier>10.15468/yqu4qj</alternateIdentifier>
        <alternateIdentifier>http://science-net.kahaku.go.jp/ipt2/resource?r=snet-1059-101</alternateIdentifier>
        <alternateIdentifier>http://gbif.science-net.kahaku.go.jp:8081/ipt2/resource?r=snet-1059-101</alternateIdentifier>
        <alternateIdentifier>84899ff6-f762-11e1-a439-00145eb45e9a</alternateIdentifier>
        <alternateIdentifier>591</alternateIdentifier>
    <title>Fish Collection of Yokosuka City Museum</title>
    <creator>
    <individualName>
<givenName>Kiyoshi</givenName>          <surName>Hagiwara</surName>
    </individualName>
<organizationName>Yokosuka City Museum, Japan</organizationName><positionName>Curator</positionName>    <address>
<country>JAPAN</country>    </address>
<electronicMailAddress>kiyoshi-hagiwara@city.yokosuka.kanagawa.jp</electronicMailAddress>    </creator>
    <metadataProvider>
    <individualName>
<givenName>Kiyoshi</givenName>          <surName>Hagiwara</surName>
    </individualName>
<organizationName>Yokosuka City Museum, Japan</organizationName><positionName>Curator</positionName>    <address>
<country>JAPAN</country>    </address>
<electronicMailAddress>kiyoshi-hagiwara@city.yokosuka.kanagawa.jp</electronicMailAddress>    </metadataProvider>
      <pubDate>
      2020-03-06
      </pubDate>
    <language>ENGLISH</language>
    <abstract>
        <para>Database including information about fish specimens deposited in Yokosuka City Museum, Japan</para>
    </abstract>
        <keywordSet>
              <keyword>Occurrence</keyword>
              <keywordThesaurus>GBIF Dataset Type Vocabulary: http://rs.gbif.org/vocabulary/gbif/dataset_type.xml</keywordThesaurus>
        </keywordSet>
      <intellectualRights>
        <para>This work is licensed under a <ulink url="http://creativecommons.org/licenses/by/4.0/legalcode"><citetitle>Creative Commons Attribution (CC-BY) 4.0 License</citetitle></ulink>.</para>
      </intellectualRights>
      <distribution scope="document">
          <online>
              <url function="information">http://www.museum.yokosuka.kanagawa.jp/</url>
          </online>
      </distribution>
      <maintenance>
          <description>
              <para></para>
          </description>
          <maintenanceUpdateFrequency>unkown</maintenanceUpdateFrequency>
      </maintenance>
      <contact>
    <individualName>
<givenName>Kiyoshi</givenName>          <surName>Hagiwara</surName>
    </individualName>
<organizationName>Yokosuka City Museum, Japan</organizationName><positionName>Curator</positionName>    <address>
<country>JAPAN</country>    </address>
<electronicMailAddress>kiyoshi-hagiwara@city.yokosuka.kanagawa.jp</electronicMailAddress><onlineUrl>http://www.museum.yokosuka.kanagawa.jp/</onlineUrl>      </contact>

</dataset>

<additionalMetadata>
    <metadata>
      <gbif>
        <dateStamp>2020-09-24T16:40:18Z</dateStamp>
      <citation>Hagiwara K (2020). Fish Collection of Yokosuka City Museum. National Museum of Nature and Science, Japan. Occurrence dataset https://doi.org/10.15468/yqu4qj accessed via GBIF.org on 2020-09-24.</citation>
        </gbif>
    </metadata>
</additionalMetadata>

</eml:eml>
