<?xml version="1.0" encoding="utf-8"?>
<eml:eml xmlns:eml="eml://ecoinformatics.org/eml-2.1.1" xmlns:xsi="http://www.w3.org/2001/XMLSchema-instance"
         xsi:schemaLocation="eml://ecoinformatics.org/eml-2.1.1 http://rs.gbif.org/schema/eml-gbif-profile/1.1/eml.xsd"
        packageId="10.15468/dl.dqk4yn"  system="http://gbif.org" scope="system"
  xml:lang="en">

<dataset>
        <alternateIdentifier>0068648-200613084148143</alternateIdentifier>
    <title>GBIF Occurrence Download 10.15468/dl.dqk4yn</title>
    <creator>
    <individualName>
          <surName>GBIF Download Service</surName>
    </individualName>
<electronicMailAddress>support@gbif.org</electronicMailAddress>    </creator>
    <metadataProvider>
    <individualName>
          <surName>GBIF Download Service</surName>
    </individualName>
<electronicMailAddress>support@gbif.org</electronicMailAddress>    </metadataProvider>
      <pubDate>
      2020-09-24
      </pubDate>
    <language>ENGLISH</language>
    <abstract>
        <para>A dataset containing all occurrences available in GBIF matching the query:
{
  &quot;and&quot; : [ &quot;TaxonKey is Pseudoscopelus obtusifrons (Fowler, 1934)&quot;, &quot;HasCoordinate is true&quot;, &quot;HasGeospatialIssue is false&quot; ]
}
The dataset includes records from the following constituent datasets. The full metadata for each constituent is also included in this archive:
1 records from Field Museum of Natural History (Zoology) Fish Collection
1 records from ASEAN Fish Occurrences Literature
1 records from CAS Ichthyology (ICH)
1 records from LACM Vertebrate Collection
3 records from Fish collection of National Museum of Nature and Science
4 records from NMNH Extant Specimen Records
4 records from Museum of Comparative Zoology, Harvard University
5 records from Natural History Museum (London) Collection Specimens
25 records from Fishbase
</para>
    </abstract>
      <contact>
    <individualName>
          <surName>GBIF Download Service</surName>
    </individualName>
<electronicMailAddress>support@gbif.org</electronicMailAddress>      </contact>

</dataset>

<additionalMetadata>
    <metadata>
      <gbif>
        <dateStamp>2020-09-24T20:12:47Z</dateStamp>
      <citation identifier="10.15468/dl.dqk4yn">GBIF Occurrence Download 10.15468/dl.dqk4yn</citation>
              <physical>
                  <objectName>Darwin Core Archive</objectName>
                  <characterEncoding>UTF-8</characterEncoding>
                  <dataFormat>
                      <externallyDefinedFormat>
                          <formatName>Darwin Core Archive</formatName>
                      </externallyDefinedFormat>
                  </dataFormat>
                  <distribution>
                      <online>
                          <url function="download">http://api.gbif.org/v1/occurrence/download/request/0068648-200613084148143.zip</url>
                      </online>
                  </distribution>
              </physical>
        </gbif>
    </metadata>
</additionalMetadata>

</eml:eml>
