<?xml version="1.0" encoding="utf-8"?>
<eml:eml xmlns:eml="eml://ecoinformatics.org/eml-2.1.1" xmlns:xsi="http://www.w3.org/2001/XMLSchema-instance"
         xsi:schemaLocation="eml://ecoinformatics.org/eml-2.1.1 http://rs.gbif.org/schema/eml-gbif-profile/1.1/eml.xsd"
        packageId="10.15468/dl.6e6kpr"  system="http://gbif.org" scope="system"
  xml:lang="en">

<dataset>
        <alternateIdentifier>0080750-200613084148143</alternateIdentifier>
    <title>GBIF Occurrence Download 10.15468/dl.6e6kpr</title>
    <creator>
    <individualName>
          <surName>GBIF Download Service</surName>
    </individualName>
<electronicMailAddress>support@gbif.org</electronicMailAddress>    </creator>
    <metadataProvider>
    <individualName>
          <surName>GBIF Download Service</surName>
    </individualName>
<electronicMailAddress>support@gbif.org</electronicMailAddress>    </metadataProvider>
      <pubDate>
      2020-10-12
      </pubDate>
    <language>ENGLISH</language>
    <abstract>
        <para>A dataset containing all occurrences available in GBIF matching the query:
{
  &quot;and&quot; : [
    &quot;TaxonKey is Molva dypterygia (Pennant, 1784)&quot;,
    &quot;HasCoordinate is true&quot;,
    &quot;HasGeospatialIssue is false&quot;
  ]
}
The dataset includes records from the following constituent datasets. The full metadata for each constituent is also included in this archive:
1 records from NMNH Extant Specimen Records
1 records from Artportalen (Swedish Species Observation System)
1 records from Norwegian Biodiversity Information Centre - Other datasets
1 records from Ichthyology Collection - Royal Ontario Museum
1 records from Marine flora and fauna records from the North-east Atlantic
2 records from The Ichthyology Collection at the Staatliches Museum für Naturkunde Stuttgart
2 records from Museum of Comparative Zoology, Harvard University
2 records from University of Michigan Museum of Zoology, Division of Fishes
2 records from Natural History Museum (London) Collection Specimens
3 records from Fish collection NTNU University Museum
3 records from International Barcode of Life project (iBOL)
3 records from Lund Museum of Zoology (MZLU)
4 records from Collection Pisces SMF
5 records from The fishes collection (IC) of the Muséum national d&apos;Histoire naturelle (MNHN - Paris)
5 records from Museu de Ciències Naturals de Barcelona: MCNB-Cord
6 records from Colección de referencia de otolitos, Instituto de Ciencias del Mar-CSIC
13 records from Données naturalistes de Jean-Jacques RIUTORT
24 records from Fishbase
32 records from Norwegian Species Observation Service
82 records from Banco de Datos de la Biodiversidad de la Comunitat Valenciana
</para>
    </abstract>
      <contact>
    <individualName>
          <surName>GBIF Download Service</surName>
    </individualName>
<electronicMailAddress>support@gbif.org</electronicMailAddress>      </contact>

</dataset>

<additionalMetadata>
    <metadata>
      <gbif>
        <dateStamp>2020-10-12T11:07:07Z</dateStamp>
      <citation identifier="10.15468/dl.6e6kpr">GBIF Occurrence Download 10.15468/dl.6e6kpr</citation>
              <physical>
                  <objectName>Darwin Core Archive</objectName>
                  <characterEncoding>UTF-8</characterEncoding>
                  <dataFormat>
                      <externallyDefinedFormat>
                          <formatName>Darwin Core Archive</formatName>
                      </externallyDefinedFormat>
                  </dataFormat>
                  <distribution>
                      <online>
                          <url function="download">http://api.gbif.org/v1/occurrence/download/request/0080750-200613084148143.zip</url>
                      </online>
                  </distribution>
              </physical>
        </gbif>
    </metadata>
</additionalMetadata>

</eml:eml>
