<?xml version="1.0" encoding="utf-8"?>
<eml:eml xmlns:eml="eml://ecoinformatics.org/eml-2.1.1" xmlns:xsi="http://www.w3.org/2001/XMLSchema-instance"
         xsi:schemaLocation="eml://ecoinformatics.org/eml-2.1.1 http://rs.gbif.org/schema/eml-gbif-profile/1.1/eml.xsd"
        packageId="10.15468/dl.zf7atn"  system="http://gbif.org" scope="system"
  xml:lang="en">

<dataset>
        <alternateIdentifier>0068177-200613084148143</alternateIdentifier>
    <title>GBIF Occurrence Download 10.15468/dl.zf7atn</title>
    <creator>
    <individualName>
          <surName>GBIF Download Service</surName>
    </individualName>
<electronicMailAddress>support@gbif.org</electronicMailAddress>    </creator>
    <metadataProvider>
    <individualName>
          <surName>GBIF Download Service</surName>
    </individualName>
<electronicMailAddress>support@gbif.org</electronicMailAddress>    </metadataProvider>
      <pubDate>
      2020-09-24
      </pubDate>
    <language>ENGLISH</language>
    <abstract>
        <para>A dataset containing all occurrences available in GBIF matching the query:
{
  &quot;and&quot; : [ &quot;TaxonKey is Ariomma indicum (Day, 1871)&quot;, &quot;HasCoordinate is true&quot;, &quot;HasGeospatialIssue is false&quot; ]
}
The dataset includes records from the following constituent datasets. The full metadata for each constituent is also included in this archive:
1 records from Fisheries Research Laboratory, Mie University
1 records from Observation.org, Nature data from around the World
1 records from SIO Marine Vertebrate Collection
1 records from Biological Reference Collections ICM-CSIC
1 records from National Museum Of Marine Science &amp; Technology
2 records from IndOBIS, Indian Ocean Node of OBIS
2 records from CSIRO, Cruises, Vertebrate and Invertebrate Fishery Bycatch, North Australia, 1997
2 records from The fishes collection (IC) of the Muséum national d&apos;Histoire naturelle (MNHN - Paris)
2 records from LACM Vertebrate Collection
2 records from Western Australian Museum provider for OZCAM
3 records from European Molecular Biology Laboratory Australian Mirror
3 records from Museums Victoria provider for OZCAM
3 records from Diversidade e ocorrência de peixes na Zambézia (2003-2016)
3 records from Natural History Museum (London) Collection Specimens
4 records from CSIRO Ichthyology provider for OZCAM
4 records from Fishbase
4 records from University of Michigan Museum of Zoology, Division of Fishes
5 records from NMNH Extant Specimen Records
5 records from LSUMZ (LSU MNS) Fishes Collection
5 records from Diversidade e ocorrência de peixes em Inhambane (2009-2017)
6 records from Queensland Museum provider for OZCAM
7 records from Australian Museum provider for OZCAM
8 records from Fish specimens of Kagoshima University Museum
9 records from Museum of Comparative Zoology, Harvard University
11 records from FBIP: IZIKO Marine Bony Fish (1884-2013)
11 records from CSIRO, fish surveys by the Soela, 1980s
16 records from Fish collection of National Museum of Nature and Science
17 records from Northern Territory Museum and Art Gallery provider for OZCAM
21 records from Geographically tagged INSDC sequences
22 records from CSIRO, fish surveys by the Courageous, 1978-1979
27 records from Occurrence records of southern African aquatic biodiversity
31 records from International Barcode of Life project (iBOL)
39 records from North Marine Region demersal fish and invertebrate collection records (DEW collation), Australia (1980 - 1997)
150 records from CSIRO, North West Shelf Demersal Marine Resources Study 1980-1997
</para>
    </abstract>
      <contact>
    <individualName>
          <surName>GBIF Download Service</surName>
    </individualName>
<electronicMailAddress>support@gbif.org</electronicMailAddress>      </contact>

</dataset>

<additionalMetadata>
    <metadata>
      <gbif>
        <dateStamp>2020-09-24T09:45:02Z</dateStamp>
      <citation identifier="10.15468/dl.zf7atn">GBIF Occurrence Download 10.15468/dl.zf7atn</citation>
              <physical>
                  <objectName>Darwin Core Archive</objectName>
                  <characterEncoding>UTF-8</characterEncoding>
                  <dataFormat>
                      <externallyDefinedFormat>
                          <formatName>Darwin Core Archive</formatName>
                      </externallyDefinedFormat>
                  </dataFormat>
                  <distribution>
                      <online>
                          <url function="download">http://api.gbif.org/v1/occurrence/download/request/0068177-200613084148143.zip</url>
                      </online>
                  </distribution>
              </physical>
        </gbif>
    </metadata>
</additionalMetadata>

</eml:eml>
