<?xml version="1.0" encoding="utf-8"?>
<eml:eml xmlns:eml="eml://ecoinformatics.org/eml-2.1.1" xmlns:xsi="http://www.w3.org/2001/XMLSchema-instance"
         xsi:schemaLocation="eml://ecoinformatics.org/eml-2.1.1 http://rs.gbif.org/schema/eml-gbif-profile/1.1/eml.xsd"
        packageId="4704d25f-7944-4c1b-89bb-ed4a2007085b"  system="http://gbif.org" scope="system"
  xml:lang="en">

<dataset>
      <alternateIdentifier>10.15468/tfplam</alternateIdentifier>
        <alternateIdentifier>https://ipt.gbif.es/resource?r=cfm_ieoma</alternateIdentifier>
        <alternateIdentifier>http://ipt.gbif.es/resource?r=cfm_ieoma</alternateIdentifier>
        <alternateIdentifier>4704d25f-7944-4c1b-89bb-ed4a2007085b</alternateIdentifier>
        <alternateIdentifier>8175ad44-f7db-4a8b-a95d-f03fbe39cf29</alternateIdentifier>
        <alternateIdentifier>14716</alternateIdentifier>
    <title>Colección de Fauna Marina del Centro Oceanográfico de Málaga (I.E.O.): CFM-IEOMA</title>
    <creator>
    <individualName>
<givenName>Lourdes</givenName>          <surName>Fernández Peralta</surName>
    </individualName>
<organizationName>Centro Oceanográfico de Málaga, Instituto Español de Oceanografía</organizationName><positionName>Administrative Point Of Contact</positionName>    <address>
<deliveryPoint>Puerto Pesquero s/n</deliveryPoint><city>Fuengirola</city><administrativeArea>Andalucía</administrativeArea><postalCode>29640</postalCode>    </address>
<phone>+34 95 29 71 24</phone><electronicMailAddress>lourdes.fernandez@ieo.es</electronicMailAddress>    </creator>
    <metadataProvider>
    <individualName>
<givenName>Lourdes</givenName>          <surName>Fernández Peralta</surName>
    </individualName>
<organizationName>Centro Oceanográfico de Málaga, Instituto Español de Oceanografía</organizationName><positionName>Administrative Point Of Contact</positionName>    <address>
<deliveryPoint>Puerto Pesquero s/n</deliveryPoint><city>Fuengirola</city><administrativeArea>Andalucía</administrativeArea><postalCode>29640</postalCode>    </address>
<phone>+34 95 29 71 24</phone><electronicMailAddress>lourdes.fernandez@ieo.es</electronicMailAddress>    </metadataProvider>
      <pubDate>
      2018-11-30
      </pubDate>
    <language>ENGLISH</language>
    <abstract>
        <para>&lt;p&gt;El conjunto de datos disponibles representan aproximadamente entre un 5-10 % del total de la colección faunística del Instituto Español de Oceanografía del Centro Oceanográfico de Málaga. Pertenecen a especies ícticas de Mauritania capturadas entre 100 y 2000 m de profundidad. Incluimos 246 ejemplares tanto de teleósteos (137 especies pertenecientes a 65 familias) como elasmobranquios (20 especies pertenecientes a 6 familias), así como un ejemplar de Myxine ios.The available data through GBIF.ES represents 5-10% of the Oceanographic Center of Malaga fauna collection, Spanish Institute of Oceanography. It is made up of fish captured between 100 and 2000 m depth in Mauritania, and comprises 246 Teleostei specimens, i.e. 137 species from 65 families, some Elasmobranchii, i.e. 20 species from 6 families, and one Myxine ios specimen.&lt;/p&gt;
&lt;p&gt;Note: this dataset was previously orphaned. It has been rescued by ① extracting it from the GBIF.org index (see GBIF Download in External Data) and ② republishing it on this IPT data hosting centre as version 1.0.&lt;/p&gt;</para>
    </abstract>
        <keywordSet>
              <keyword>Occurrence</keyword>
              <keywordThesaurus>GBIF Dataset Type Vocabulary: http://rs.gbif.org/vocabulary/gbif/dataset_type.xml</keywordThesaurus>
        </keywordSet>
      <intellectualRights>
        <para>This work is licensed under a <ulink url="http://creativecommons.org/licenses/by/4.0/legalcode"><citetitle>Creative Commons Attribution (CC-BY) 4.0 License</citetitle></ulink>.</para>
      </intellectualRights>
      <maintenance>
          <description>
              <para></para>
          </description>
          <maintenanceUpdateFrequency>unkown</maintenanceUpdateFrequency>
      </maintenance>
      <contact>
    <individualName>
<givenName>Lourdes</givenName>          <surName>Fernández Peralta</surName>
    </individualName>
<organizationName>Centro Oceanográfico de Málaga, Instituto Español de Oceanografía</organizationName><positionName>Administrative Point Of Contact</positionName>    <address>
<deliveryPoint>Puerto Pesquero s/n</deliveryPoint><city>Fuengirola</city><administrativeArea>Andalucía</administrativeArea><postalCode>29640</postalCode>    </address>
<phone>+34 95 29 71 24</phone><electronicMailAddress>lourdes.fernandez@ieo.es</electronicMailAddress>      </contact>

</dataset>

<additionalMetadata>
    <metadata>
      <gbif>
        <dateStamp>2020-10-08T08:47:33Z</dateStamp>
      <citation>Fernández Peralta L (2018). Colección de Fauna Marina del Centro Oceanográfico de Málaga (I.E.O.): CFM-IEOMA. Version 1.4. Oceanographic Center of Malaga, Spanish Institute of Oceanography (IEO). Occurrence dataset https://doi.org/10.15468/tfplam accessed via GBIF.org on 2020-10-08.</citation>
        </gbif>
    </metadata>
</additionalMetadata>

</eml:eml>
