<?xml version="1.0" encoding="utf-8"?>
<eml:eml xmlns:eml="eml://ecoinformatics.org/eml-2.1.1" xmlns:xsi="http://www.w3.org/2001/XMLSchema-instance"
         xsi:schemaLocation="eml://ecoinformatics.org/eml-2.1.1 http://rs.gbif.org/schema/eml-gbif-profile/1.1/eml.xsd"
        packageId="10.15468/dl.zykyw6"  system="http://gbif.org" scope="system"
  xml:lang="en">

<dataset>
        <alternateIdentifier>0081601-200613084148143</alternateIdentifier>
    <title>GBIF Occurrence Download 10.15468/dl.zykyw6</title>
    <creator>
    <individualName>
          <surName>GBIF Download Service</surName>
    </individualName>
<electronicMailAddress>support@gbif.org</electronicMailAddress>    </creator>
    <metadataProvider>
    <individualName>
          <surName>GBIF Download Service</surName>
    </individualName>
<electronicMailAddress>support@gbif.org</electronicMailAddress>    </metadataProvider>
      <pubDate>
      2020-10-13
      </pubDate>
    <language>ENGLISH</language>
    <abstract>
        <para>A dataset containing all occurrences available in GBIF matching the query:
{
  &quot;and&quot; : [
    &quot;TaxonKey is Exocoetus obtusirostris Günther, 1866&quot;,
    &quot;HasCoordinate is true&quot;,
    &quot;HasGeospatialIssue is false&quot;
  ]
}
The dataset includes records from the following constituent datasets. The full metadata for each constituent is also included in this archive:
1 records from UWFC Ichthyology Collection
1 records from Collection Pisces SMF
1 records from Australian Museum provider for OZCAM
1 records from Colección de referencia de otolitos, Instituto de Ciencias del Mar-CSIC
1 records from International Barcode of Life project (iBOL)
1 records from Natural History Museum (London) Collection Specimens
2 records from KUBI Ichthyology Collection
2 records from Biological observations from the Discovery Investigations 1925-1952
2 records from CUMV Fish Collection
2 records from University of Michigan Museum of Zoology, Division of Fishes
2 records from CAS Ichthyology (ICH)
2 records from Western Australian Museum provider for OZCAM
4 records from Biodiversity Research and Teaching Collections - TCWC Vertebrates
5 records from Geographically tagged INSDC sequences
5 records from The fishes collection (IC) of the Muséum national d&apos;Histoire naturelle (MNHN - Paris)
5 records from LACM Vertebrate Collection
9 records from Field Museum of Natural History (Zoology) Fish Collection
11 records from NCSM Ichthyology Collection
21 records from Fishbase
21 records from Ichthyology Collection - Royal Ontario Museum
25 records from Vertebrate Zoology Division - Ichthyology, Yale Peabody Museum
41 records from UF FLMNH Ichthyology
45 records from Biological observations from the Dana Expedition Reports
58 records from SIO Marine Vertebrate Collection
60 records from Museum of Comparative Zoology, Harvard University
145 records from NMNH Extant Specimen Records
</para>
    </abstract>
      <contact>
    <individualName>
          <surName>GBIF Download Service</surName>
    </individualName>
<electronicMailAddress>support@gbif.org</electronicMailAddress>      </contact>

</dataset>

<additionalMetadata>
    <metadata>
      <gbif>
        <dateStamp>2020-10-13T09:15:45Z</dateStamp>
      <citation identifier="10.15468/dl.zykyw6">GBIF Occurrence Download 10.15468/dl.zykyw6</citation>
              <physical>
                  <objectName>Darwin Core Archive</objectName>
                  <characterEncoding>UTF-8</characterEncoding>
                  <dataFormat>
                      <externallyDefinedFormat>
                          <formatName>Darwin Core Archive</formatName>
                      </externallyDefinedFormat>
                  </dataFormat>
                  <distribution>
                      <online>
                          <url function="download">http://api.gbif.org/v1/occurrence/download/request/0081601-200613084148143.zip</url>
                      </online>
                  </distribution>
              </physical>
        </gbif>
    </metadata>
</additionalMetadata>

</eml:eml>
