<?xml version="1.0" encoding="utf-8"?>
<eml:eml xmlns:eml="eml://ecoinformatics.org/eml-2.1.1" xmlns:xsi="http://www.w3.org/2001/XMLSchema-instance"
         xsi:schemaLocation="eml://ecoinformatics.org/eml-2.1.1 http://rs.gbif.org/schema/eml-gbif-profile/1.1/eml.xsd"
        packageId="941c9436-9171-4e26-b623-74765d5e3362"  system="http://gbif.org" scope="system"
  xml:lang="en">

<dataset>
      <alternateIdentifier>10.15468/ijxtqz</alternateIdentifier>
        <alternateIdentifier>941c9436-9171-4e26-b623-74765d5e3362</alternateIdentifier>
        <alternateIdentifier>https://ipt.sprep.org/resource?r=spc_cofish_finfish_palau_2007</alternateIdentifier>
    <title>SPC CoFish Fish Observations Palau 2007</title>
    <creator>
    <individualName>
<givenName>Silvia</givenName>          <surName>Pinca</surName>
    </individualName>
<organizationName>The Pacific Community</organizationName><positionName>Senior Reef Fisheries Scientist</positionName>    <address>
<deliveryPoint>BP D5</deliveryPoint><city>Noumea</city><postalCode>98848</postalCode><country>NEW_CALEDONIA</country>    </address>
<phone>(+687) 26.20.00</phone><onlineUrl>http://www.spc.int</onlineUrl>      <userId directory="https://www.linkedin.com/profile/view?id=">silvia-massage-pro-pinca-0023a751</userId>
    </creator>
    <creator>
    <individualName>
<givenName>Ribanataake</givenName>          <surName>Awira</surName>
    </individualName>
<organizationName>The Pacific Community</organizationName><positionName>Reef Fisheries Officer</positionName>    <address>
<deliveryPoint>BP D5</deliveryPoint><city>Noumea</city><postalCode>98848</postalCode><country>NEW_CALEDONIA</country>    </address>
<phone>(+687) 26.20.00</phone><onlineUrl>http://www.spc.int</onlineUrl>      <userId directory="https://www.linkedin.com/profile/view?id=">ribanataake-awira-14634515a</userId>
    </creator>
    <creator>
    <individualName>
<givenName>Pierre</givenName>          <surName>Boblin</surName>
    </individualName>
<organizationName>The Pacific Community</organizationName><positionName>Reef Fisheries Officer</positionName>    <address>
<deliveryPoint>BP D5</deliveryPoint><city>Noumea</city><postalCode>98848</postalCode><country>NEW_CALEDONIA</country>    </address>
<phone>(+687) 26.20.00</phone><onlineUrl>http://www.spc.int</onlineUrl>    </creator>
    <creator>
    <individualName>
<givenName>Noel</givenName>          <surName>Wangunu</surName>
    </individualName>
<organizationName>Conservation International</organizationName><positionName>Marine Biologist</positionName>    <address>
<country>PAPUA_NEW_GUINEA</country>    </address>
      <userId directory="https://www.linkedin.com/profile/view?id=">noel-wangunu-07567978</userId>
    </creator>
    <creator>
    <individualName>
<givenName>Peter</givenName>          <surName>Ramohia</surName>
    </individualName>
<organizationName>The Nature Conservancy</organizationName><positionName>Marine Conservation Officer</positionName>    <address>
<country>SOLOMON_ISLANDS</country>    </address>
      <userId directory="https://www.linkedin.com/profile/view?id=">peter-c-ramohia-73518033</userId>
    </creator>
    <creator>
    <individualName>
<givenName>Laurent</givenName>          <surName>Vigliola</surName>
    </individualName>
<organizationName>The Pacific Community</organizationName><positionName>Senior Reef Fisheries Scientist</positionName>    <address>
<deliveryPoint>BP D5</deliveryPoint><city>Noumea</city><postalCode>98848</postalCode><country>NEW_CALEDONIA</country>    </address>
<phone>(+687) 26.20.00</phone><onlineUrl>http://www.spc.int</onlineUrl>      <userId directory="http://www.researcherid.com/rid/">J-7107-2016</userId>
    </creator>
    <creator>
    <individualName>
<givenName>Samasoni</givenName>          <surName>Sauni</surName>
    </individualName>
<organizationName>The Pacific Community</organizationName><positionName>Senior Reef Fisheries Scientist</positionName>    <address>
<deliveryPoint>BP D5</deliveryPoint><city>Noumea</city><postalCode>98848</postalCode><country>NEW_CALEDONIA</country>    </address>
<phone>(+687) 26.20.00</phone><onlineUrl>http://www.spc.int</onlineUrl>      <userId directory="https://www.linkedin.com/profile/view?id=">samasoni-sauni-043226161</userId>
    </creator>
    <metadataProvider>
    <individualName>
<givenName>Franck</givenName>          <surName>Magron</surName>
    </individualName>
<organizationName>The Pacific Community</organizationName><positionName>Coastal Fisheries Information and Database Manager</positionName>    <address>
<deliveryPoint>BP D5</deliveryPoint><city>Noumea</city><postalCode>98848</postalCode><country>NEW_CALEDONIA</country>    </address>
<phone>(+687) 26.20.00</phone><electronicMailAddress>franckm@spc.int</electronicMailAddress><onlineUrl>http://www.spc.int</onlineUrl>      <userId directory="https://www.linkedin.com/profile/view?id=">franck-magron-43b0983a</userId>
    </metadataProvider>
    <associatedParty>
    <individualName>
<givenName>Leon</givenName>          <surName>Remengesau</surName>
    </individualName>
<organizationName>Bureau of Marine Resources (BMR)</organizationName><positionName>Director</positionName>    <address>
<deliveryPoint>PO Box 359</deliveryPoint><city>Koror</city><country>PALAU</country>    </address>
<phone>(+680) 7673125</phone><electronicMailAddress>tekoilchei@palaunet.com</electronicMailAddress>    <role>OWNER</role>
    </associatedParty>
      <pubDate>
      2018-08-23
      </pubDate>
    <language>ENGLISH</language>
    <abstract>
        <para>Coastal fish species of commercial interest observed on Underwater Visual Census transects in Palau during the CoFish surveys in Koror, Ngarchelong, Ngatpang and Airai (2007). The individual counts correspond to the observations by a single diver (one side) on the 50 m transect, from the transect line up to visibility (distance sampling).</para>
    </abstract>
        <keywordSet>
              <keyword>Occurrence</keyword>
              <keywordThesaurus>GBIF Dataset Type Vocabulary: http://rs.gbif.org/vocabulary/gbif/dataset_type.xml</keywordThesaurus>
        </keywordSet>
        <keywordSet>
              <keyword>Observation</keyword>
              <keywordThesaurus>GBIF Dataset Subtype Vocabulary: http://rs.gbif.org/vocabulary/gbif/dataset_subtype.xml</keywordThesaurus>
        </keywordSet>
        <keywordSet>
              <keyword>UVC</keyword>
              <keyword>CoFish</keyword>
              <keyword>SPC</keyword>
              <keyword>Fish</keyword>
              <keyword>PROCFish/C</keyword>
              <keywordThesaurus>n/a</keywordThesaurus>
        </keywordSet>
      <intellectualRights>
        <para>This work is licensed under a <ulink url="http://creativecommons.org/licenses/by-nc/4.0/legalcode"><citetitle>Creative Commons Attribution Non Commercial (CC-BY-NC) 4.0 License</citetitle></ulink>.</para>
      </intellectualRights>
      <coverage>
            <geographicCoverage>
                  <geographicDescription>Koror, Ngarchelong, Ngatpang and Airai in Palau</geographicDescription>
                  <boundingCoordinates>
                      <westBoundingCoordinate>134.183</westBoundingCoordinate>
                      <eastBoundingCoordinate>134.662</eastBoundingCoordinate>
                      <northBoundingCoordinate>7.823</northBoundingCoordinate>
                      <southBoundingCoordinate>7.124</southBoundingCoordinate>
                  </boundingCoordinates>
            </geographicCoverage>
          <temporalCoverage>
            <rangeOfDates>
              <beginDate>
                <calendarDate>      2007-04-17
</calendarDate>
              </beginDate>
              <endDate>
                <calendarDate>      2007-05-07
</calendarDate>
              </endDate>
            </rangeOfDates>
          </temporalCoverage>
              <taxonomicCoverage>
                    <taxonomicClassification>
                        <taxonRankValue>Acanthocybium solandri</taxonRankValue>
                    </taxonomicClassification>
                    <taxonomicClassification>
                        <taxonRankValue>Acanthurus bariene</taxonRankValue>
                    </taxonomicClassification>
                    <taxonomicClassification>
                        <taxonRankValue>Acanthurus blochii</taxonRankValue>
                    </taxonomicClassification>
                    <taxonomicClassification>
                        <taxonRankValue>Acanthurus dussumieri</taxonRankValue>
                    </taxonomicClassification>
                    <taxonomicClassification>
                        <taxonRankValue>Acanthurus fowleri</taxonRankValue>
                    </taxonomicClassification>
                    <taxonomicClassification>
                        <taxonRankValue>Acanthurus guttatus</taxonRankValue>
                    </taxonomicClassification>
                    <taxonomicClassification>
                        <taxonRankValue>Acanthurus leucocheilus</taxonRankValue>
                    </taxonomicClassification>
                    <taxonomicClassification>
                        <taxonRankValue>Acanthurus lineatus</taxonRankValue>
                    </taxonomicClassification>
                    <taxonomicClassification>
                        <taxonRankValue>Acanthurus maculiceps</taxonRankValue>
                    </taxonomicClassification>
                    <taxonomicClassification>
                        <taxonRankValue>Acanthurus nigricans</taxonRankValue>
                    </taxonomicClassification>
                    <taxonomicClassification>
                        <taxonRankValue>Acanthurus nigricauda</taxonRankValue>
                    </taxonomicClassification>
                    <taxonomicClassification>
                        <taxonRankValue>Acanthurus nigrofuscus</taxonRankValue>
                    </taxonomicClassification>
                    <taxonomicClassification>
                        <taxonRankValue>Acanthurus nigroris</taxonRankValue>
                    </taxonomicClassification>
                    <taxonomicClassification>
                        <taxonRankValue>Acanthurus olivaceus</taxonRankValue>
                    </taxonomicClassification>
                    <taxonomicClassification>
                        <taxonRankValue>Acanthurus pyroferus</taxonRankValue>
                    </taxonomicClassification>
                    <taxonomicClassification>
                        <taxonRankValue>Acanthurus sp.</taxonRankValue>
                    </taxonomicClassification>
                    <taxonomicClassification>
                        <taxonRankValue>Acanthurus thompsoni</taxonRankValue>
                    </taxonomicClassification>
                    <taxonomicClassification>
                        <taxonRankValue>Acanthurus triostegus</taxonRankValue>
                    </taxonomicClassification>
                    <taxonomicClassification>
                        <taxonRankValue>Acanthurus xanthopterus</taxonRankValue>
                    </taxonomicClassification>
                    <taxonomicClassification>
                        <taxonRankValue>Aethaloperca rogaa</taxonRankValue>
                    </taxonomicClassification>
                    <taxonomicClassification>
                        <taxonRankValue>Alectis ciliaris</taxonRankValue>
                    </taxonomicClassification>
                    <taxonomicClassification>
                        <taxonRankValue>Aluterus scriptus</taxonRankValue>
                    </taxonomicClassification>
                    <taxonomicClassification>
                        <taxonRankValue>Anyperodon leucogrammicus</taxonRankValue>
                    </taxonomicClassification>
                    <taxonomicClassification>
                        <taxonRankValue>Aphareus furca</taxonRankValue>
                    </taxonomicClassification>
                    <taxonomicClassification>
                        <taxonRankValue>Aprion virescens</taxonRankValue>
                    </taxonomicClassification>
                    <taxonomicClassification>
                        <taxonRankValue>Arothron nigropunctatus</taxonRankValue>
                    </taxonomicClassification>
                    <taxonomicClassification>
                        <taxonRankValue>Arothron stellatus</taxonRankValue>
                    </taxonomicClassification>
                    <taxonomicClassification>
                        <taxonRankValue>Balistapus sp.</taxonRankValue>
                    </taxonomicClassification>
                    <taxonomicClassification>
                        <taxonRankValue>Balistapus undulatus</taxonRankValue>
                    </taxonomicClassification>
                    <taxonomicClassification>
                        <taxonRankValue>Balistoides conspicillum</taxonRankValue>
                    </taxonomicClassification>
                    <taxonomicClassification>
                        <taxonRankValue>Balistoides viridescens</taxonRankValue>
                    </taxonomicClassification>
                    <taxonomicClassification>
                        <taxonRankValue>Bodianus mesothorax</taxonRankValue>
                    </taxonomicClassification>
                    <taxonomicClassification>
                        <taxonRankValue>Bodianus perditio</taxonRankValue>
                    </taxonomicClassification>
                    <taxonomicClassification>
                        <taxonRankValue>Bolbometopon muricatum</taxonRankValue>
                    </taxonomicClassification>
                    <taxonomicClassification>
                        <taxonRankValue>Caesio caerulaurea</taxonRankValue>
                    </taxonomicClassification>
                    <taxonomicClassification>
                        <taxonRankValue>Caesio cuning</taxonRankValue>
                    </taxonomicClassification>
                    <taxonomicClassification>
                        <taxonRankValue>Caesio lunaris</taxonRankValue>
                    </taxonomicClassification>
                    <taxonomicClassification>
                        <taxonRankValue>Caesio sp.</taxonRankValue>
                    </taxonomicClassification>
                    <taxonomicClassification>
                        <taxonRankValue>Caesio teres</taxonRankValue>
                    </taxonomicClassification>
                    <taxonomicClassification>
                        <taxonRankValue>Calotomus carolinus</taxonRankValue>
                    </taxonomicClassification>
                    <taxonomicClassification>
                        <taxonRankValue>Carangoides ferdau</taxonRankValue>
                    </taxonomicClassification>
                    <taxonomicClassification>
                        <taxonRankValue>Carangoides orthogrammus</taxonRankValue>
                    </taxonomicClassification>
                    <taxonomicClassification>
                        <taxonRankValue>Carangoides plagiotaenia</taxonRankValue>
                    </taxonomicClassification>
                    <taxonomicClassification>
                        <taxonRankValue>Caranx lugubris</taxonRankValue>
                    </taxonomicClassification>
                    <taxonomicClassification>
                        <taxonRankValue>Caranx melampygus</taxonRankValue>
                    </taxonomicClassification>
                    <taxonomicClassification>
                        <taxonRankValue>Caranx sexfasciatus</taxonRankValue>
                    </taxonomicClassification>
                    <taxonomicClassification>
                        <taxonRankValue>Carcharhinus amblyrhynchos</taxonRankValue>
                    </taxonomicClassification>
                    <taxonomicClassification>
                        <taxonRankValue>Carcharhinus melanopterus</taxonRankValue>
                    </taxonomicClassification>
                    <taxonomicClassification>
                        <taxonRankValue>Centropyge bicolor</taxonRankValue>
                    </taxonomicClassification>
                    <taxonomicClassification>
                        <taxonRankValue>Cephalopholis argus</taxonRankValue>
                    </taxonomicClassification>
                    <taxonomicClassification>
                        <taxonRankValue>Cephalopholis boenak</taxonRankValue>
                    </taxonomicClassification>
                    <taxonomicClassification>
                        <taxonRankValue>Cephalopholis cyanostigma</taxonRankValue>
                    </taxonomicClassification>
                    <taxonomicClassification>
                        <taxonRankValue>Cephalopholis miniata</taxonRankValue>
                    </taxonomicClassification>
                    <taxonomicClassification>
                        <taxonRankValue>Cephalopholis sexmaculata</taxonRankValue>
                    </taxonomicClassification>
                    <taxonomicClassification>
                        <taxonRankValue>Cephalopholis sp.</taxonRankValue>
                    </taxonomicClassification>
                    <taxonomicClassification>
                        <taxonRankValue>Cephalopholis urodeta</taxonRankValue>
                    </taxonomicClassification>
                    <taxonomicClassification>
                        <taxonRankValue>Cetoscarus ocellatus</taxonRankValue>
                    </taxonomicClassification>
                    <taxonomicClassification>
                        <taxonRankValue>Chaetodon aureofasciatus</taxonRankValue>
                    </taxonomicClassification>
                    <taxonomicClassification>
                        <taxonRankValue>Chaetodon auriga</taxonRankValue>
                    </taxonomicClassification>
                    <taxonomicClassification>
                        <taxonRankValue>Chaetodon baronessa</taxonRankValue>
                    </taxonomicClassification>
                    <taxonomicClassification>
                        <taxonRankValue>Chaetodon bennetti</taxonRankValue>
                    </taxonomicClassification>
                    <taxonomicClassification>
                        <taxonRankValue>Chaetodon capistratus</taxonRankValue>
                    </taxonomicClassification>
                    <taxonomicClassification>
                        <taxonRankValue>Chaetodon citrinellus</taxonRankValue>
                    </taxonomicClassification>
                    <taxonomicClassification>
                        <taxonRankValue>Chaetodon ephippium</taxonRankValue>
                    </taxonomicClassification>
                    <taxonomicClassification>
                        <taxonRankValue>Chaetodon kleinii</taxonRankValue>
                    </taxonomicClassification>
                    <taxonomicClassification>
                        <taxonRankValue>Chaetodon lineolatus</taxonRankValue>
                    </taxonomicClassification>
                    <taxonomicClassification>
                        <taxonRankValue>Chaetodon lunula</taxonRankValue>
                    </taxonomicClassification>
                    <taxonomicClassification>
                        <taxonRankValue>Chaetodon lunulatus</taxonRankValue>
                    </taxonomicClassification>
                    <taxonomicClassification>
                        <taxonRankValue>Chaetodon melannotus</taxonRankValue>
                    </taxonomicClassification>
                    <taxonomicClassification>
                        <taxonRankValue>Chaetodon mertensii</taxonRankValue>
                    </taxonomicClassification>
                    <taxonomicClassification>
                        <taxonRankValue>Chaetodon meyeri</taxonRankValue>
                    </taxonomicClassification>
                    <taxonomicClassification>
                        <taxonRankValue>Chaetodon octofasciatus</taxonRankValue>
                    </taxonomicClassification>
                    <taxonomicClassification>
                        <taxonRankValue>Chaetodon ornatissimus</taxonRankValue>
                    </taxonomicClassification>
                    <taxonomicClassification>
                        <taxonRankValue>Chaetodon oxycephalus</taxonRankValue>
                    </taxonomicClassification>
                    <taxonomicClassification>
                        <taxonRankValue>Chaetodon pelewensis</taxonRankValue>
                    </taxonomicClassification>
                    <taxonomicClassification>
                        <taxonRankValue>Chaetodon plebeius</taxonRankValue>
                    </taxonomicClassification>
                    <taxonomicClassification>
                        <taxonRankValue>Chaetodon punctatofasciatus</taxonRankValue>
                    </taxonomicClassification>
                    <taxonomicClassification>
                        <taxonRankValue>Chaetodon rafflesii</taxonRankValue>
                    </taxonomicClassification>
                    <taxonomicClassification>
                        <taxonRankValue>Chaetodon reticulatus</taxonRankValue>
                    </taxonomicClassification>
                    <taxonomicClassification>
                        <taxonRankValue>Chaetodon semeion</taxonRankValue>
                    </taxonomicClassification>
                    <taxonomicClassification>
                        <taxonRankValue>Chaetodon sp.</taxonRankValue>
                    </taxonomicClassification>
                    <taxonomicClassification>
                        <taxonRankValue>Chaetodon speculum</taxonRankValue>
                    </taxonomicClassification>
                    <taxonomicClassification>
                        <taxonRankValue>Chaetodon trifascialis</taxonRankValue>
                    </taxonomicClassification>
                    <taxonomicClassification>
                        <taxonRankValue>Chaetodon ulietensis</taxonRankValue>
                    </taxonomicClassification>
                    <taxonomicClassification>
                        <taxonRankValue>Chaetodon unimaculatus</taxonRankValue>
                    </taxonomicClassification>
                    <taxonomicClassification>
                        <taxonRankValue>Chaetodon vagabundus</taxonRankValue>
                    </taxonomicClassification>
                    <taxonomicClassification>
                        <taxonRankValue>Cheilinus chlorourus</taxonRankValue>
                    </taxonomicClassification>
                    <taxonomicClassification>
                        <taxonRankValue>Cheilinus fasciatus</taxonRankValue>
                    </taxonomicClassification>
                    <taxonomicClassification>
                        <taxonRankValue>Cheilinus oxycephalus</taxonRankValue>
                    </taxonomicClassification>
                    <taxonomicClassification>
                        <taxonRankValue>Cheilinus trilobatus</taxonRankValue>
                    </taxonomicClassification>
                    <taxonomicClassification>
                        <taxonRankValue>Cheilinus undulatus</taxonRankValue>
                    </taxonomicClassification>
                    <taxonomicClassification>
                        <taxonRankValue>Chlorurus bleekeri</taxonRankValue>
                    </taxonomicClassification>
                    <taxonomicClassification>
                        <taxonRankValue>Chlorurus bowersi</taxonRankValue>
                    </taxonomicClassification>
                    <taxonomicClassification>
                        <taxonRankValue>Chlorurus frontalis</taxonRankValue>
                    </taxonomicClassification>
                    <taxonomicClassification>
                        <taxonRankValue>Chlorurus japanensis</taxonRankValue>
                    </taxonomicClassification>
                    <taxonomicClassification>
                        <taxonRankValue>Chlorurus microrhinos</taxonRankValue>
                    </taxonomicClassification>
                    <taxonomicClassification>
                        <taxonRankValue>Chlorurus sordidus</taxonRankValue>
                    </taxonomicClassification>
                    <taxonomicClassification>
                        <taxonRankValue>Choerodon anchorago</taxonRankValue>
                    </taxonomicClassification>
                    <taxonomicClassification>
                        <taxonRankValue>Choerodon fasciatus</taxonRankValue>
                    </taxonomicClassification>
                    <taxonomicClassification>
                        <taxonRankValue>Choerodon jordani</taxonRankValue>
                    </taxonomicClassification>
                    <taxonomicClassification>
                        <taxonRankValue>Coris aygula</taxonRankValue>
                    </taxonomicClassification>
                    <taxonomicClassification>
                        <taxonRankValue>Coris gaimard</taxonRankValue>
                    </taxonomicClassification>
                    <taxonomicClassification>
                        <taxonRankValue>Ctenochaetus binotatus</taxonRankValue>
                    </taxonomicClassification>
                    <taxonomicClassification>
                        <taxonRankValue>Ctenochaetus flavicauda</taxonRankValue>
                    </taxonomicClassification>
                    <taxonomicClassification>
                        <taxonRankValue>Ctenochaetus striatus</taxonRankValue>
                    </taxonomicClassification>
                    <taxonomicClassification>
                        <taxonRankValue>Ctenochaetus strigosus</taxonRankValue>
                    </taxonomicClassification>
                    <taxonomicClassification>
                        <taxonRankValue>Decapterus sp.</taxonRankValue>
                    </taxonomicClassification>
                    <taxonomicClassification>
                        <taxonRankValue>Diodon hystrix</taxonRankValue>
                    </taxonomicClassification>
                    <taxonomicClassification>
                        <taxonRankValue>Elagatis bipinnulata</taxonRankValue>
                    </taxonomicClassification>
                    <taxonomicClassification>
                        <taxonRankValue>Epibulus insidiator</taxonRankValue>
                    </taxonomicClassification>
                    <taxonomicClassification>
                        <taxonRankValue>Epinephelus areolatus</taxonRankValue>
                    </taxonomicClassification>
                    <taxonomicClassification>
                        <taxonRankValue>Epinephelus fuscoguttatus</taxonRankValue>
                    </taxonomicClassification>
                    <taxonomicClassification>
                        <taxonRankValue>Epinephelus hexagonatus</taxonRankValue>
                    </taxonomicClassification>
                    <taxonomicClassification>
                        <taxonRankValue>Epinephelus macrospilos</taxonRankValue>
                    </taxonomicClassification>
                    <taxonomicClassification>
                        <taxonRankValue>Epinephelus merra</taxonRankValue>
                    </taxonomicClassification>
                    <taxonomicClassification>
                        <taxonRankValue>Epinephelus ongus</taxonRankValue>
                    </taxonomicClassification>
                    <taxonomicClassification>
                        <taxonRankValue>Epinephelus polyphekadion</taxonRankValue>
                    </taxonomicClassification>
                    <taxonomicClassification>
                        <taxonRankValue>Epinephelus sp.</taxonRankValue>
                    </taxonomicClassification>
                    <taxonomicClassification>
                        <taxonRankValue>Epinephelus spilotoceps</taxonRankValue>
                    </taxonomicClassification>
                    <taxonomicClassification>
                        <taxonRankValue>Forcipiger flavissimus</taxonRankValue>
                    </taxonomicClassification>
                    <taxonomicClassification>
                        <taxonRankValue>Forcipiger longirostris</taxonRankValue>
                    </taxonomicClassification>
                    <taxonomicClassification>
                        <taxonRankValue>Gnathanodon speciosus</taxonRankValue>
                    </taxonomicClassification>
                    <taxonomicClassification>
                        <taxonRankValue>Gnathodentex aureolineatus</taxonRankValue>
                    </taxonomicClassification>
                    <taxonomicClassification>
                        <taxonRankValue>Gracila albomarginata</taxonRankValue>
                    </taxonomicClassification>
                    <taxonomicClassification>
                        <taxonRankValue>Gymnocranius sp.</taxonRankValue>
                    </taxonomicClassification>
                    <taxonomicClassification>
                        <taxonRankValue>Hemigymnus fasciatus</taxonRankValue>
                    </taxonomicClassification>
                    <taxonomicClassification>
                        <taxonRankValue>Hemigymnus melapterus</taxonRankValue>
                    </taxonomicClassification>
                    <taxonomicClassification>
                        <taxonRankValue>Hemitaurichthys polylepis</taxonRankValue>
                    </taxonomicClassification>
                    <taxonomicClassification>
                        <taxonRankValue>Heniochus acuminatus</taxonRankValue>
                    </taxonomicClassification>
                    <taxonomicClassification>
                        <taxonRankValue>Heniochus chrysostomus</taxonRankValue>
                    </taxonomicClassification>
                    <taxonomicClassification>
                        <taxonRankValue>Heniochus monoceros</taxonRankValue>
                    </taxonomicClassification>
                    <taxonomicClassification>
                        <taxonRankValue>Heniochus varius</taxonRankValue>
                    </taxonomicClassification>
                    <taxonomicClassification>
                        <taxonRankValue>Hipposcarus longiceps</taxonRankValue>
                    </taxonomicClassification>
                    <taxonomicClassification>
                        <taxonRankValue>Katsuwonus pelamis</taxonRankValue>
                    </taxonomicClassification>
                    <taxonomicClassification>
                        <taxonRankValue>Kyphosus cinerascens</taxonRankValue>
                    </taxonomicClassification>
                    <taxonomicClassification>
                        <taxonRankValue>Kyphosus vaigiensis</taxonRankValue>
                    </taxonomicClassification>
                    <taxonomicClassification>
                        <taxonRankValue>Lethrinus atkinsoni</taxonRankValue>
                    </taxonomicClassification>
                    <taxonomicClassification>
                        <taxonRankValue>Lethrinus erythracanthus</taxonRankValue>
                    </taxonomicClassification>
                    <taxonomicClassification>
                        <taxonRankValue>Lethrinus erythropterus</taxonRankValue>
                    </taxonomicClassification>
                    <taxonomicClassification>
                        <taxonRankValue>Lethrinus harak</taxonRankValue>
                    </taxonomicClassification>
                    <taxonomicClassification>
                        <taxonRankValue>Lethrinus lentjan</taxonRankValue>
                    </taxonomicClassification>
                    <taxonomicClassification>
                        <taxonRankValue>Lethrinus microdon</taxonRankValue>
                    </taxonomicClassification>
                    <taxonomicClassification>
                        <taxonRankValue>Lethrinus obsoletus</taxonRankValue>
                    </taxonomicClassification>
                    <taxonomicClassification>
                        <taxonRankValue>Lethrinus olivaceus</taxonRankValue>
                    </taxonomicClassification>
                    <taxonomicClassification>
                        <taxonRankValue>Lethrinus rubrioperculatus</taxonRankValue>
                    </taxonomicClassification>
                    <taxonomicClassification>
                        <taxonRankValue>Lethrinus sp.</taxonRankValue>
                    </taxonomicClassification>
                    <taxonomicClassification>
                        <taxonRankValue>Lethrinus xanthochilus</taxonRankValue>
                    </taxonomicClassification>
                    <taxonomicClassification>
                        <taxonRankValue>Lutjanus biguttatus</taxonRankValue>
                    </taxonomicClassification>
                    <taxonomicClassification>
                        <taxonRankValue>Lutjanus bohar</taxonRankValue>
                    </taxonomicClassification>
                    <taxonomicClassification>
                        <taxonRankValue>Lutjanus decussatus</taxonRankValue>
                    </taxonomicClassification>
                    <taxonomicClassification>
                        <taxonRankValue>Lutjanus ehrenbergii</taxonRankValue>
                    </taxonomicClassification>
                    <taxonomicClassification>
                        <taxonRankValue>Lutjanus fulviflamma</taxonRankValue>
                    </taxonomicClassification>
                    <taxonomicClassification>
                        <taxonRankValue>Lutjanus fulvus</taxonRankValue>
                    </taxonomicClassification>
                    <taxonomicClassification>
                        <taxonRankValue>Lutjanus gibbus</taxonRankValue>
                    </taxonomicClassification>
                    <taxonomicClassification>
                        <taxonRankValue>Lutjanus kasmira</taxonRankValue>
                    </taxonomicClassification>
                    <taxonomicClassification>
                        <taxonRankValue>Lutjanus lutjanus</taxonRankValue>
                    </taxonomicClassification>
                    <taxonomicClassification>
                        <taxonRankValue>Lutjanus monostigma</taxonRankValue>
                    </taxonomicClassification>
                    <taxonomicClassification>
                        <taxonRankValue>Lutjanus russellii</taxonRankValue>
                    </taxonomicClassification>
                    <taxonomicClassification>
                        <taxonRankValue>Lutjanus semicinctus</taxonRankValue>
                    </taxonomicClassification>
                    <taxonomicClassification>
                        <taxonRankValue>Lutjanus sp.</taxonRankValue>
                    </taxonomicClassification>
                    <taxonomicClassification>
                        <taxonRankValue>Lutjanus vitta</taxonRankValue>
                    </taxonomicClassification>
                    <taxonomicClassification>
                        <taxonRankValue>Macolor macularis</taxonRankValue>
                    </taxonomicClassification>
                    <taxonomicClassification>
                        <taxonRankValue>Macolor niger</taxonRankValue>
                    </taxonomicClassification>
                    <taxonomicClassification>
                        <taxonRankValue>Melichthys niger</taxonRankValue>
                    </taxonomicClassification>
                    <taxonomicClassification>
                        <taxonRankValue>Melichthys vidua</taxonRankValue>
                    </taxonomicClassification>
                    <taxonomicClassification>
                        <taxonRankValue>Monotaxis grandoculis</taxonRankValue>
                    </taxonomicClassification>
                    <taxonomicClassification>
                        <taxonRankValue>Mulloidichthys flavolineatus</taxonRankValue>
                    </taxonomicClassification>
                    <taxonomicClassification>
                        <taxonRankValue>Mulloidichthys vanicolensis</taxonRankValue>
                    </taxonomicClassification>
                    <taxonomicClassification>
                        <taxonRankValue>Myripristis adusta</taxonRankValue>
                    </taxonomicClassification>
                    <taxonomicClassification>
                        <taxonRankValue>Myripristis berndti</taxonRankValue>
                    </taxonomicClassification>
                    <taxonomicClassification>
                        <taxonRankValue>Myripristis kuntee</taxonRankValue>
                    </taxonomicClassification>
                    <taxonomicClassification>
                        <taxonRankValue>Myripristis murdjan</taxonRankValue>
                    </taxonomicClassification>
                    <taxonomicClassification>
                        <taxonRankValue>Myripristis pralinia</taxonRankValue>
                    </taxonomicClassification>
                    <taxonomicClassification>
                        <taxonRankValue>Myripristis sp.</taxonRankValue>
                    </taxonomicClassification>
                    <taxonomicClassification>
                        <taxonRankValue>Myripristis violacea</taxonRankValue>
                    </taxonomicClassification>
                    <taxonomicClassification>
                        <taxonRankValue>Naso annulatus</taxonRankValue>
                    </taxonomicClassification>
                    <taxonomicClassification>
                        <taxonRankValue>Naso brachycentron</taxonRankValue>
                    </taxonomicClassification>
                    <taxonomicClassification>
                        <taxonRankValue>Naso brevirostris</taxonRankValue>
                    </taxonomicClassification>
                    <taxonomicClassification>
                        <taxonRankValue>Naso hexacanthus</taxonRankValue>
                    </taxonomicClassification>
                    <taxonomicClassification>
                        <taxonRankValue>Naso lituratus</taxonRankValue>
                    </taxonomicClassification>
                    <taxonomicClassification>
                        <taxonRankValue>Naso sp.</taxonRankValue>
                    </taxonomicClassification>
                    <taxonomicClassification>
                        <taxonRankValue>Naso thynnoides</taxonRankValue>
                    </taxonomicClassification>
                    <taxonomicClassification>
                        <taxonRankValue>Naso tuberosus</taxonRankValue>
                    </taxonomicClassification>
                    <taxonomicClassification>
                        <taxonRankValue>Naso unicornis</taxonRankValue>
                    </taxonomicClassification>
                    <taxonomicClassification>
                        <taxonRankValue>Naso vlamingii</taxonRankValue>
                    </taxonomicClassification>
                    <taxonomicClassification>
                        <taxonRankValue>Neoniphon argenteus</taxonRankValue>
                    </taxonomicClassification>
                    <taxonomicClassification>
                        <taxonRankValue>Neoniphon opercularis</taxonRankValue>
                    </taxonomicClassification>
                    <taxonomicClassification>
                        <taxonRankValue>Neoniphon sammara</taxonRankValue>
                    </taxonomicClassification>
                    <taxonomicClassification>
                        <taxonRankValue>Neoniphon sp.</taxonRankValue>
                    </taxonomicClassification>
                    <taxonomicClassification>
                        <taxonRankValue>Novaculichthys taeniourus</taxonRankValue>
                    </taxonomicClassification>
                    <taxonomicClassification>
                        <taxonRankValue>Odonus niger</taxonRankValue>
                    </taxonomicClassification>
                    <taxonomicClassification>
                        <taxonRankValue>Oxycheilinus celebicus</taxonRankValue>
                    </taxonomicClassification>
                    <taxonomicClassification>
                        <taxonRankValue>Oxycheilinus digramma</taxonRankValue>
                    </taxonomicClassification>
                    <taxonomicClassification>
                        <taxonRankValue>Oxycheilinus unifasciatus</taxonRankValue>
                    </taxonomicClassification>
                    <taxonomicClassification>
                        <taxonRankValue>Paracanthurus hepatus</taxonRankValue>
                    </taxonomicClassification>
                    <taxonomicClassification>
                        <taxonRankValue>Parupeneus barberinoides</taxonRankValue>
                    </taxonomicClassification>
                    <taxonomicClassification>
                        <taxonRankValue>Parupeneus barberinus</taxonRankValue>
                    </taxonomicClassification>
                    <taxonomicClassification>
                        <taxonRankValue>Parupeneus ciliatus</taxonRankValue>
                    </taxonomicClassification>
                    <taxonomicClassification>
                        <taxonRankValue>Parupeneus cyclostomus</taxonRankValue>
                    </taxonomicClassification>
                    <taxonomicClassification>
                        <taxonRankValue>Parupeneus indicus</taxonRankValue>
                    </taxonomicClassification>
                    <taxonomicClassification>
                        <taxonRankValue>Parupeneus multifasciatus</taxonRankValue>
                    </taxonomicClassification>
                    <taxonomicClassification>
                        <taxonRankValue>Parupeneus pleurostigma</taxonRankValue>
                    </taxonomicClassification>
                    <taxonomicClassification>
                        <taxonRankValue>Pentapodus sp.</taxonRankValue>
                    </taxonomicClassification>
                    <taxonomicClassification>
                        <taxonRankValue>Pentapodus trivittatus</taxonRankValue>
                    </taxonomicClassification>
                    <taxonomicClassification>
                        <taxonRankValue>Platax sp.</taxonRankValue>
                    </taxonomicClassification>
                    <taxonomicClassification>
                        <taxonRankValue>Platax teira</taxonRankValue>
                    </taxonomicClassification>
                    <taxonomicClassification>
                        <taxonRankValue>Plectorhinchus albovittatus</taxonRankValue>
                    </taxonomicClassification>
                    <taxonomicClassification>
                        <taxonRankValue>Plectorhinchus chaetodonoides</taxonRankValue>
                    </taxonomicClassification>
                    <taxonomicClassification>
                        <taxonRankValue>Plectorhinchus chrysotaenia</taxonRankValue>
                    </taxonomicClassification>
                    <taxonomicClassification>
                        <taxonRankValue>Plectorhinchus gibbosus</taxonRankValue>
                    </taxonomicClassification>
                    <taxonomicClassification>
                        <taxonRankValue>Plectorhinchus lessonii</taxonRankValue>
                    </taxonomicClassification>
                    <taxonomicClassification>
                        <taxonRankValue>Plectorhinchus lineatus</taxonRankValue>
                    </taxonomicClassification>
                    <taxonomicClassification>
                        <taxonRankValue>Plectorhinchus obscurus</taxonRankValue>
                    </taxonomicClassification>
                    <taxonomicClassification>
                        <taxonRankValue>Plectorhinchus picus</taxonRankValue>
                    </taxonomicClassification>
                    <taxonomicClassification>
                        <taxonRankValue>Plectorhinchus vittatus</taxonRankValue>
                    </taxonomicClassification>
                    <taxonomicClassification>
                        <taxonRankValue>Plectropomus areolatus</taxonRankValue>
                    </taxonomicClassification>
                    <taxonomicClassification>
                        <taxonRankValue>Plectropomus laevis</taxonRankValue>
                    </taxonomicClassification>
                    <taxonomicClassification>
                        <taxonRankValue>Plectropomus leopardus</taxonRankValue>
                    </taxonomicClassification>
                    <taxonomicClassification>
                        <taxonRankValue>Pomacanthus imperator</taxonRankValue>
                    </taxonomicClassification>
                    <taxonomicClassification>
                        <taxonRankValue>Pomacanthus navarchus</taxonRankValue>
                    </taxonomicClassification>
                    <taxonomicClassification>
                        <taxonRankValue>Pomacanthus sexstriatus</taxonRankValue>
                    </taxonomicClassification>
                    <taxonomicClassification>
                        <taxonRankValue>Pomacanthus sp.</taxonRankValue>
                    </taxonomicClassification>
                    <taxonomicClassification>
                        <taxonRankValue>Pomacanthus xanthometopon</taxonRankValue>
                    </taxonomicClassification>
                    <taxonomicClassification>
                        <taxonRankValue>Priacanthus hamrur</taxonRankValue>
                    </taxonomicClassification>
                    <taxonomicClassification>
                        <taxonRankValue>Pseudobalistes flavimarginatus</taxonRankValue>
                    </taxonomicClassification>
                    <taxonomicClassification>
                        <taxonRankValue>Pterocaesio digramma</taxonRankValue>
                    </taxonomicClassification>
                    <taxonomicClassification>
                        <taxonRankValue>Pterocaesio marri</taxonRankValue>
                    </taxonomicClassification>
                    <taxonomicClassification>
                        <taxonRankValue>Pterocaesio tessellata</taxonRankValue>
                    </taxonomicClassification>
                    <taxonomicClassification>
                        <taxonRankValue>Pterocaesio tile</taxonRankValue>
                    </taxonomicClassification>
                    <taxonomicClassification>
                        <taxonRankValue>Pterocaesio trilineata</taxonRankValue>
                    </taxonomicClassification>
                    <taxonomicClassification>
                        <taxonRankValue>Pygoplites diacanthus</taxonRankValue>
                    </taxonomicClassification>
                    <taxonomicClassification>
                        <taxonRankValue>Rastrelliger kanagurta</taxonRankValue>
                    </taxonomicClassification>
                    <taxonomicClassification>
                        <taxonRankValue>Rhinecanthus aculeatus</taxonRankValue>
                    </taxonomicClassification>
                    <taxonomicClassification>
                        <taxonRankValue>Rhinecanthus rectangulus</taxonRankValue>
                    </taxonomicClassification>
                    <taxonomicClassification>
                        <taxonRankValue>Rhinecanthus verrucosus</taxonRankValue>
                    </taxonomicClassification>
                    <taxonomicClassification>
                        <taxonRankValue>Sarda orientalis</taxonRankValue>
                    </taxonomicClassification>
                    <taxonomicClassification>
                        <taxonRankValue>Sargocentron caudimaculatum</taxonRankValue>
                    </taxonomicClassification>
                    <taxonomicClassification>
                        <taxonRankValue>Sargocentron diadema</taxonRankValue>
                    </taxonomicClassification>
                    <taxonomicClassification>
                        <taxonRankValue>Sargocentron spiniferum</taxonRankValue>
                    </taxonomicClassification>
                    <taxonomicClassification>
                        <taxonRankValue>Scarus altipinnis</taxonRankValue>
                    </taxonomicClassification>
                    <taxonomicClassification>
                        <taxonRankValue>Scarus chameleon</taxonRankValue>
                    </taxonomicClassification>
                    <taxonomicClassification>
                        <taxonRankValue>Scarus dimidiatus</taxonRankValue>
                    </taxonomicClassification>
                    <taxonomicClassification>
                        <taxonRankValue>Scarus festivus</taxonRankValue>
                    </taxonomicClassification>
                    <taxonomicClassification>
                        <taxonRankValue>Scarus flavipectoralis</taxonRankValue>
                    </taxonomicClassification>
                    <taxonomicClassification>
                        <taxonRankValue>Scarus forsteni</taxonRankValue>
                    </taxonomicClassification>
                    <taxonomicClassification>
                        <taxonRankValue>Scarus frenatus</taxonRankValue>
                    </taxonomicClassification>
                    <taxonomicClassification>
                        <taxonRankValue>Scarus ghobban</taxonRankValue>
                    </taxonomicClassification>
                    <taxonomicClassification>
                        <taxonRankValue>Scarus globiceps</taxonRankValue>
                    </taxonomicClassification>
                    <taxonomicClassification>
                        <taxonRankValue>Scarus hypselopterus</taxonRankValue>
                    </taxonomicClassification>
                    <taxonomicClassification>
                        <taxonRankValue>Scarus longipinnis</taxonRankValue>
                    </taxonomicClassification>
                    <taxonomicClassification>
                        <taxonRankValue>Scarus niger</taxonRankValue>
                    </taxonomicClassification>
                    <taxonomicClassification>
                        <taxonRankValue>Scarus oviceps</taxonRankValue>
                    </taxonomicClassification>
                    <taxonomicClassification>
                        <taxonRankValue>Scarus prasiognathos</taxonRankValue>
                    </taxonomicClassification>
                    <taxonomicClassification>
                        <taxonRankValue>Scarus psittacus</taxonRankValue>
                    </taxonomicClassification>
                    <taxonomicClassification>
                        <taxonRankValue>Scarus quoyi</taxonRankValue>
                    </taxonomicClassification>
                    <taxonomicClassification>
                        <taxonRankValue>Scarus rivulatus</taxonRankValue>
                    </taxonomicClassification>
                    <taxonomicClassification>
                        <taxonRankValue>Scarus rubroviolaceus</taxonRankValue>
                    </taxonomicClassification>
                    <taxonomicClassification>
                        <taxonRankValue>Scarus schlegeli</taxonRankValue>
                    </taxonomicClassification>
                    <taxonomicClassification>
                        <taxonRankValue>Scarus sp.</taxonRankValue>
                    </taxonomicClassification>
                    <taxonomicClassification>
                        <taxonRankValue>Scarus spinus</taxonRankValue>
                    </taxonomicClassification>
                    <taxonomicClassification>
                        <taxonRankValue>Scolopsis affinis</taxonRankValue>
                    </taxonomicClassification>
                    <taxonomicClassification>
                        <taxonRankValue>Scolopsis bilineata</taxonRankValue>
                    </taxonomicClassification>
                    <taxonomicClassification>
                        <taxonRankValue>Scolopsis ciliata</taxonRankValue>
                    </taxonomicClassification>
                    <taxonomicClassification>
                        <taxonRankValue>Scolopsis lineata</taxonRankValue>
                    </taxonomicClassification>
                    <taxonomicClassification>
                        <taxonRankValue>Scolopsis margaritifera</taxonRankValue>
                    </taxonomicClassification>
                    <taxonomicClassification>
                        <taxonRankValue>Scolopsis sp.</taxonRankValue>
                    </taxonomicClassification>
                    <taxonomicClassification>
                        <taxonRankValue>Scolopsis temporalis</taxonRankValue>
                    </taxonomicClassification>
                    <taxonomicClassification>
                        <taxonRankValue>Scolopsis trilineata</taxonRankValue>
                    </taxonomicClassification>
                    <taxonomicClassification>
                        <taxonRankValue>Scomber sp.</taxonRankValue>
                    </taxonomicClassification>
                    <taxonomicClassification>
                        <taxonRankValue>Scomberoides commersonnianus</taxonRankValue>
                    </taxonomicClassification>
                    <taxonomicClassification>
                        <taxonRankValue>Scomberoides lysan</taxonRankValue>
                    </taxonomicClassification>
                    <taxonomicClassification>
                        <taxonRankValue>Scomberoides sp.</taxonRankValue>
                    </taxonomicClassification>
                    <taxonomicClassification>
                        <taxonRankValue>Scomberomorus commerson</taxonRankValue>
                    </taxonomicClassification>
                    <taxonomicClassification>
                        <taxonRankValue>Selar sp.</taxonRankValue>
                    </taxonomicClassification>
                    <taxonomicClassification>
                        <taxonRankValue>Siganus argenteus</taxonRankValue>
                    </taxonomicClassification>
                    <taxonomicClassification>
                        <taxonRankValue>Siganus canaliculatus</taxonRankValue>
                    </taxonomicClassification>
                    <taxonomicClassification>
                        <taxonRankValue>Siganus corallinus</taxonRankValue>
                    </taxonomicClassification>
                    <taxonomicClassification>
                        <taxonRankValue>Siganus doliatus</taxonRankValue>
                    </taxonomicClassification>
                    <taxonomicClassification>
                        <taxonRankValue>Siganus fuscescens</taxonRankValue>
                    </taxonomicClassification>
                    <taxonomicClassification>
                        <taxonRankValue>Siganus guttatus</taxonRankValue>
                    </taxonomicClassification>
                    <taxonomicClassification>
                        <taxonRankValue>Siganus lineatus</taxonRankValue>
                    </taxonomicClassification>
                    <taxonomicClassification>
                        <taxonRankValue>Siganus puellus</taxonRankValue>
                    </taxonomicClassification>
                    <taxonomicClassification>
                        <taxonRankValue>Siganus punctatissimus</taxonRankValue>
                    </taxonomicClassification>
                    <taxonomicClassification>
                        <taxonRankValue>Siganus punctatus</taxonRankValue>
                    </taxonomicClassification>
                    <taxonomicClassification>
                        <taxonRankValue>Siganus randalli</taxonRankValue>
                    </taxonomicClassification>
                    <taxonomicClassification>
                        <taxonRankValue>Siganus sp.</taxonRankValue>
                    </taxonomicClassification>
                    <taxonomicClassification>
                        <taxonRankValue>Siganus spinus</taxonRankValue>
                    </taxonomicClassification>
                    <taxonomicClassification>
                        <taxonRankValue>Siganus stellatus</taxonRankValue>
                    </taxonomicClassification>
                    <taxonomicClassification>
                        <taxonRankValue>Siganus vermiculatus</taxonRankValue>
                    </taxonomicClassification>
                    <taxonomicClassification>
                        <taxonRankValue>Siganus vulpinus</taxonRankValue>
                    </taxonomicClassification>
                    <taxonomicClassification>
                        <taxonRankValue>Sphyraena barracuda</taxonRankValue>
                    </taxonomicClassification>
                    <taxonomicClassification>
                        <taxonRankValue>Sphyraena qenie</taxonRankValue>
                    </taxonomicClassification>
                    <taxonomicClassification>
                        <taxonRankValue>Sufflamen bursa</taxonRankValue>
                    </taxonomicClassification>
                    <taxonomicClassification>
                        <taxonRankValue>Sufflamen chrysopterum</taxonRankValue>
                    </taxonomicClassification>
                    <taxonomicClassification>
                        <taxonRankValue>Sufflamen sp.</taxonRankValue>
                    </taxonomicClassification>
                    <taxonomicClassification>
                        <taxonRankValue>Symphorichthys spilurus</taxonRankValue>
                    </taxonomicClassification>
                    <taxonomicClassification>
                        <taxonRankValue>Triaenodon obesus</taxonRankValue>
                    </taxonomicClassification>
                    <taxonomicClassification>
                        <taxonRankValue>Tylosurus crocodilus crocodilus</taxonRankValue>
                    </taxonomicClassification>
                    <taxonomicClassification>
                        <taxonRankValue>Variola albimarginata</taxonRankValue>
                    </taxonomicClassification>
                    <taxonomicClassification>
                        <taxonRankValue>Variola louti</taxonRankValue>
                    </taxonomicClassification>
                    <taxonomicClassification>
                        <taxonRankValue>Zanclus cornutus</taxonRankValue>
                    </taxonomicClassification>
                    <taxonomicClassification>
                        <taxonRankValue>Zebrasoma scopas</taxonRankValue>
                    </taxonomicClassification>
                    <taxonomicClassification>
                        <taxonRankValue>Zebrasoma velifer</taxonRankValue>
                    </taxonomicClassification>
              </taxonomicCoverage>
      </coverage>
      <maintenance>
          <description>
              <para></para>
          </description>
          <maintenanceUpdateFrequency>asNeeded</maintenanceUpdateFrequency>
      </maintenance>
      <contact>
    <individualName>
<givenName>Franck</givenName>          <surName>Magron</surName>
    </individualName>
<organizationName>The Pacific Community</organizationName><positionName>Coastal Fisheries Information and Database Manager</positionName>    <address>
<deliveryPoint>BP D5</deliveryPoint><city>Noumea</city><postalCode>98848</postalCode><country>NEW_CALEDONIA</country>    </address>
<phone>(+687) 26.20.00</phone><electronicMailAddress>franckm@spc.int</electronicMailAddress><onlineUrl>http://www.spc.int</onlineUrl>      <userId directory="https://www.linkedin.com/profile/view?id=">franck-magron-43b0983a</userId>
      </contact>
      <methods>
            <methodStep>
                <description>
                    <para>Multiple observations for the same species aggregated by transect and side.</para>
                </description>
            </methodStep>
            <sampling>
                <studyExtent>
                    <description>
                        <para>Koror, Ngarchelong, Ngatpang and Airai in Palau</para>
                    </description>
                </studyExtent>
                <samplingDescription>
                    <para>The status of finfish resources in selected sites was assessed by distance-sampling underwater visual census (D-UVC). The method involves recording the species name, abundance, body length and distance to the transect line of each fish or group of fish observed; the transect consists of a 50 m line, represented on the seafloor by an underwater tape.</para>
                </samplingDescription>
            </sampling>
      </methods>

      <project id="BID-PA2016-0002-REG">
          <title>Pacific Regional Coastal Fisheries Development Programme (CoFish)</title>
          <personnel>
    <individualName>
<givenName>Laurent</givenName>          <surName>Vigliola</surName>
    </individualName>
      <userId directory="http://www.researcherid.com/rid/">J-7107-2016</userId>
    <role>PRINCIPAL_INVESTIGATOR</role>
          </personnel>
          <personnel>
    <individualName>
<givenName>Silvia</givenName>          <surName>Pinca</surName>
    </individualName>
      <userId directory="https://www.linkedin.com/profile/view?id=">silvia-massage-pro-pinca-0023a751</userId>
    <role>PRINCIPAL_INVESTIGATOR</role>
          </personnel>
          <personnel>
    <individualName>
<givenName>Franck</givenName>          <surName>Magron</surName>
    </individualName>
      <userId directory="https://www.linkedin.com/profile/view?id=">franck-magron-43b0983a</userId>
    <role>CURATOR</role>
          </personnel>
          <abstract>
              <para>The Pacific Regional Coastal Fisheries Development Programme (CoFish) and its associated programme PROCFish/C (the coastal component of the Pacific Regional Oceanic and Coastal Fisheries Development Programme) conducted fieldwork in 63 sites across 17 Pacific Island countries and territories over a seven-year period from 2002 to 2009.</para>
          </abstract>
          <funding>
              <para>Funded by the European Union for the implementation of the Pacific Regional Coastal Fisheries Development Programme (CoFish), which ran from 1 May 2004 to 31 December 2009 under funding from the ninth European Development Fund (EDF 9), and the coastal component of the Pacific Regional Oceanic and Coastal Fisheries Development Programme (PROCFish/C), which ran from 1 March 2002 to 28 February 2009 under funding from the eighth European Development Fund (EDF 8).

Data prepared and published under project &quot;Capacity building and data mobilization for conservation and decision making in the South Pacific&quot; - BID-PA2016-0002-REG</para>
          </funding>
            <designDescription>
                <description>
                    <para>The aim of the survey work was to provide baseline information on the status of reef fisheries, and to help fill the massive information gap that hinders the effective management of reef fisheries</para>
                </description>
            </designDescription>
      </project>
</dataset>

<additionalMetadata>
    <metadata>
      <gbif>
        <dateStamp>2020-09-25T08:19:16Z</dateStamp>
      <citation>Pinca S, Awira R, Boblin P, Wangunu N, Ramohia P, Vigliola L, Sauni S, Magron F (2018). SPC CoFish Fish Observations Palau 2007. Version 1.1. The Pacific Community (SPC). Occurrence dataset https://doi.org/10.15468/ijxtqz accessed via GBIF.org on 2020-09-25.</citation>
              <bibliography>
      <citation identifier="http://purl.org/spc/digilib/doc/n55su">Palau country report : profiles and results from survey work at Ngarchelong, Ngatpang, Airai and Koror (April to June 2007) Friedman K.J., Kronen M., Pinca S., Lasi F., Pakoa K., Awira R., Boblin P., Tardy E., Chapman L.B., Magron F. 2009. Palau country report : profiles and results from survey work at Ngarchelong, Ngatpang, Airai and Koror (April to June 2007) . Pacific Regional Oceanic and Coastal Fisheries Development Programme (PROCFish/C/CoFish). Noumea, New Caledonia: Secretariat of the Pacific Community (SPC). 411 p.</citation>
      <citation identifier="http://purl.org/spc/digilib/doc/fs6ca">Labrosse, P., Kulbicki, M., Ferraris, J. 2002. Underwater visual fish census surveys proper use and implementation. Noumea, New Caledonia: Secretariat of the Pacific Community. REAT: Reef Resources Assessment Tools, vi, 54 p.</citation>
              </bibliography>
              <resourceLogoUrl>https://ipt.sprep.org/logo.do?r=spc_cofish_finfish_palau_2007</resourceLogoUrl>
        </gbif>
    </metadata>
</additionalMetadata>

</eml:eml>
