<?xml version="1.0" encoding="utf-8"?>
<eml:eml xmlns:eml="eml://ecoinformatics.org/eml-2.1.1" xmlns:xsi="http://www.w3.org/2001/XMLSchema-instance"
         xsi:schemaLocation="eml://ecoinformatics.org/eml-2.1.1 http://rs.gbif.org/schema/eml-gbif-profile/1.1/eml.xsd"
        packageId="10.15468/dl.xnx4n7"  system="http://gbif.org" scope="system"
  xml:lang="en">

<dataset>
        <alternateIdentifier>0078373-200613084148143</alternateIdentifier>
    <title>GBIF Occurrence Download 10.15468/dl.xnx4n7</title>
    <creator>
    <individualName>
          <surName>GBIF Download Service</surName>
    </individualName>
<electronicMailAddress>support@gbif.org</electronicMailAddress>    </creator>
    <metadataProvider>
    <individualName>
          <surName>GBIF Download Service</surName>
    </individualName>
<electronicMailAddress>support@gbif.org</electronicMailAddress>    </metadataProvider>
      <pubDate>
      2020-10-08
      </pubDate>
    <language>ENGLISH</language>
    <abstract>
        <para>A dataset containing all occurrences available in GBIF matching the query:
{
  &quot;and&quot; : [
    &quot;TaxonKey is Gaidropsarus capensis (Kaup, 1858)&quot;,
    &quot;HasCoordinate is true&quot;,
    &quot;HasGeospatialIssue is false&quot;
  ]
}
The dataset includes records from the following constituent datasets. The full metadata for each constituent is also included in this archive:
1 records from KUBI Ichthyology Collection
1 records from The Pisces Collection at the Staatssammlung für Anthropologie und Paläoanatomie München
1 records from The fishes collection (IC) of the Muséum national d&apos;Histoire naturelle (MNHN - Paris)
1 records from FBIP: Actinopterygii and Elasmobranchii occurrence record throughout South Africa
10 records from FBIP: IZIKO Marine Bony Fish (1884-2013)
23 records from Occurrence records of southern African aquatic biodiversity
</para>
    </abstract>
      <contact>
    <individualName>
          <surName>GBIF Download Service</surName>
    </individualName>
<electronicMailAddress>support@gbif.org</electronicMailAddress>      </contact>

</dataset>

<additionalMetadata>
    <metadata>
      <gbif>
        <dateStamp>2020-10-08T14:18:53Z</dateStamp>
      <citation identifier="10.15468/dl.xnx4n7">GBIF Occurrence Download 10.15468/dl.xnx4n7</citation>
              <physical>
                  <objectName>Darwin Core Archive</objectName>
                  <characterEncoding>UTF-8</characterEncoding>
                  <dataFormat>
                      <externallyDefinedFormat>
                          <formatName>Darwin Core Archive</formatName>
                      </externallyDefinedFormat>
                  </dataFormat>
                  <distribution>
                      <online>
                          <url function="download">http://api.gbif.org/v1/occurrence/download/request/0078373-200613084148143.zip</url>
                      </online>
                  </distribution>
              </physical>
        </gbif>
    </metadata>
</additionalMetadata>

</eml:eml>
