<?xml version="1.0" encoding="utf-8"?>
<eml:eml xmlns:eml="eml://ecoinformatics.org/eml-2.1.1" xmlns:xsi="http://www.w3.org/2001/XMLSchema-instance"
         xsi:schemaLocation="eml://ecoinformatics.org/eml-2.1.1 http://rs.gbif.org/schema/eml-gbif-profile/1.1/eml.xsd"
        packageId="10.15468/dl.d5zgaf"  system="http://gbif.org" scope="system"
  xml:lang="en">

<dataset>
        <alternateIdentifier>0081543-200613084148143</alternateIdentifier>
    <title>GBIF Occurrence Download 10.15468/dl.d5zgaf</title>
    <creator>
    <individualName>
          <surName>GBIF Download Service</surName>
    </individualName>
<electronicMailAddress>support@gbif.org</electronicMailAddress>    </creator>
    <metadataProvider>
    <individualName>
          <surName>GBIF Download Service</surName>
    </individualName>
<electronicMailAddress>support@gbif.org</electronicMailAddress>    </metadataProvider>
      <pubDate>
      2020-10-13
      </pubDate>
    <language>ENGLISH</language>
    <abstract>
        <para>A dataset containing all occurrences available in GBIF matching the query:
{
  &quot;and&quot; : [
    &quot;TaxonKey is Tripterophycis gilchristi Boulenger, 1902&quot;,
    &quot;HasCoordinate is true&quot;,
    &quot;HasGeospatialIssue is false&quot;
  ]
}
The dataset includes records from the following constituent datasets. The full metadata for each constituent is also included in this archive:
1 records from Fish collection of National Museum of Nature and Science
1 records from Biodiversity Research and Teaching Collections - TCWC Vertebrates
1 records from Dataset of the multidisciplinary research surveys in the seamounts of Ewing and Valdivia Bank (Walvis Ridge) - SE Atlantic
1 records from SIO Marine Vertebrate Collection
1 records from Ichthyology Collection - Royal Ontario Museum
1 records from Tasmanian Museum and Art Gallery provider for OZCAM
1 records from Colección de fauna marina del Centro Oceanográfico de Canarias
2 records from KUBI Ichthyology Collection
2 records from Queensland Museum provider for OZCAM
2 records from Auckland Museum NZ Marine Collection
2 records from Soviet Trawl Fishery Data (New Zealand Waters) 1964-1987
2 records from LACM Vertebrate Collection
2 records from Western Australian Museum provider for OZCAM
3 records from CAS Ichthyology (ICH)
4 records from NORFANZ Biological Survey, Tasman Sea, Australia - New Zealand 2003
5 records from Ocean Genome Legacy Collection
5 records from CSIRO, Abundance and distribution of orange roughy in southeast Australian waters 1987-1979
5 records from Colección de referencia de otolitos, Instituto de Ciencias del Mar-CSIC
5 records from The fishes collection (IC) of the Muséum national d&apos;Histoire naturelle (MNHN - Paris)
6 records from CSIRO, Cruise SS199101, Marine Biology Data, Western Australia, 1991
6 records from Geographically tagged INSDC sequences
6 records from Bottom Trawl Surveys: Catch and Effort Data For South East Australia, 1898-1996
8 records from FBIP: IZIKO Marine Bony Fish (1884-2013)
10 records from CSIRO, South East Fishery Habitat Ecosystem Study, Southeast Australia, 1993-1997
11 records from Fishbase
11 records from Biological Reference Collections ICM-CSIC
12 records from Museums Victoria provider for OZCAM
14 records from South Australian Museum Australia provider for OZCAM
14 records from International Barcode of Life project (iBOL)
22 records from CSIRO Ichthyology provider for OZCAM
34 records from Occurrence records of southern African aquatic biodiversity
34 records from Catch data from New Zealand research trawls since 2008
37 records from Australian Museum provider for OZCAM
53 records from CSIRO, fish surveys by the Soela, 1980s
194 records from Marine Commercial Fish Survey (FV Kapala, FV Trader Horn, FV Shelley, FV Kirrawa, FV May Bell) in the East and South East Australian Region from 1975 to 2008
207 records from New Zealand fish and squid distributions from research bottom trawls 1964-2008
</para>
    </abstract>
      <contact>
    <individualName>
          <surName>GBIF Download Service</surName>
    </individualName>
<electronicMailAddress>support@gbif.org</electronicMailAddress>      </contact>

</dataset>

<additionalMetadata>
    <metadata>
      <gbif>
        <dateStamp>2020-10-13T07:59:49Z</dateStamp>
      <citation identifier="10.15468/dl.d5zgaf">GBIF Occurrence Download 10.15468/dl.d5zgaf</citation>
              <physical>
                  <objectName>Darwin Core Archive</objectName>
                  <characterEncoding>UTF-8</characterEncoding>
                  <dataFormat>
                      <externallyDefinedFormat>
                          <formatName>Darwin Core Archive</formatName>
                      </externallyDefinedFormat>
                  </dataFormat>
                  <distribution>
                      <online>
                          <url function="download">http://api.gbif.org/v1/occurrence/download/request/0081543-200613084148143.zip</url>
                      </online>
                  </distribution>
              </physical>
        </gbif>
    </metadata>
</additionalMetadata>

</eml:eml>
