<?xml version="1.0" encoding="utf-8"?>
<eml:eml xmlns:eml="eml://ecoinformatics.org/eml-2.1.1" xmlns:xsi="http://www.w3.org/2001/XMLSchema-instance"
         xsi:schemaLocation="eml://ecoinformatics.org/eml-2.1.1 http://rs.gbif.org/schema/eml-gbif-profile/1.1/eml.xsd"
        packageId="96582dc4-f762-11e1-a439-00145eb45e9a"  system="http://gbif.org" scope="system"
  xml:lang="en">

<dataset>
      <alternateIdentifier>10.15468/xaofbe</alternateIdentifier>
        <alternateIdentifier>8301</alternateIdentifier>
    <title>Collection Pisces SMF</title>
    <associatedParty>
    <individualName>
          <surName>Andreas Allspach</surName>
    </individualName>
    <address>
<deliveryPoint>Senckenberg, Senckenberganlage 25, D-60325 Frankfurt am Main, Germany</deliveryPoint>    </address>
<electronicMailAddress>info_sesam@senckenberg.de</electronicMailAddress>    <role>TECHNICAL_POINT_OF_CONTACT</role>
    </associatedParty>
    <language>en</language>
    <abstract>
        <para>Fishes of the world</para>
    </abstract>
      <intellectualRights>
        <para>This work is licensed under a <ulink url="http://creativecommons.org/licenses/by/4.0/legalcode"><citetitle>Creative Commons Attribution (CC-BY) 4.0 License</citetitle></ulink>.</para>
      </intellectualRights>
      <distribution scope="document">
          <online>
              <url function="information">https://www.senckenberg.de/de/institute/senckenberg-gesellschaft-fuer-naturforschung-frankfurt-main/abt-marine-zoologie/sekt-ichthyologie/ichthyologie-sammlung/</url>
          </online>
      </distribution>
      <contact>
    <individualName>
          <surName>Prof. Dr. Angelika Brandt (kommissarisch)</surName>
    </individualName>
      </contact>

</dataset>

<additionalMetadata>
    <metadata>
      <gbif>
        <dateStamp>2020-10-08T15:44:55Z</dateStamp>
      <citation>Senckenberg. Collection Pisces SMF. Occurrence dataset https://doi.org/10.15468/xaofbe accessed via GBIF.org on 2020-10-08.</citation>
              <resourceLogoUrl>http://biocase.senckenberg.de/senckenberg_logo.png</resourceLogoUrl>
        </gbif>
    </metadata>
</additionalMetadata>

</eml:eml>
