<?xml version="1.0" encoding="utf-8"?>
<eml:eml xmlns:eml="eml://ecoinformatics.org/eml-2.1.1" xmlns:xsi="http://www.w3.org/2001/XMLSchema-instance"
         xsi:schemaLocation="eml://ecoinformatics.org/eml-2.1.1 http://rs.gbif.org/schema/eml-gbif-profile/1.1/eml.xsd"
        packageId="10.15468/dl.7qp2qx"  system="http://gbif.org" scope="system"
  xml:lang="en">

<dataset>
        <alternateIdentifier>0080912-200613084148143</alternateIdentifier>
    <title>GBIF Occurrence Download 10.15468/dl.7qp2qx</title>
    <creator>
    <individualName>
          <surName>GBIF Download Service</surName>
    </individualName>
<electronicMailAddress>support@gbif.org</electronicMailAddress>    </creator>
    <metadataProvider>
    <individualName>
          <surName>GBIF Download Service</surName>
    </individualName>
<electronicMailAddress>support@gbif.org</electronicMailAddress>    </metadataProvider>
      <pubDate>
      2020-10-12
      </pubDate>
    <language>ENGLISH</language>
    <abstract>
        <para>A dataset containing all occurrences available in GBIF matching the query:
{
  &quot;and&quot; : [
    &quot;TaxonKey is Physiculus dalwigki Kaup, 1858&quot;,
    &quot;HasCoordinate is true&quot;,
    &quot;HasGeospatialIssue is false&quot;
  ]
}
The dataset includes records from the following constituent datasets. The full metadata for each constituent is also included in this archive:
1 records from Collection Pisces SMF
1 records from Ichthyology Collection - Royal Ontario Museum
1 records from Natural History Museum (London) Collection Specimens
2 records from COLETA - IMAR/DOP-Uac reference collection from 1977 to 2012
2 records from Colección de referencia de otolitos, Instituto de Ciencias del Mar-CSIC
2 records from The fishes collection (IC) of the Muséum national d&apos;Histoire naturelle (MNHN - Paris)
2 records from Museum of Comparative Zoology, Harvard University
2 records from Colección de fauna marina del Centro Oceanográfico de Canarias
3 records from Biological Reference Collections ICM-CSIC
12 records from Banco de Datos de la Biodiversidad de la Comunitat Valenciana
24 records from Demersais survey in the Azores between 1996 and 2013
201 records from Fishbase
</para>
    </abstract>
      <contact>
    <individualName>
          <surName>GBIF Download Service</surName>
    </individualName>
<electronicMailAddress>support@gbif.org</electronicMailAddress>      </contact>

</dataset>

<additionalMetadata>
    <metadata>
      <gbif>
        <dateStamp>2020-10-12T14:40:37Z</dateStamp>
      <citation identifier="10.15468/dl.7qp2qx">GBIF Occurrence Download 10.15468/dl.7qp2qx</citation>
              <physical>
                  <objectName>Darwin Core Archive</objectName>
                  <characterEncoding>UTF-8</characterEncoding>
                  <dataFormat>
                      <externallyDefinedFormat>
                          <formatName>Darwin Core Archive</formatName>
                      </externallyDefinedFormat>
                  </dataFormat>
                  <distribution>
                      <online>
                          <url function="download">http://api.gbif.org/v1/occurrence/download/request/0080912-200613084148143.zip</url>
                      </online>
                  </distribution>
              </physical>
        </gbif>
    </metadata>
</additionalMetadata>

</eml:eml>
