<?xml version="1.0" encoding="utf-8"?>
<eml:eml xmlns:eml="eml://ecoinformatics.org/eml-2.1.1" xmlns:xsi="http://www.w3.org/2001/XMLSchema-instance"
         xsi:schemaLocation="eml://ecoinformatics.org/eml-2.1.1 http://rs.gbif.org/schema/eml-gbif-profile/1.1/eml.xsd"
        packageId="10.15468/dl.rr5j6m"  system="http://gbif.org" scope="system"
  xml:lang="en">

<dataset>
        <alternateIdentifier>0078254-200613084148143</alternateIdentifier>
    <title>GBIF Occurrence Download 10.15468/dl.rr5j6m</title>
    <creator>
    <individualName>
          <surName>GBIF Download Service</surName>
    </individualName>
<electronicMailAddress>support@gbif.org</electronicMailAddress>    </creator>
    <metadataProvider>
    <individualName>
          <surName>GBIF Download Service</surName>
    </individualName>
<electronicMailAddress>support@gbif.org</electronicMailAddress>    </metadataProvider>
      <pubDate>
      2020-10-08
      </pubDate>
    <language>ENGLISH</language>
    <abstract>
        <para>A dataset containing all occurrences available in GBIF matching the query:
{
  &quot;and&quot; : [
    &quot;TaxonKey is Coryphaenoides carapinus Goode &amp; Bean, 1883&quot;,
    &quot;HasCoordinate is true&quot;,
    &quot;HasGeospatialIssue is false&quot;
  ]
}
The dataset includes records from the following constituent datasets. The full metadata for each constituent is also included in this archive:
1 records from DFO Maritimes Research Vessel Trawl Surveys Fish Observations
1 records from Vertebrate Zoology Division - Ichthyology, Yale Peabody Museum
1 records from Geographically tagged INSDC sequences
1 records from Canadian Museum of Nature Fish Collection
1 records from Northeast Fisheries Science Center Bottom Trawl Survey Data
1 records from Occurrence records of southern African aquatic biodiversity
1 records from NCSM Ichthyology Collection
1 records from KUBI Ichthyology Tissue Collection
1 records from LACM Vertebrate Collection
2 records from Field Museum of Natural History (Zoology) Fish Collection
2 records from Database of the Distributions of Marine Fishes of Arctic Canada
4 records from Colección de fauna marina del Centro Oceanográfico de Canarias
6 records from FBIP: IZIKO Marine Bony Fish (1884-2013)
7 records from CAS Ichthyology (ICH)
8 records from Ifremer BIOCEAN database (Deep Sea Benthic Fauna)
9 records from UF FLMNH Ichthyology
11 records from Atlantic Reference Centre Museum of Canadian Atlantic Organisms - Invertebrates and Fishes Data
12 records from Biological Reference Collections ICM-CSIC
14 records from Fishbase
16 records from NMNH Extant Specimen Records
35 records from Natural History Museum (London) Collection Specimens
47 records from Museum of Comparative Zoology, Harvard University
</para>
    </abstract>
      <contact>
    <individualName>
          <surName>GBIF Download Service</surName>
    </individualName>
<electronicMailAddress>support@gbif.org</electronicMailAddress>      </contact>

</dataset>

<additionalMetadata>
    <metadata>
      <gbif>
        <dateStamp>2020-10-08T11:33:29Z</dateStamp>
      <citation identifier="10.15468/dl.rr5j6m">GBIF Occurrence Download 10.15468/dl.rr5j6m</citation>
              <physical>
                  <objectName>Darwin Core Archive</objectName>
                  <characterEncoding>UTF-8</characterEncoding>
                  <dataFormat>
                      <externallyDefinedFormat>
                          <formatName>Darwin Core Archive</formatName>
                      </externallyDefinedFormat>
                  </dataFormat>
                  <distribution>
                      <online>
                          <url function="download">http://api.gbif.org/v1/occurrence/download/request/0078254-200613084148143.zip</url>
                      </online>
                  </distribution>
              </physical>
        </gbif>
    </metadata>
</additionalMetadata>

</eml:eml>
