<?xml version="1.0" encoding="utf-8"?>
<eml:eml xmlns:eml="eml://ecoinformatics.org/eml-2.1.1" xmlns:xsi="http://www.w3.org/2001/XMLSchema-instance"
         xsi:schemaLocation="eml://ecoinformatics.org/eml-2.1.1 http://rs.gbif.org/schema/eml-gbif-profile/1.1/eml.xsd"
        packageId="96309e26-f762-11e1-a439-00145eb45e9a"  system="http://gbif.org" scope="system"
  xml:lang="en">

<dataset>
      <alternateIdentifier>10.15468/yxphxa</alternateIdentifier>
        <alternateIdentifier>8114</alternateIdentifier>
    <title>Ifremer BIOCEAN database (Deep Sea Benthic Fauna)</title>
    <associatedParty>
    <individualName>
          <surName>Catherine BORREMANS</surName>
    </individualName>
<phone>+33/0-298.22.41.90</phone><electronicMailAddress>Catherine.Borremans@ifremer.fr</electronicMailAddress>    </associatedParty>
    <associatedParty>
    <individualName>
          <surName>Catherine BORREMANS</surName>
    </individualName>
<phone>+33/0-298.22.41.90</phone><electronicMailAddress>Catherine.Borremans@ifremer.fr</electronicMailAddress>    </associatedParty>
    <language>en</language>
    <abstract>
        <para>Database for deep sea benthic ecological data</para>
    </abstract>
      <intellectualRights>
        <para>This work is licensed under a <ulink url="http://creativecommons.org/licenses/by/4.0/legalcode"><citetitle>Creative Commons Attribution (CC-BY) 4.0 License</citetitle></ulink>.</para>
      </intellectualRights>
      <distribution scope="document">
          <online>
              <url function="information">http://www.ifremer.fr/isi/biocean/</url>
          </online>
      </distribution>

</dataset>

<additionalMetadata>
    <metadata>
      <gbif>
        <dateStamp>2020-10-12T09:31:45Z</dateStamp>
      <citation>IFREMER -  French Research Institute for Exploitation of the Sea. Ifremer BIOCEAN database (Deep Sea Benthic Fauna). Occurrence dataset https://doi.org/10.15468/yxphxa accessed via GBIF.org on 2020-10-12.</citation>
        </gbif>
    </metadata>
</additionalMetadata>

</eml:eml>
