<?xml version="1.0" encoding="utf-8"?>
<eml:eml xmlns:eml="eml://ecoinformatics.org/eml-2.1.1" xmlns:xsi="http://www.w3.org/2001/XMLSchema-instance"
         xsi:schemaLocation="eml://ecoinformatics.org/eml-2.1.1 http://rs.gbif.org/schema/eml-gbif-profile/1.1/eml.xsd"
        packageId="10.15468/dl.26vxeg"  system="http://gbif.org" scope="system"
  xml:lang="en">

<dataset>
        <alternateIdentifier>0068997-200613084148143</alternateIdentifier>
    <title>GBIF Occurrence Download 10.15468/dl.26vxeg</title>
    <creator>
    <individualName>
          <surName>GBIF Download Service</surName>
    </individualName>
<electronicMailAddress>support@gbif.org</electronicMailAddress>    </creator>
    <metadataProvider>
    <individualName>
          <surName>GBIF Download Service</surName>
    </individualName>
<electronicMailAddress>support@gbif.org</electronicMailAddress>    </metadataProvider>
      <pubDate>
      2020-09-25
      </pubDate>
    <language>ENGLISH</language>
    <abstract>
        <para>A dataset containing all occurrences available in GBIF matching the query:
{
  &quot;and&quot; : [ &quot;TaxonKey is Schedophilus velaini (Sauvage, 1879)&quot;, &quot;HasCoordinate is true&quot;, &quot;HasGeospatialIssue is false&quot; ]
}
The dataset includes records from the following constituent datasets. The full metadata for each constituent is also included in this archive:
1 records from Geographically tagged INSDC sequences
1 records from Field Museum of Natural History (Zoology) Fish Collection
1 records from European Molecular Biology Laboratory Australian Mirror
1 records from SIO Marine Vertebrate Collection
1 records from New Zealand fish and squid distributions from research bottom trawls 1964-2008
1 records from Museums Victoria provider for OZCAM
1 records from CSIRO, fish surveys by the Soela, 1980s
1 records from Natural History Museum (London) Collection Specimens
2 records from Canadian Museum of Nature Fish Collection
2 records from International Barcode of Life project (iBOL)
2 records from iNaturalist Research-grade Observations
3 records from Fish collection of National Museum of Nature and Science
3 records from Colección de referencia de otolitos, Instituto de Ciencias del Mar-CSIC
3 records from The fishes collection (IC) of the Muséum national d&apos;Histoire naturelle (MNHN - Paris)
5 records from Base de datos de la Sala de Colecciones Biológicas de la Universidad Católica del Norte (SCBUCN)
5 records from FBIP: IZIKO Marine Bony Fish (1884-2013)
6 records from CSIRO Ichthyology provider for OZCAM
6 records from Fishbase
6 records from Biological Reference Collections ICM-CSIC
8 records from Occurrence records of southern African aquatic biodiversity
14 records from Australian Museum provider for OZCAM
</para>
    </abstract>
      <contact>
    <individualName>
          <surName>GBIF Download Service</surName>
    </individualName>
<electronicMailAddress>support@gbif.org</electronicMailAddress>      </contact>

</dataset>

<additionalMetadata>
    <metadata>
      <gbif>
        <dateStamp>2020-09-25T08:09:18Z</dateStamp>
      <citation identifier="10.15468/dl.26vxeg">GBIF Occurrence Download 10.15468/dl.26vxeg</citation>
              <physical>
                  <objectName>Darwin Core Archive</objectName>
                  <characterEncoding>UTF-8</characterEncoding>
                  <dataFormat>
                      <externallyDefinedFormat>
                          <formatName>Darwin Core Archive</formatName>
                      </externallyDefinedFormat>
                  </dataFormat>
                  <distribution>
                      <online>
                          <url function="download">http://api.gbif.org/v1/occurrence/download/request/0068997-200613084148143.zip</url>
                      </online>
                  </distribution>
              </physical>
        </gbif>
    </metadata>
</additionalMetadata>

</eml:eml>
