<?xml version="1.0" encoding="utf-8"?>
<eml:eml xmlns:eml="eml://ecoinformatics.org/eml-2.1.1" xmlns:xsi="http://www.w3.org/2001/XMLSchema-instance"
         xsi:schemaLocation="eml://ecoinformatics.org/eml-2.1.1 http://rs.gbif.org/schema/eml-gbif-profile/1.1/eml.xsd"
        packageId="10.15468/dl.77ag7h"  system="http://gbif.org" scope="system"
  xml:lang="en">

<dataset>
        <alternateIdentifier>0080900-200613084148143</alternateIdentifier>
    <title>GBIF Occurrence Download 10.15468/dl.77ag7h</title>
    <creator>
    <individualName>
          <surName>GBIF Download Service</surName>
    </individualName>
<electronicMailAddress>support@gbif.org</electronicMailAddress>    </creator>
    <metadataProvider>
    <individualName>
          <surName>GBIF Download Service</surName>
    </individualName>
<electronicMailAddress>support@gbif.org</electronicMailAddress>    </metadataProvider>
      <pubDate>
      2020-10-12
      </pubDate>
    <language>ENGLISH</language>
    <abstract>
        <para>A dataset containing all occurrences available in GBIF matching the query:
{
  &quot;and&quot; : [
    &quot;TaxonKey is Phycis chesteri Goode &amp; Bean, 1878&quot;,
    &quot;HasCoordinate is true&quot;,
    &quot;HasGeospatialIssue is false&quot;
  ]
}
The dataset includes records from the following constituent datasets. The full metadata for each constituent is also included in this archive:
1 records from Electronic Atlas of Ichthyoplankton on the Scotian Shelf of North America (OBIS Canada)
1 records from SIO Marine Vertebrate Collection
1 records from The fishes collection (IC) of the Muséum national d&apos;Histoire naturelle (MNHN - Paris)
1 records from CUMV Fish Collection
2 records from Oregon State Ichthyology Collection
2 records from iNaturalist Research-grade Observations
2 records from LACM Vertebrate Collection
3 records from KUBI Ichthyology Collection
3 records from CAS Ichthyology (ICH)
4 records from Field Museum of Natural History (Zoology) Fish Collection
4 records from KUBI Ichthyology Tissue Collection
6 records from Vertebrate Zoology Division - Ichthyology, Yale Peabody Museum
6 records from Biodiversity Research and Teaching Collections - TCWC Vertebrates
8 records from Ichthyology Collection - Royal Ontario Museum
14 records from Geographically tagged INSDC sequences
15 records from International Barcode of Life project (iBOL)
18 records from Canadian Museum of Nature Fish Collection
23 records from Database of the Distributions of Marine Fishes of Arctic Canada
24 records from NCSM Ichthyology Collection
27 records from UF FLMNH Ichthyology
38 records from NMNH Extant Specimen Records
38 records from Fishbase
66 records from Museum of Comparative Zoology, Harvard University
113 records from Atlantic Reference Centre Museum of Canadian Atlantic Organisms - Invertebrates and Fishes Data
456 records from Northeast Fisheries Science Center Bottom Trawl Survey Data
2758 records from DFO Maritimes Research Vessel Trawl Surveys Fish Observations
2831 records from ECNASAP - East Coast North America Strategic Assessment
</para>
    </abstract>
      <contact>
    <individualName>
          <surName>GBIF Download Service</surName>
    </individualName>
<electronicMailAddress>support@gbif.org</electronicMailAddress>      </contact>

</dataset>

<additionalMetadata>
    <metadata>
      <gbif>
        <dateStamp>2020-10-12T14:33:28Z</dateStamp>
      <citation identifier="10.15468/dl.77ag7h">GBIF Occurrence Download 10.15468/dl.77ag7h</citation>
              <physical>
                  <objectName>Darwin Core Archive</objectName>
                  <characterEncoding>UTF-8</characterEncoding>
                  <dataFormat>
                      <externallyDefinedFormat>
                          <formatName>Darwin Core Archive</formatName>
                      </externallyDefinedFormat>
                  </dataFormat>
                  <distribution>
                      <online>
                          <url function="download">http://api.gbif.org/v1/occurrence/download/request/0080900-200613084148143.zip</url>
                      </online>
                  </distribution>
              </physical>
        </gbif>
    </metadata>
</additionalMetadata>

</eml:eml>
