<?xml version="1.0" encoding="utf-8"?>
<eml:eml xmlns:eml="eml://ecoinformatics.org/eml-2.1.1" xmlns:xsi="http://www.w3.org/2001/XMLSchema-instance"
         xsi:schemaLocation="eml://ecoinformatics.org/eml-2.1.1 http://rs.gbif.org/schema/eml-gbif-profile/1.1/eml.xsd"
        packageId="10.15468/dl.67vcad"  system="http://gbif.org" scope="system"
  xml:lang="en">

<dataset>
        <alternateIdentifier>0078332-200613084148143</alternateIdentifier>
    <title>GBIF Occurrence Download 10.15468/dl.67vcad</title>
    <creator>
    <individualName>
          <surName>GBIF Download Service</surName>
    </individualName>
<electronicMailAddress>support@gbif.org</electronicMailAddress>    </creator>
    <metadataProvider>
    <individualName>
          <surName>GBIF Download Service</surName>
    </individualName>
<electronicMailAddress>support@gbif.org</electronicMailAddress>    </metadataProvider>
      <pubDate>
      2020-10-08
      </pubDate>
    <language>ENGLISH</language>
    <abstract>
        <para>A dataset containing all occurrences available in GBIF matching the query:
{
  &quot;and&quot; : [
    &quot;TaxonKey is Gadiculus argenteus Guichenot, 1850&quot;,
    &quot;HasCoordinate is true&quot;,
    &quot;HasGeospatialIssue is false&quot;
  ]
}
The dataset includes records from the following constituent datasets. The full metadata for each constituent is also included in this archive:
1 records from Abundance of benthic infauna in surface sediments from the North Sea sampled during Walther Herwig cruise WH220
1 records from Vertebrate Zoology Division - Ichthyology, Yale Peabody Museum
1 records from Canadian Museum of Nature Fish Collection
1 records from FBIP: IZIKO Marine Bony Fish (1884-2013)
1 records from University of Michigan Museum of Zoology, Division of Fishes
2 records from The Fish Collection at the Zoologische Staatssammlung München
3 records from NMNH Extant Specimen Records
3 records from Programme CARTHAM: Inventaire biologique dans le cadre de Natura 2000 en Mer
4 records from Abundance of benthic infauna in surface sediments from the North Sea sampled during cruise Cirolana00/5
4 records from Museum of Comparative Zoology, Harvard University
6 records from Fish collection NTNU University Museum
7 records from Paleobiology Database
7 records from Biological Reference Collections ICM-CSIC
7 records from Natural History Museum (London) Collection Specimens
8 records from Museu de Ciències Naturals de Barcelona: MCNB-Cord
9 records from Abundance of benthic infauna in surface sediments from the North Sea sampled during two Michael Sars cruises in 2000
10 records from Norwegian Species Observation Service
11 records from Colección de referencia de otolitos, Instituto de Ciencias del Mar-CSIC
13 records from Trawl-survey data from the “expedition Hvar” in the Adriatic Sea (Mediterranean) collected in 1948-1949
14 records from The fishes collection (IC) of the Muséum national d&apos;Histoire naturelle (MNHN - Paris)
14 records from International Barcode of Life project (iBOL)
18 records from Données naturalistes de Jean-Jacques RIUTORT
20 records from Fishbase
21 records from Geographically tagged INSDC sequences
41 records from imr_mareano_beamtrawl
150 records from Banco de Datos de la Biodiversidad de la Comunitat Valenciana
</para>
    </abstract>
      <contact>
    <individualName>
          <surName>GBIF Download Service</surName>
    </individualName>
<electronicMailAddress>support@gbif.org</electronicMailAddress>      </contact>

</dataset>

<additionalMetadata>
    <metadata>
      <gbif>
        <dateStamp>2020-10-08T13:19:22Z</dateStamp>
      <citation identifier="10.15468/dl.67vcad">GBIF Occurrence Download 10.15468/dl.67vcad</citation>
              <physical>
                  <objectName>Darwin Core Archive</objectName>
                  <characterEncoding>UTF-8</characterEncoding>
                  <dataFormat>
                      <externallyDefinedFormat>
                          <formatName>Darwin Core Archive</formatName>
                      </externallyDefinedFormat>
                  </dataFormat>
                  <distribution>
                      <online>
                          <url function="download">http://api.gbif.org/v1/occurrence/download/request/0078332-200613084148143.zip</url>
                      </online>
                  </distribution>
              </physical>
        </gbif>
    </metadata>
</additionalMetadata>

</eml:eml>
