<?xml version="1.0" encoding="utf-8"?>
<eml:eml xmlns:eml="eml://ecoinformatics.org/eml-2.1.1" xmlns:xsi="http://www.w3.org/2001/XMLSchema-instance"
         xsi:schemaLocation="eml://ecoinformatics.org/eml-2.1.1 http://rs.gbif.org/schema/eml-gbif-profile/1.1/eml.xsd"
        packageId="4036285a-e386-454b-ac37-faa8db1687af"  system="http://gbif.org" scope="system"
  xml:lang="en">

<dataset>
      <alternateIdentifier>10.5852/ejt.2014.73</alternateIdentifier>
        <alternateIdentifier>4036285a-e386-454b-ac37-faa8db1687af</alternateIdentifier>
        <alternateIdentifier>10.15468/5zuxt9</alternateIdentifier>
        <alternateIdentifier>9A5F217D-8E7B-448A-9CAB-2CCC9CC6F857</alternateIdentifier>
        <alternateIdentifier>087BED432E7DEF62FFA6FFE8FFB57E29</alternateIdentifier>
    <title>Updated checklist of marine fishes (Chordata: Craniata) from Portugal and the proposed extension of the Portuguese continental shelf</title>
    <creator>
    <individualName>
<givenName>Miguel</givenName>          <surName>Carneiro</surName>
    </individualName>
    </creator>
    <creator>
    <individualName>
<givenName>Rogélia</givenName>          <surName>Martins</surName>
    </individualName>
    </creator>
    <creator>
    <individualName>
<givenName>Monica</givenName>          <surName>Landi</surName>
    </individualName>
    </creator>
    <creator>
    <individualName>
<givenName>Filipe O.</givenName>          <surName>Costa</surName>
    </individualName>
    </creator>
    <metadataProvider>
    <individualName>
          <surName>tatiana</surName>
    </individualName>
<organizationName>Plazi</organizationName>    </metadataProvider>
    <associatedParty>
<organizationName>Plazi</organizationName>    <address>
<city>Bern</city><country>SWITZERLAND</country>    </address>
<electronicMailAddress>info@plazi.org</electronicMailAddress><onlineUrl>http://plazi.org/</onlineUrl>    <role>PUBLISHER</role>
    </associatedParty>
      <pubDate>
      2014-01-01
      </pubDate>
    <language>ENGLISH</language>
    <abstract>
        <para>This dataset contains the digitized treatments in Plazi based on the original journal article Carneiro, Miguel, Martins, Rogélia, Landi, Monica, Costa, Filipe O. (2014): Updated checklist of marine fishes (Chordata: Craniata) from Portugal and the proposed extension of the Portuguese continental shelf. European Journal of Taxonomy 73: 1-73, DOI: http://dx.doi.org/10.5852/ejt.2014.73</para>
    </abstract>
      <intellectualRights>
        <para>To the extent possible under law, the publisher has waived all rights to these data and has dedicated them to the <ulink url="http://creativecommons.org/publicdomain/zero/1.0/legalcode"><citetitle>Public Domain (CC0 1.0)</citetitle></ulink>. Users may copy, modify, distribute and use the work, including for commercial purposes, without restriction.</para>
      </intellectualRights>
      <distribution scope="document">
          <online>
              <url function="information">http://tb.plazi.org/GgServer/summary/087BED432E7DEF62FFA6FFE8FFB57E29</url>
          </online>
      </distribution>
      <contact>
    <individualName>
<givenName>Guido</givenName>          <surName>Sautter</surName>
    </individualName>
<electronicMailAddress>gsautter@gmail.com</electronicMailAddress><onlineUrl>http://plazi.org</onlineUrl>      </contact>

</dataset>

<additionalMetadata>
    <metadata>
      <gbif>
        <dateStamp>2020-10-08T15:21:01Z</dateStamp>
      <citation>Carneiro M, Martins R, Landi M, Costa F O, tatiana (2014). Updated checklist of marine fishes (Chordata: Craniata) from Portugal and the proposed extension of the Portuguese continental shelf. Plazi.org taxonomic treatments database. Checklist dataset https://doi.org/10.5852/ejt.2014.73 accessed via GBIF.org on 2020-10-08.</citation>
        </gbif>
    </metadata>
</additionalMetadata>

</eml:eml>
