<?xml version="1.0" encoding="utf-8"?>
<eml:eml xmlns:eml="eml://ecoinformatics.org/eml-2.1.1" xmlns:xsi="http://www.w3.org/2001/XMLSchema-instance"
         xsi:schemaLocation="eml://ecoinformatics.org/eml-2.1.1 http://rs.gbif.org/schema/eml-gbif-profile/1.1/eml.xsd"
        packageId="84f3b06c-f762-11e1-a439-00145eb45e9a"  system="http://gbif.org" scope="system"
  xml:lang="en">

<dataset>
      <alternateIdentifier>10.18165/os4mw2</alternateIdentifier>
        <alternateIdentifier>10.15468/8p1j2m</alternateIdentifier>
        <alternateIdentifier>http://web.macs.ualberta.ca:8088/ipt/resource?r=uamz_ichthyology</alternateIdentifier>
        <alternateIdentifier>84f3b06c-f762-11e1-a439-00145eb45e9a</alternateIdentifier>
        <alternateIdentifier>770</alternateIdentifier>
    <title>University of Alberta Museum of Zoology Ichthyology Collection (UAMZ)</title>
    <creator>
    <individualName>
          <surName>University of Alberta Museums</surName>
    </individualName>
    <address>
<deliveryPoint>Ring House 1, Museums and Collections Services, University of Alberta</deliveryPoint><city>Edmonton</city><administrativeArea>Alberta</administrativeArea><postalCode>T6G 2E1</postalCode><country>CANADA</country>    </address>
<phone>780-492-5834</phone><electronicMailAddress>museums@ualberta.ca</electronicMailAddress><onlineUrl>http://www.museums.ualberta.ca/</onlineUrl>    </creator>
    <metadataProvider>
    <individualName>
<givenName>Denis</givenName>          <surName>La France</surName>
    </individualName>
<organizationName>University of Alberta Museums</organizationName><positionName>Systems Administrator</positionName>    <address>
<deliveryPoint>Ring House 1, Museums and Collections Services, University of Alberta</deliveryPoint><city>Edmonton</city><administrativeArea>Alberta</administrativeArea><postalCode>T6G 2E1</postalCode><country>CANADA</country>    </address>
<phone>780-492-7958</phone><electronicMailAddress>dlafranc@ualberta.ca</electronicMailAddress><onlineUrl>http://www.museums.ualberta.ca/</onlineUrl>    </metadataProvider>
    <metadataProvider>
    <individualName>
<givenName>Alyssa</givenName>          <surName>Becker-Burns</surName>
    </individualName>
<organizationName>University of Alberta Museums</organizationName><positionName>Assistant Director Collections Management</positionName>    <address>
<deliveryPoint>Ring House 1, Museums and Collections Services, University of Alberta</deliveryPoint><city>Edmonton</city><administrativeArea>Alberta</administrativeArea><postalCode>T6G 2E1</postalCode><country>CANADA</country>    </address>
<phone>780-492-3871</phone><electronicMailAddress>becker1@ualberta.ca</electronicMailAddress><onlineUrl>http://www.museums.ualberta.ca/</onlineUrl>    </metadataProvider>
    <associatedParty>
    <individualName>
<givenName>Denis</givenName>          <surName>La France</surName>
    </individualName>
<organizationName>University of Alberta Museums</organizationName><positionName>Systems Administrator</positionName>    <address>
<deliveryPoint>Ring House 1, Museums and Collections Services, University of Alberta</deliveryPoint><city>Edmonton</city><administrativeArea>Alberta</administrativeArea><postalCode>T6G 2E1</postalCode><country>CANADA</country>    </address>
<phone>780-492-7958</phone><electronicMailAddress>dlafranc@ualberta.ca</electronicMailAddress><onlineUrl>http://www.museums.ualberta.ca</onlineUrl>    <role>CUSTODIAN_STEWARD</role>
    </associatedParty>
    <associatedParty>
    <individualName>
<givenName>Alyssa</givenName>          <surName>Becker-Burns</surName>
    </individualName>
<organizationName>University of Alberta Museums</organizationName><positionName>Assistant Director Collection Management</positionName>    <address>
<deliveryPoint>Ring House 1, Museums and Collections Services, University of Alberta</deliveryPoint><city>Edmonton</city><administrativeArea>Alberta</administrativeArea><postalCode>T6G 2E1</postalCode><country>CANADA</country>    </address>
<phone>780-492-3871</phone><electronicMailAddress>becker1@ualberta.ca</electronicMailAddress><onlineUrl>http://www.museums.ualberta.ca/</onlineUrl>    <role>CUSTODIAN_STEWARD</role>
    </associatedParty>
    <associatedParty>
    <individualName>
<givenName>Alison</givenName>          <surName>Murray</surName>
    </individualName>
<organizationName>University of Alberta</organizationName><positionName>Curator</positionName>    <address>
<deliveryPoint>CW 405, Biological Sciences Bldg., University of Alberta</deliveryPoint><city>Edmonton</city><administrativeArea>Alberta</administrativeArea><postalCode>T6G 2E9</postalCode><country>CANADA</country>    </address>
<phone>780-492-9244</phone><electronicMailAddress>ammurray@ualberta.ca</electronicMailAddress><onlineUrl>https://www.ualberta.ca/science/about-us/contact-us/faculty-directory/alison-murray</onlineUrl>      <userId directory="http://orcid.org/">0000-0001-9648-2902</userId>
    <role>CURATOR</role>
    </associatedParty>
      <pubDate>
      2020-09-10
      </pubDate>
    <language>ENGLISH</language>
    <abstract>
        <para>The Ichthyology (Fish) Collection contains more than 200,000 specimens, representing 40 orders and more than 200 families. The collection contains a wide variety of primitive and advanced fish from around the world as well as a comprehensive collection from Alberta. The majority of specimens are preserved in alcohol, with a number of mounted skeletons and cleared and stained samples that allow skeletal structures to be visible. This resource is used extensively for research by graduate students and faculty, supporting the study of fish systematics and biodiversity.</para>
    </abstract>
        <keywordSet>
              <keyword>Occurrence</keyword>
              <keywordThesaurus>GBIF Dataset Type Vocabulary: http://rs.gbif.org/vocabulary/gbif/dataset_type.xml</keywordThesaurus>
        </keywordSet>
        <keywordSet>
              <keyword>Specimen</keyword>
              <keywordThesaurus>GBIF Dataset Subtype Vocabulary: http://rs.gbif.org/vocabulary/gbif/dataset_subtype.xml</keywordThesaurus>
        </keywordSet>
      <intellectualRights>
        <para>To the extent possible under law, the publisher has waived all rights to these data and has dedicated them to the <ulink url="http://creativecommons.org/publicdomain/zero/1.0/legalcode"><citetitle>Public Domain (CC0 1.0)</citetitle></ulink>. Users may copy, modify, distribute and use the work, including for commercial purposes, without restriction.</para>
      </intellectualRights>
      <distribution scope="document">
          <online>
              <url function="information">http://www.biology.museums.ualberta.ca/MuseumOfZoology.aspx</url>
          </online>
      </distribution>
      <coverage>
            <geographicCoverage>
                  <geographicDescription>Global, North America, Canada, Alberta, British Columbia</geographicDescription>
                  <boundingCoordinates>
                      <westBoundingCoordinate>-180</westBoundingCoordinate>
                      <eastBoundingCoordinate>180</eastBoundingCoordinate>
                      <northBoundingCoordinate>90</northBoundingCoordinate>
                      <southBoundingCoordinate>-90</southBoundingCoordinate>
                  </boundingCoordinates>
            </geographicCoverage>
              <taxonomicCoverage>
                    <generalTaxonomicCoverage>The following taxonomic groups make up &gt;10% of the collection:
Actinopterygii, Cypriniformes, Gasterosteiformes, Perciformes, Gasterosteidae, Cyprinidae, Culaea</generalTaxonomicCoverage>
                    <taxonomicClassification>
                          <taxonRankName>Class</taxonRankName>
                        <taxonRankValue>Actinopterygii</taxonRankValue>
                          <commonName>Spiny Rayed Fishes</commonName>
                    </taxonomicClassification>
                    <taxonomicClassification>
                          <taxonRankName>Order</taxonRankName>
                        <taxonRankValue>Cypriniformes</taxonRankValue>
                          <commonName>Minnows, Suckers</commonName>
                    </taxonomicClassification>
                    <taxonomicClassification>
                          <taxonRankName>Order</taxonRankName>
                        <taxonRankValue>Gasterosteiformes</taxonRankValue>
                          <commonName>Sticklebacks</commonName>
                    </taxonomicClassification>
                    <taxonomicClassification>
                          <taxonRankName>Order</taxonRankName>
                        <taxonRankValue>Perciformes</taxonRankValue>
                          <commonName>Perch-like Fishes</commonName>
                    </taxonomicClassification>
                    <taxonomicClassification>
                          <taxonRankName>Family</taxonRankName>
                        <taxonRankValue>Gasterosteidae</taxonRankValue>
                          <commonName>Sticklebacks</commonName>
                    </taxonomicClassification>
                    <taxonomicClassification>
                          <taxonRankName>Family</taxonRankName>
                        <taxonRankValue>Cyprinidae</taxonRankValue>
                          <commonName>Minnows</commonName>
                    </taxonomicClassification>
                    <taxonomicClassification>
                          <taxonRankName>Genus</taxonRankName>
                        <taxonRankValue>Culaea</taxonRankValue>
                          <commonName>Brook Sticklebacks</commonName>
                    </taxonomicClassification>
              </taxonomicCoverage>
      </coverage>
      <maintenance>
          <description>
              <para></para>
          </description>
          <maintenanceUpdateFrequency>daily</maintenanceUpdateFrequency>
      </maintenance>
      <contact>
    <individualName>
<givenName>Alison</givenName>          <surName>Murray</surName>
    </individualName>
<organizationName>University of Alberta</organizationName><positionName>Curator</positionName>    <address>
<deliveryPoint>CW 405, Biological Sciences Bldg., University of Alberta</deliveryPoint><city>Edmonton</city><administrativeArea>Alberta</administrativeArea><postalCode>T6G 2E9</postalCode><country>CANADA</country>    </address>
<phone>780-492-9244</phone><electronicMailAddress>ammurray@ualberta.ca</electronicMailAddress><onlineUrl>https://www.ualberta.ca/science/about-us/contact-us/faculty-directory/alison-murray</onlineUrl>      <userId directory="http://orcid.org/">0000-0001-9648-2902</userId>
      </contact>

</dataset>

<additionalMetadata>
    <metadata>
      <gbif>
        <dateStamp>2020-09-24T12:10:42Z</dateStamp>
      <citation identifier="http://doi.org/10.18165/os4mw2">University of Alberta Museums, La France D, Becker-Burns A (2020). University of Alberta Museum of Zoology Ichthyology Collection (UAMZ). University of Alberta Museums. Occurrence dataset https://doi.org/10.18165/os4mw2 accessed via GBIF.org on 2020-09-24.</citation>
              <collection>
                <parentCollectionIdentifier>UAM</parentCollectionIdentifier>
                <collectionIdentifier>UAMZ</collectionIdentifier>
                <collectionName>University of Alberta Museum of Zoology Ichthyology Collection</collectionName>
              </collection>
              <formationPeriod>1906-current</formationPeriod>
                <specimenPreservationMethod>ALCOHOL</specimenPreservationMethod>
        </gbif>
    </metadata>
</additionalMetadata>

</eml:eml>
