<?xml version="1.0" encoding="utf-8"?>
<eml:eml xmlns:eml="eml://ecoinformatics.org/eml-2.1.1" xmlns:xsi="http://www.w3.org/2001/XMLSchema-instance"
         xsi:schemaLocation="eml://ecoinformatics.org/eml-2.1.1 http://rs.gbif.org/schema/eml-gbif-profile/1.1/eml.xsd"
        packageId="c1fc2df7-223b-4472-8998-70afb3b749ab"  system="http://gbif.org" scope="system"
  xml:lang="en">

<dataset>
      <alternateIdentifier>10.15468/ypsvix</alternateIdentifier>
        <alternateIdentifier>https://collections.ala.org.au/public/show/dr658</alternateIdentifier>
        <alternateIdentifier>5c825e0b-394e-36e6-824b-b8343ffafc27</alternateIdentifier>
        <alternateIdentifier>http://collections.ala.org.au/public/show/dr658</alternateIdentifier>
        <alternateIdentifier>c1fc2df7-223b-4472-8998-70afb3b749ab</alternateIdentifier>
        <alternateIdentifier>5d58803d-d629-387c-ad87-d0e5af39fd63</alternateIdentifier>
        <alternateIdentifier>be7b7cfb-6027-3b92-91ce-f1c1b8b8ceb2</alternateIdentifier>
        <alternateIdentifier>14109</alternateIdentifier>
    <title>European Molecular Biology Laboratory Australian Mirror</title>
    <creator>
<organizationName>European Molecular Biology Laboratory Australia</organizationName><onlineUrl>http://www.embl.org.au/</onlineUrl>    </creator>
    <metadataProvider>
<organizationName>European Molecular Biology Laboratory Australia</organizationName><onlineUrl>http://www.embl.org.au/</onlineUrl>    </metadataProvider>
    <associatedParty>
<organizationName>Atlas of Living Australia</organizationName>    <address>
<deliveryPoint>CSIRO Ecosystems Services</deliveryPoint><city>Canberra</city><administrativeArea>ACT</administrativeArea><postalCode>2601</postalCode><country>AUSTRALIA</country>    </address>
<electronicMailAddress>info@ala.org.au</electronicMailAddress>    <role>DISTRIBUTOR</role>
    </associatedParty>
      <pubDate>
      2019-09-26
      </pubDate>
    <language>ENGLISH</language>
    <abstract>
        <para>The EBI is a centre for research and services in bioinformatics. The Institute manages databases of biological data including nucleic acid, protein sequences and macromolecular structures.

As we move towards understanding biology at the systems level, access to large data sets of many different types has become crucial. Technologies such as genome-sequencing, microarrays, proteomics and structural genomics have provided &amp;#39;parts lists&amp;#39; for many living organisms, and researchers are now focusing on how the individual components fit together to build systems. The hope is that scientists will be able to translate their new insights into improving the quality of life for everyone. However, the high-throughput revolution also threatens to drown us in data. There is an ongoing, and growing, need to collect, store and curate all this information in ways that allow its efficient retrieval and exploitation. The European Bioinformatics Institute is one of the few places in the world that has the resources and expertise to fulfil this important task.</para>
    </abstract>
      <intellectualRights>
        <para>This work is licensed under a <ulink url="http://creativecommons.org/licenses/by/4.0/legalcode"><citetitle>Creative Commons Attribution (CC-BY) 4.0 License</citetitle></ulink>.</para>
      </intellectualRights>
      <distribution scope="document">
          <online>
              <url function="information">https://collections.ala.org.au/public/show/dr658</url>
          </online>
      </distribution>
      <contact>
<organizationName>Atlas of Living Australia</organizationName>    <address>
<deliveryPoint>CSIRO Ecosystems Services</deliveryPoint><city>Canberra</city><administrativeArea>ACT</administrativeArea><postalCode>2601</postalCode><country>AUSTRALIA</country>    </address>
<electronicMailAddress>info@ala.org.au</electronicMailAddress>      </contact>
      <methods>
      </methods>

</dataset>

<additionalMetadata>
    <metadata>
      <gbif>
        <dateStamp>2020-09-24T10:29:26Z</dateStamp>
      <citation>European Molecular Biology Laboratory Australia (2019). European Molecular Biology Laboratory Australian Mirror. Occurrence dataset https://doi.org/10.15468/ypsvix accessed via GBIF.org on 2020-09-24.</citation>
              <resourceLogoUrl>https://collections.ala.org.au/data/dataProvider/embl_logo.gif</resourceLogoUrl>
        </gbif>
    </metadata>
</additionalMetadata>

</eml:eml>
