<?xml version="1.0" encoding="utf-8"?>
<eml:eml xmlns:eml="eml://ecoinformatics.org/eml-2.1.1" xmlns:xsi="http://www.w3.org/2001/XMLSchema-instance"
         xsi:schemaLocation="eml://ecoinformatics.org/eml-2.1.1 http://rs.gbif.org/schema/eml-gbif-profile/1.1/eml.xsd"
        packageId="10.15468/dl.y78eg4"  system="http://gbif.org" scope="system"
  xml:lang="en">

<dataset>
        <alternateIdentifier>0068194-200613084148143</alternateIdentifier>
    <title>GBIF Occurrence Download 10.15468/dl.y78eg4</title>
    <creator>
    <individualName>
          <surName>GBIF Download Service</surName>
    </individualName>
<electronicMailAddress>support@gbif.org</electronicMailAddress>    </creator>
    <metadataProvider>
    <individualName>
          <surName>GBIF Download Service</surName>
    </individualName>
<electronicMailAddress>support@gbif.org</electronicMailAddress>    </metadataProvider>
      <pubDate>
      2020-09-24
      </pubDate>
    <language>ENGLISH</language>
    <abstract>
        <para>A dataset containing all occurrences available in GBIF matching the query:
{
  &quot;and&quot; : [ &quot;TaxonKey is Brama brama (Bonnaterre, 1788)&quot;, &quot;HasCoordinate is true&quot;, &quot;HasGeospatialIssue is false&quot; ]
}
The dataset includes records from the following constituent datasets. The full metadata for each constituent is also included in this archive:
1 records from Seasearch Marine Surveys in Scotland
1 records from Données naturalistes de Jean-Jacques RIUTORT
1 records from Northeast Area Monitoring and Assessment Program Near Shore Trawl Survey (NEAMAP)
1 records from NORFANZ Biological Survey, Tasman Sea, Australia - New Zealand 2003
1 records from Queen Victoria Museum Art Gallery provider for OZCAM
1 records from UF FLMNH Ichthyology
1 records from Marine Nature Conservation Review (MNCR) and associated benthic marine data held and managed by JNCC
1 records from Naturalis Biodiversity Center (NL) - Pisces
1 records from Isle of Man historical wildlife records 1990 to 1994
1 records from Biodiversity4all Research-Grade Observations
1 records from Artportalen (Swedish Species Observation System)
1 records from Lund Museum of Zoology (MZLU)
1 records from IOW Natural History &amp; Archaeological Society Marine Records
1 records from Ichthyology Collection - Royal Ontario Museum
1 records from KUBI Ichthyology Tissue Collection
1 records from Colección Ictiológica del CENPAT-CONICET
2 records from UWFC Ichthyology Collection
2 records from Atlantic Reference Centre Museum of Canadian Atlantic Organisms - Invertebrates and Fishes Data
2 records from ALA species sightings and OzAtlas
2 records from Biological observations from the Discovery Investigations 1925-1952
2 records from Vertebrate Zoology Division - Ichthyology, Yale Peabody Museum
2 records from Queensland Museum provider for OZCAM
2 records from Field Museum of Natural History (Zoology) Fish Collection
2 records from Auckland Museum NZ Marine Collection
2 records from Colección de referencia de otolitos, Instituto de Ciencias del Mar-CSIC
2 records from Biological Reference Collections ICM-CSIC
2 records from The Fish Collection at the Zoologische Staatssammlung München
2 records from CSIRO, Soviet Fishery Data, Australia, 1965-1978
2 records from Diveboard - Scuba diving citizen science observations
2 records from Natural History Museum (London) Collection Specimens
3 records from Collection Pisces SMF
3 records from COLETA - IMAR/DOP-Uac reference collection from 1977 to 2012
3 records from Canadian Museum of Nature Fish Collection
3 records from The Pisces Collection at the Staatssammlung für Anthropologie und Paläoanatomie München
3 records from Demersais survey in the Azores between 1996 and 2013
3 records from Western Australian Museum provider for OZCAM
5 records from Ocean Genome Legacy Collection
5 records from NBIS Records to December 2016
5 records from Museums Victoria provider for OZCAM
5 records from iNaturalist Research-grade Observations
5 records from University of Michigan Museum of Zoology, Division of Fishes
5 records from NE Scotland fish records 1800-2010
6 records from Natural History Museum Rotterdam - Specimens
6 records from FBIP: IZIKO Marine Bony Fish (1884-2013)
7 records from Norwegian Species Observation Service
8 records from The fishes collection (IC) of the Muséum national d&apos;Histoire naturelle (MNHN - Paris)
8 records from Marine biological observation data from coastal and offshore surveys around New Zealand
9 records from ecoscope_observation_database
9 records from Museum of Comparative Zoology, Harvard University
10 records from South Australian Museum Australia provider for OZCAM
12 records from LACM Vertebrate Collection
13 records from Occurrence records of southern African aquatic biodiversity
16 records from Fish collection NTNU University Museum
17 records from Waarnemingen.be - Fish occurrences in Flanders and the Brussels Capital Region, Belgium
17 records from Geographically tagged INSDC sequences
17 records from CAS Ichthyology (ICH)
18 records from HBRG Vertebrates (not Badger) Dataset
19 records from Fishbase
20 records from NMNH Extant Specimen Records
24 records from International Barcode of Life project (iBOL)
25 records from Banco de Datos de la Biodiversidad de la Comunitat Valenciana
27 records from CSIRO, fish surveys by the Soela, 1980s
31 records from Fish collection of National Museum of Nature and Science
33 records from Rare marine fishes taken in Irish waters from 1786 to 2008
33 records from CSIRO Ichthyology provider for OZCAM
34 records from Verified Marine records from Indicia-based surveys
35 records from Demersal and pelagic species of fish and squid from the Patagonian shelf
47 records from Australian Museum provider for OZCAM
58 records from Programa de Observadores a Bordo (POBCh) de la Secretaria de Pesca de la Provincia del Chubut, Argentina . Observer On board Program -Fisheries Secretariat of the Province of Chubut-Argentina (OOBPPCh)
73 records from Catch data from New Zealand research trawls since 2008
121 records from Observation.org, Nature data from around the World
319 records from Soviet Trawl Fishery Data (New Zealand Waters) 1964-1987
466 records from Bureau of Rural Sciences, Commercial Fisheries Presence, Australia, 2000-2002
1302 records from New Zealand fish and squid distributions from research bottom trawls 1964-2008
</para>
    </abstract>
      <contact>
    <individualName>
          <surName>GBIF Download Service</surName>
    </individualName>
<electronicMailAddress>support@gbif.org</electronicMailAddress>      </contact>

</dataset>

<additionalMetadata>
    <metadata>
      <gbif>
        <dateStamp>2020-09-24T09:59:54Z</dateStamp>
      <citation identifier="10.15468/dl.y78eg4">GBIF Occurrence Download 10.15468/dl.y78eg4</citation>
              <physical>
                  <objectName>Darwin Core Archive</objectName>
                  <characterEncoding>UTF-8</characterEncoding>
                  <dataFormat>
                      <externallyDefinedFormat>
                          <formatName>Darwin Core Archive</formatName>
                      </externallyDefinedFormat>
                  </dataFormat>
                  <distribution>
                      <online>
                          <url function="download">http://api.gbif.org/v1/occurrence/download/request/0068194-200613084148143.zip</url>
                      </online>
                  </distribution>
              </physical>
        </gbif>
    </metadata>
</additionalMetadata>

</eml:eml>
