<?xml version="1.0" encoding="utf-8"?>
<eml:eml xmlns:eml="eml://ecoinformatics.org/eml-2.1.1" xmlns:xsi="http://www.w3.org/2001/XMLSchema-instance"
         xsi:schemaLocation="eml://ecoinformatics.org/eml-2.1.1 http://rs.gbif.org/schema/eml-gbif-profile/1.1/eml.xsd"
        packageId="10.15468/dl.vv2u3w"  system="http://gbif.org" scope="system"
  xml:lang="en">

<dataset>
        <alternateIdentifier>0078280-200613084148143</alternateIdentifier>
    <title>GBIF Occurrence Download 10.15468/dl.vv2u3w</title>
    <creator>
    <individualName>
          <surName>GBIF Download Service</surName>
    </individualName>
<electronicMailAddress>support@gbif.org</electronicMailAddress>    </creator>
    <metadataProvider>
    <individualName>
          <surName>GBIF Download Service</surName>
    </individualName>
<electronicMailAddress>support@gbif.org</electronicMailAddress>    </metadataProvider>
      <pubDate>
      2020-10-08
      </pubDate>
    <language>ENGLISH</language>
    <abstract>
        <para>A dataset containing all occurrences available in GBIF matching the query:
{
  &quot;and&quot; : [
    &quot;TaxonKey is Coryphaenoides mediterraneus (Giglioli, 1893)&quot;,
    &quot;HasCoordinate is true&quot;,
    &quot;HasGeospatialIssue is false&quot;
  ]
}
The dataset includes records from the following constituent datasets. The full metadata for each constituent is also included in this archive:
1 records from FSUCML Zoological Collections
1 records from Field Museum of Natural History (Zoology) Fish Collection
1 records from FBIP: IZIKO Marine Bony Fish (1884-2013)
1 records from Demersais survey in the Azores between 1996 and 2013
1 records from Colección de Fauna Marina del Centro Oceanográfico de Málaga (I.E.O.): CFM-IEOMA
1 records from Colección de fauna marina del Centro Oceanográfico de Canarias
1 records from LACM Vertebrate Collection
2 records from KUBI Ichthyology Tissue Collection
2 records from CAS Ichthyology (ICH)
3 records from UF FLMNH Ichthyology
3 records from The Deepwater Program: Northern Gulf of Mexico Continental Slope Habitat and Benthic Ecology - DgoMB: Fishs
4 records from Atlantic Reference Centre Museum of Canadian Atlantic Organisms - Invertebrates and Fishes Data
7 records from Museum of Comparative Zoology, Harvard University
9 records from Biodiversity Research and Teaching Collections - TCWC Vertebrates
11 records from Colección de referencia de otolitos, Instituto de Ciencias del Mar-CSIC
12 records from Megafaunal data from the 2009 BIOFUN trans-Mediterranean deep-sea cruise
19 records from Fishbase
24 records from Ifremer BIOCEAN database (Deep Sea Benthic Fauna)
25 records from Collection Pisces SMF
32 records from Natural History Museum (London) Collection Specimens
41 records from Biological Reference Collections ICM-CSIC
136 records from International Barcode of Life project (iBOL)
194 records from Geographically tagged INSDC sequences
</para>
    </abstract>
      <contact>
    <individualName>
          <surName>GBIF Download Service</surName>
    </individualName>
<electronicMailAddress>support@gbif.org</electronicMailAddress>      </contact>

</dataset>

<additionalMetadata>
    <metadata>
      <gbif>
        <dateStamp>2020-10-08T12:25:43Z</dateStamp>
      <citation identifier="10.15468/dl.vv2u3w">GBIF Occurrence Download 10.15468/dl.vv2u3w</citation>
              <physical>
                  <objectName>Darwin Core Archive</objectName>
                  <characterEncoding>UTF-8</characterEncoding>
                  <dataFormat>
                      <externallyDefinedFormat>
                          <formatName>Darwin Core Archive</formatName>
                      </externallyDefinedFormat>
                  </dataFormat>
                  <distribution>
                      <online>
                          <url function="download">http://api.gbif.org/v1/occurrence/download/request/0078280-200613084148143.zip</url>
                      </online>
                  </distribution>
              </physical>
        </gbif>
    </metadata>
</additionalMetadata>

</eml:eml>
