<?xml version="1.0" encoding="utf-8"?>
<eml:eml xmlns:eml="eml://ecoinformatics.org/eml-2.1.1" xmlns:xsi="http://www.w3.org/2001/XMLSchema-instance"
         xsi:schemaLocation="eml://ecoinformatics.org/eml-2.1.1 http://rs.gbif.org/schema/eml-gbif-profile/1.1/eml.xsd"
        packageId="11348e7a-b7ce-44ce-8112-1b18828f029d"  system="http://gbif.org" scope="system"
  xml:lang="en">

<dataset>
      <alternateIdentifier>10.15468/jezvou</alternateIdentifier>
        <alternateIdentifier>11348e7a-b7ce-44ce-8112-1b18828f029d</alternateIdentifier>
        <alternateIdentifier>https://www1.usgs.gov/obis-usa/ipt/resource?r=marinegeo_reeflifesurvey</alternateIdentifier>
    <title>MarineGEO visual diver surveys of fish communities around Carrie Bow Cay, Belize, 2015</title>
    <creator>
    <individualName>
<givenName>Ross</givenName>          <surName>Whippo</surName>
    </individualName>
<organizationName>Tennenbaum Marine Observatories Network</organizationName><positionName>Biologist</positionName><electronicMailAddress>whippor@si.edu</electronicMailAddress>    </creator>
    <creator>
    <individualName>
<givenName>Emmett</givenName>          <surName>Duffy</surName>
    </individualName>
<organizationName>Tennenbaum Marine Observatories Network</organizationName><positionName>Director</positionName><electronicMailAddress>duffye@si.edu</electronicMailAddress>    </creator>
    <metadataProvider>
    <individualName>
<givenName>Abigail</givenName>          <surName>Benson</surName>
    </individualName>
<electronicMailAddress>albenson@usgs.gov</electronicMailAddress>    </metadataProvider>
    <metadataProvider>
    <individualName>
<givenName>Ross</givenName>          <surName>Whippo</surName>
    </individualName>
<organizationName>Tennenbaum Marine Observatories Network</organizationName><positionName>Biologist</positionName><electronicMailAddress>whippor@si.edu</electronicMailAddress>    </metadataProvider>
    <associatedParty>
    <individualName>
<givenName>Abigail</givenName>          <surName>Benson</surName>
    </individualName>
<electronicMailAddress>albenson@usgs.gov</electronicMailAddress>    <role>USER</role>
    </associatedParty>
      <pubDate>
      2019-11-15
      </pubDate>
    <language>ENGLISH</language>
    <abstract>
        <para>As part of the Smithsonian’s MarineGEO (marinegeo.si.edu) program, diver visual surveys following the Reef Life Survey (reeflifesurvey.com) protocol surveyed subtidal communities around Carrie Bow Cay, Belize in September 2015. Surveys were conducted in reef, seagrass, mangrove, and sandy bottom habitats.</para>
    </abstract>
        <keywordSet>
              <keyword>Samplingevent</keyword>
              <keywordThesaurus>GBIF Dataset Type Vocabulary: http://rs.gbif.org/vocabulary/gbif/dataset_type.xml</keywordThesaurus>
        </keywordSet>
      <additionalInfo>
          <para>marine, harvest by iOBIS</para>
      </additionalInfo>
      <intellectualRights>
        <para>To the extent possible under law, the publisher has waived all rights to these data and has dedicated them to the <ulink url="http://creativecommons.org/publicdomain/zero/1.0/legalcode"><citetitle>Public Domain (CC0 1.0)</citetitle></ulink>. Users may copy, modify, distribute and use the work, including for commercial purposes, without restriction.</para>
      </intellectualRights>
      <distribution scope="document">
          <online>
              <url function="information">https://www.sciencebase.gov/catalog/item/5a9f2851e4b0b1c392e502f0</url>
          </online>
      </distribution>
      <maintenance>
          <description>
              <para></para>
          </description>
          <maintenanceUpdateFrequency>unkown</maintenanceUpdateFrequency>
      </maintenance>
      <contact>
    <individualName>
<givenName>Emmett</givenName>          <surName>Duffy</surName>
    </individualName>
<organizationName>Tennenbaum Marine Observatories Network</organizationName><positionName>Director</positionName><electronicMailAddress>duffye@si.edu</electronicMailAddress>      </contact>
      <contact>
    <individualName>
<givenName>Ross</givenName>          <surName>Whippo</surName>
    </individualName>
<organizationName>Tennenbaum Marine Observatories Network</organizationName><positionName>Biologist</positionName><electronicMailAddress>whippor@si.edu</electronicMailAddress>      </contact>
      <contact>
    <individualName>
<givenName>Andrew</givenName>          <surName>Bell</surName>
    </individualName>
<organizationName>Tennenbaum Marine Observatories Network</organizationName><positionName>Data Manager</positionName><electronicMailAddress>bellan@si.edu</electronicMailAddress>      </contact>

</dataset>

<additionalMetadata>
    <metadata>
      <gbif>
        <dateStamp>2020-09-25T08:23:22Z</dateStamp>
      <citation>Whippo R, Duffy E, Benson A (2019). MarineGEO visual diver surveys of fish communities around Carrie Bow Cay, Belize, 2015. Version 1.2. United States Geological Survey. Sampling event dataset https://doi.org/10.15468/jezvou accessed via GBIF.org on 2020-09-25.</citation>
        </gbif>
    </metadata>
</additionalMetadata>

</eml:eml>
