<?xml version="1.0" encoding="utf-8"?>
<eml:eml xmlns:eml="eml://ecoinformatics.org/eml-2.1.1" xmlns:xsi="http://www.w3.org/2001/XMLSchema-instance"
         xsi:schemaLocation="eml://ecoinformatics.org/eml-2.1.1 http://rs.gbif.org/schema/eml-gbif-profile/1.1/eml.xsd"
        packageId="6feca810-ad23-4dc9-b96d-28011451ff44"  system="http://gbif.org" scope="system"
  xml:lang="es">

<dataset>
      <alternateIdentifier>10.15470/awihkw</alternateIdentifier>
        <alternateIdentifier>6feca810-ad23-4dc9-b96d-28011451ff44</alternateIdentifier>
        <alternateIdentifier>https://ipt.gbif.es/resource?r=imedea-oto</alternateIdentifier>
    <title>Institut Mediterrani d&apos;Estudis Avançats (CSIC-UIB): IMEDEA-OTO</title>
    <creator>
    <individualName>
<givenName>Beatriz</givenName>          <surName>Morales Nin</surName>
    </individualName>
<organizationName>Institut Mediterrani d&apos;Estudis Avançats (CSIC-UIB)</organizationName><positionName>Scientific Researcher</positionName>    <address>
<deliveryPoint>Miquel Marquès, 21</deliveryPoint><city>Esporles</city><administrativeArea>Illes Balears</administrativeArea><postalCode>07190</postalCode><country>SPAIN</country>    </address>
<phone>+34 971611721</phone><electronicMailAddress>beatriz@imedea.uib-csic.es</electronicMailAddress>    </creator>
    <creator>
    <individualName>
<givenName>Anna</givenName>          <surName>Diaz Lorca</surName>
    </individualName>
<organizationName>Institut Mediterrani d&apos;Estudis Avançats (CSIC-UIB)</organizationName><positionName>Técnica de Colecciones</positionName>    <address>
<deliveryPoint>Miquel Marquès, 21</deliveryPoint><city>Esporles</city><administrativeArea>Illes Balears</administrativeArea><postalCode>07190</postalCode><country>SPAIN</country>    </address>
<phone>+34 971611939</phone><electronicMailAddress>adiaz@imedea.uib-csic.es</electronicMailAddress>    </creator>
    <metadataProvider>
    <individualName>
<givenName>Beatriz</givenName>          <surName>Morales Nin</surName>
    </individualName>
<organizationName>Institut MEditerrani d&apos;Estudis Avançats (CSIC-UIB)</organizationName><positionName>Scientific Researcher</positionName>    <address>
<deliveryPoint>Miquel Marquès, 21</deliveryPoint><city>Esporles</city><administrativeArea>Illes Balears</administrativeArea><postalCode>07910</postalCode><country>SPAIN</country>    </address>
<phone>+34 971611721</phone><electronicMailAddress>beatriz@imedea.uib-csic.es</electronicMailAddress>    </metadataProvider>
    <metadataProvider>
    <individualName>
<givenName>Anna</givenName>          <surName>Diaz Lorca</surName>
    </individualName>
<organizationName>Institut Mediterrani d&apos;Estudis Avançats (CSIC-UIB)</organizationName><positionName>Técnica de Colecciones</positionName>    <address>
<deliveryPoint>Miquel Marquès, 21</deliveryPoint><city>Esporles</city><administrativeArea>Illes Balears</administrativeArea><postalCode>07190</postalCode><country>SPAIN</country>    </address>
<phone>+34 971611939</phone><electronicMailAddress>adiaz@imedea.uib-csic.es</electronicMailAddress>    </metadataProvider>
    <associatedParty>
    <individualName>
<givenName>Anna</givenName>          <surName>Diaz Lorca</surName>
    </individualName>
<organizationName>Institut Mediterrani d&apos;Estudis Avançats (CSIC-UIB)</organizationName><positionName>Técnica de Colecciones</positionName>    <address>
<deliveryPoint>Miquel Marquès, 21</deliveryPoint><city>Esporles</city><administrativeArea>Illes Balears</administrativeArea><postalCode>07190</postalCode><country>SPAIN</country>    </address>
<phone>+34 971611939</phone><electronicMailAddress>adiaz@imedea.uib-csic.es</electronicMailAddress>    <role>CONTENT_PROVIDER</role>
    </associatedParty>
    <associatedParty>
    <individualName>
<givenName>Beatriz</givenName>          <surName>Morales Nin</surName>
    </individualName>
<organizationName>Institut Mediterrani d&apos;Estudis Avançats (CSIC-UIB)</organizationName><positionName>Scientific Researcher</positionName>    <address>
<deliveryPoint>Miquel Marquès, 21</deliveryPoint><city>Esporles</city><administrativeArea>Illes Balears</administrativeArea><postalCode>07190</postalCode><country>SPAIN</country>    </address>
<phone>+34 971611721</phone><electronicMailAddress>beatriz@imedea.uib-csic.es</electronicMailAddress>    <role>PRINCIPAL_INVESTIGATOR</role>
    </associatedParty>
    <associatedParty>
    <individualName>
<givenName>Sílvia</givenName>          <surName>Pérez Mayol</surName>
    </individualName>
<organizationName>Institut Mediterrani d&apos;Estudis Avançats (CSIC-UIB)</organizationName><positionName>Titulado superior</positionName>    <address>
<deliveryPoint>Miquel Marquès, 21</deliveryPoint><city>Esporles</city><administrativeArea>Illes Balears</administrativeArea><postalCode>07190</postalCode>    </address>
<phone>+ 34 971611722</phone><electronicMailAddress>silvia@imedea.uib-csic.es</electronicMailAddress>    <role>PROCESSOR</role>
    </associatedParty>
      <pubDate>
      2020-09-16
      </pubDate>
    <language>ENGLISH</language>
    <abstract>
        <para>[English] IMEDEA-OTO includes more than 300 lots of Actinopterygian fish otoliths, with a total of approximately 43,000 samples, from the Mediterranean Institute for Advanced Studies (CSIC-UIB) thanks to the different campaigns led by Dr. Beatriz Morales-Nin.
 The samples come mainly from the Mediterranean Sea, the Antarctic Ocean and the Atlantic Ocean.
There are representations of 157 species and 52 different families. The most represented orders are Perciformes, Gadiformes, Scorpaeniformes, Salmoniformes, respectively.
The otoliths are whole or in dry preservation. The collection continues to grow.



[Español] IMEDEA-OTO incluye más de 300 lotes de otolitos de peces Actinopterigios, con un total aproximado de 43.000 muestras, del Instituto Mediterráneo de Estudios Avanzados (CSIC-UIB) gracias a las diferentes campañas lideradas por la Dra. Beatriz Morales-Nin.
 Las muestras proceden básicamente del mar Mediterráneo, del océano Antártico y del océano Atlántico. 
Hay representación de 157 especies y 52 familias diferentes.  Los órdenes más representados son Perciformes, Gadiformes, Scorpaeniformes, Salmoniformes, respectivamente. 
Los otolitos se encuentran enteros o en preparación, todos conservados en seco. La colección sigue en crecimiento.</para>
    </abstract>
        <keywordSet>
              <keyword>Mediterraneo</keyword>
              <keyword>fish otoliths</keyword>
              <keyword>Baleares</keyword>
              <keyword>otolito</keyword>
              <keyword>otoliths</keyword>
              <keyword>Otòlit</keyword>
              <keyword>Occurrence</keyword>
              <keyword>otolith</keyword>
              <keywordThesaurus>GBIF Dataset Type Vocabulary: http://rs.gbif.org/vocabulary/gbif/dataset_type.xml</keywordThesaurus>
        </keywordSet>
        <keywordSet>
              <keyword>Specimen</keyword>
              <keywordThesaurus>GBIF Dataset Subtype Vocabulary: http://rs.gbif.org/vocabulary/gbif/dataset_subtype.xml</keywordThesaurus>
        </keywordSet>
      <intellectualRights>
        <para>This work is licensed under a <ulink url="http://creativecommons.org/licenses/by-nc/4.0/legalcode"><citetitle>Creative Commons Attribution Non Commercial (CC-BY-NC) 4.0 License</citetitle></ulink>.</para>
      </intellectualRights>
      <coverage>
            <geographicCoverage>
                  <geographicDescription>El 62% de las muestras provienen del mar Mediterráneo (España -principalmente de las Islas Baleares-, Catalunya, Túnez, Malta y Grecia). El 17% han sido recolectadas en el océano Antártico y el 14% del océano Atlántico (España, Brasil, Portugal, Reino Unido). En menor proporción hay muestras del océano Pacífico (México, Perú, Chile, Hawaii y Australia) y del océano Indico (Omán).</geographicDescription>
                  <boundingCoordinates>
                      <westBoundingCoordinate>-180</westBoundingCoordinate>
                      <eastBoundingCoordinate>180</eastBoundingCoordinate>
                      <northBoundingCoordinate>90</northBoundingCoordinate>
                      <southBoundingCoordinate>-90</southBoundingCoordinate>
                  </boundingCoordinates>
            </geographicCoverage>
          <temporalCoverage>
            <rangeOfDates>
              <beginDate>
                <calendarDate>      1979-01-01
</calendarDate>
              </beginDate>
              <endDate>
                <calendarDate>      2018-01-01
</calendarDate>
              </endDate>
            </rangeOfDates>
          </temporalCoverage>
              <taxonomicCoverage>
                    <generalTaxonomicCoverage>El 94,3% de las muestras están identificadas a nivel de Especie, el 5% a nivel de Género y un 0,7% a nivel de Familia. La mayoría de las muestras corresponden a especies marinas. Hay representación de 157 especies diferentes que pertenecen a 52 familias. La especie más representada es Merluccius merluccius (Linnaeus, 1758).</generalTaxonomicCoverage>
                    <taxonomicClassification>
                          <taxonRankName>Order</taxonRankName>
                        <taxonRankValue>Perciformes</taxonRankValue>
                    </taxonomicClassification>
                    <taxonomicClassification>
                          <taxonRankName>Order</taxonRankName>
                        <taxonRankValue>Gadiformes</taxonRankValue>
                    </taxonomicClassification>
                    <taxonomicClassification>
                          <taxonRankName>Order</taxonRankName>
                        <taxonRankValue>Scorpaeniformes</taxonRankValue>
                    </taxonomicClassification>
                    <taxonomicClassification>
                          <taxonRankName>Order</taxonRankName>
                        <taxonRankValue>Salmoniformes</taxonRankValue>
                    </taxonomicClassification>
                    <taxonomicClassification>
                          <taxonRankName>Order</taxonRankName>
                        <taxonRankValue>Aulopiformes</taxonRankValue>
                    </taxonomicClassification>
                    <taxonomicClassification>
                          <taxonRankName>Order</taxonRankName>
                        <taxonRankValue>Clupeiformes</taxonRankValue>
                    </taxonomicClassification>
                    <taxonomicClassification>
                          <taxonRankName>Order</taxonRankName>
                        <taxonRankValue>Characiformes</taxonRankValue>
                    </taxonomicClassification>
                    <taxonomicClassification>
                          <taxonRankName>Order</taxonRankName>
                        <taxonRankValue>Pleuronectiformes</taxonRankValue>
                    </taxonomicClassification>
                    <taxonomicClassification>
                          <taxonRankName>Order</taxonRankName>
                        <taxonRankValue>Osmeriformes</taxonRankValue>
                    </taxonomicClassification>
                    <taxonomicClassification>
                          <taxonRankName>Order</taxonRankName>
                        <taxonRankValue>Ophidiiformes</taxonRankValue>
                    </taxonomicClassification>
                    <taxonomicClassification>
                          <taxonRankName>Order</taxonRankName>
                        <taxonRankValue>Mugiliformes</taxonRankValue>
                    </taxonomicClassification>
                    <taxonomicClassification>
                          <taxonRankName>Order</taxonRankName>
                        <taxonRankValue>Tetraodontiformes</taxonRankValue>
                    </taxonomicClassification>
                    <taxonomicClassification>
                          <taxonRankName>Order</taxonRankName>
                        <taxonRankValue>Beryciformes</taxonRankValue>
                    </taxonomicClassification>
                    <taxonomicClassification>
                          <taxonRankName>Order</taxonRankName>
                        <taxonRankValue>Myctophiformes</taxonRankValue>
                    </taxonomicClassification>
                    <taxonomicClassification>
                          <taxonRankName>Order</taxonRankName>
                        <taxonRankValue>Siluriformes</taxonRankValue>
                    </taxonomicClassification>
                    <taxonomicClassification>
                          <taxonRankName>Order</taxonRankName>
                        <taxonRankValue>Syngnathiformes</taxonRankValue>
                    </taxonomicClassification>
                    <taxonomicClassification>
                          <taxonRankName>Kingdom</taxonRankName>
                        <taxonRankValue>Animalia</taxonRankValue>
                    </taxonomicClassification>
                    <taxonomicClassification>
                          <taxonRankName>Phylum</taxonRankName>
                        <taxonRankValue>Chordata</taxonRankValue>
                    </taxonomicClassification>
                    <taxonomicClassification>
                          <taxonRankName>Species</taxonRankName>
                        <taxonRankValue>Merluccius merluccius</taxonRankValue>
                    </taxonomicClassification>
              </taxonomicCoverage>
      </coverage>
      <maintenance>
          <description>
              <para></para>
          </description>
          <maintenanceUpdateFrequency>asNeeded</maintenanceUpdateFrequency>
      </maintenance>
      <contact>
    <individualName>
<givenName>Anna</givenName>          <surName>Diaz Lorca</surName>
    </individualName>
<organizationName>Institut Mediterrani d&apos;Estudis Avançats (CSIC-UIB)</organizationName><positionName>Técnica de Colecciones</positionName>    <address>
<deliveryPoint>Miquel Marquès, 21</deliveryPoint><city>Esporles</city><administrativeArea>Illes Balears</administrativeArea><postalCode>07190</postalCode><country>SPAIN</country>    </address>
<phone>+34 971611939</phone><electronicMailAddress>adiaz@imedea.uib-csic.es</electronicMailAddress>      </contact>
      <contact>
    <individualName>
<givenName>Beatriz</givenName>          <surName>Morales Nin</surName>
    </individualName>
<organizationName>Institut Mediterrani d&apos;Estudis Avançats (CSIC-UIB)</organizationName><positionName>Scientific Researcher</positionName>    <address>
<deliveryPoint>Miquel Marquès, 21</deliveryPoint><city>Esporles</city><administrativeArea>Illes Balears</administrativeArea><postalCode>07190</postalCode><country>SPAIN</country>    </address>
<phone>+34 971611721</phone><electronicMailAddress>beatriz@imedea.uib-csic.es</electronicMailAddress>      </contact>
      <methods>
            <methodStep>
                <description>
                    <para></para>
                </description>
            </methodStep>
      </methods>

</dataset>

<additionalMetadata>
    <metadata>
      <gbif>
        <dateStamp>2020-10-08T15:46:54Z</dateStamp>
      <citation identifier="https://doi.org/10.15470/awihkw">Morales Nin B, Diaz Lorca A (2020). Institut Mediterrani d&apos;Estudis Avançats (CSIC-UIB): IMEDEA-OTO. Version 2.1. Mediterranean Institute for Advanced Studies (CSIC-UIB). Occurrence dataset https://doi.org/10.15470/awihkw accessed via GBIF.org on 2020-10-08.</citation>
              <resourceLogoUrl>http://imedea.uib-csic.es/images/logoimedeacsicuib_color.jpg</resourceLogoUrl>
              <collection>
                <parentCollectionIdentifier>No aplica</parentCollectionIdentifier>
                <collectionIdentifier></collectionIdentifier>
                <collectionName>IMEDEA-OTO</collectionName>
              </collection>
                <specimenPreservationMethod>MICROSCOPIC_PREPARATION</specimenPreservationMethod>
        </gbif>
    </metadata>
</additionalMetadata>

</eml:eml>
