<?xml version="1.0" encoding="utf-8"?>
<eml:eml xmlns:eml="eml://ecoinformatics.org/eml-2.1.1" xmlns:xsi="http://www.w3.org/2001/XMLSchema-instance"
         xsi:schemaLocation="eml://ecoinformatics.org/eml-2.1.1 http://rs.gbif.org/schema/eml-gbif-profile/1.1/eml.xsd"
        packageId="10.15468/dl.3eky6s"  system="http://gbif.org" scope="system"
  xml:lang="en">

<dataset>
        <alternateIdentifier>0069004-200613084148143</alternateIdentifier>
    <title>GBIF Occurrence Download 10.15468/dl.3eky6s</title>
    <creator>
    <individualName>
          <surName>GBIF Download Service</surName>
    </individualName>
<electronicMailAddress>support@gbif.org</electronicMailAddress>    </creator>
    <metadataProvider>
    <individualName>
          <surName>GBIF Download Service</surName>
    </individualName>
<electronicMailAddress>support@gbif.org</electronicMailAddress>    </metadataProvider>
      <pubDate>
      2020-09-25
      </pubDate>
    <language>ENGLISH</language>
    <abstract>
        <para>A dataset containing all occurrences available in GBIF matching the query:
{
  &quot;and&quot; : [ &quot;TaxonKey is Scomberomorus cavalla (Cuvier, 1829)&quot;, &quot;HasCoordinate is true&quot;, &quot;HasGeospatialIssue is false&quot; ]
}
The dataset includes records from the following constituent datasets. The full metadata for each constituent is also included in this archive:
1 records from Diversidad de peces de las lagunas costeras de Pueblo Viejo y el Mango, Veracruz
1 records from Ohio State University Fish Division (OSUM)
1 records from Ocean Genome Legacy Collection
1 records from Field Museum of Natural History (Zoology) Fish Collection
1 records from AUM Fish Collection
1 records from Colección de referencia de otolitos, Instituto de Ciencias del Mar-CSIC
1 records from Universidad del Valle de Guatemala - Colecciones Biológicas - Peces
1 records from Coleccion de Ictiología del Instituto de Ciencias Naturales (ICN-MHN-Ic)
1 records from Fish biodiversity of the Vitória-Trindade Seamount Chain, Southwestern Atlantic: an updated database
1 records from Diveboard - Scuba diving citizen science observations
1 records from Protocole d&apos;évaluation rapide des communautés ichtyologiques en Guadeloupe
2 records from Colección de Peces de la Universidad de Antioquia
2 records from SEFSC CAGES Alabama Fish Length Data with CPUE
2 records from CUMV Fish Collection
2 records from University of Michigan Museum of Zoology, Division of Fishes
3 records from CNPE/Coleccion Nacional de Peces
3 records from KUBI Ichthyology Collection
3 records from USGS Patuxent Wildlife Research Center Seabirds Compendium
3 records from Données d&apos;occurrences Espèces issues de l&apos;inventaire des ZNIEFF
3 records from KUBI Ichthyology Tissue Collection
3 records from University of Texas, Biodiversity Center, Ichthyology Collection (TNHCi)
3 records from Computarización de la Colección Nacional de Peces del Instituto de Biología UNAM
4 records from LSUMZ (LSU MNS) Fishes Collection
4 records from UAIC Ichthyological Collection
4 records from Estudio taxonómico y zoogeográfico de áreas selectas de peces marinos en Laguna Madre y Costas de Tamaulipas, Veracruz y Campeche, México
5 records from ECNASAP - East Coast North America Strategic Assessment
5 records from Northeast Area Monitoring and Assessment Program Near Shore Trawl Survey (NEAMAP)
5 records from Fishbase
5 records from Ichthyology Collection - Royal Ontario Museum
6 records from The fishes collection (IC) of the Muséum national d&apos;Histoire naturelle (MNHN - Paris)
6 records from Códigos de barras de la vida en peces y zooplancton de México
6 records from CAS Ichthyology (ICH)
6 records from Grandes peces pelágicos asociados a pesca deportiva marina en Santa Marta, Colombia
7 records from LACM Vertebrate Collection
8 records from Fortalecimiento de las colecciones de ECOSUR. Primera fase Peces Chetumal)
12 records from Fishes of Texas Project (FoTX) Database - Darwin Core
12 records from TPWD HARC Texas Coastal Fisheries Sabine Lake Bag Seine
13 records from NCSM Ichthyology Collection
15 records from Geographically tagged INSDC sequences
19 records from International Barcode of Life project (iBOL)
24 records from Museum of Comparative Zoology, Harvard University
25 records from NMNH Extant Specimen Records
49 records from Biodiversity Research and Teaching Collections - TCWC Vertebrates
51 records from Base de datos sobre ictioplancton para la Bahía de Campeche, México
65 records from UF FLMNH Ichthyology
75 records from iNaturalist Research-grade Observations
128 records from Florida Keys Reef Visual Census 1994
145 records from Northeast Fisheries Science Center Bottom Trawl Survey Data
152 records from Florida Keys Reef Visual Census 1996
244 records from Florida Keys Reef Visual Census 2004
292 records from Florida Keys Reef Visual Census 1995
328 records from Dry Tortugas Reef Visual Census 1999
341 records from NOAA Southeast Fisheries Science Center (SEFSC) Fisheries Log Book System (FLS) Commercial Pelagic Logbook Data
382 records from Dry Tortugas Reef Visual Census 2000
412 records from Florida Keys Reef Visual Census 1997
435 records from Florida Keys Reef Visual Census 2003
441 records from Florida Keys Reef Visual Census 1999
462 records from Florida Keys Reef Visual Census 1998
487 records from Dry Tortugas Reef Visual Census 2006
498 records from Florida Keys Reef Visual Census 2005
528 records from Florida Keys Reef Visual Census 2000
546 records from Dry Tortugas Reef Visual Census 2016
590 records from Dry Tortugas Reef Visual Census 2004
594 records from Florida Keys Reef Visual Census 2006
629 records from Florida Keys Reef Visual Census 2007
666 records from Dry Tortugas Reef Visual Census 2008
670 records from Florida Keys Reef Visual Census 2002
710 records from Dry Tortugas Reef Visual Census 2010
720 records from Dry Tortugas Reef Visual Census 2014
736 records from Florida Keys Reef Visual Census 2008
741 records from Florida Keys Reef Visual Census 2010
742 records from Florida Keys Reef Visual Census 2001
792 records from Florida Keys Reef Visual Census 2011
798 records from Florida Keys Reef Visual Census 2016
804 records from Florida Keys Reef Visual Census 2012
821 records from Dry Tortugas Reef Visual Census 2012
1008 records from Florida Keys Reef Visual Census 2009
1417 records from Puerto Rico Long-Term Coral Reef Monitoring Program Database Compilation
</para>
    </abstract>
      <contact>
    <individualName>
          <surName>GBIF Download Service</surName>
    </individualName>
<electronicMailAddress>support@gbif.org</electronicMailAddress>      </contact>

</dataset>

<additionalMetadata>
    <metadata>
      <gbif>
        <dateStamp>2020-09-25T08:17:15Z</dateStamp>
      <citation identifier="10.15468/dl.3eky6s">GBIF Occurrence Download 10.15468/dl.3eky6s</citation>
              <physical>
                  <objectName>Darwin Core Archive</objectName>
                  <characterEncoding>UTF-8</characterEncoding>
                  <dataFormat>
                      <externallyDefinedFormat>
                          <formatName>Darwin Core Archive</formatName>
                      </externallyDefinedFormat>
                  </dataFormat>
                  <distribution>
                      <online>
                          <url function="download">http://api.gbif.org/v1/occurrence/download/request/0069004-200613084148143.zip</url>
                      </online>
                  </distribution>
              </physical>
        </gbif>
    </metadata>
</additionalMetadata>

</eml:eml>
