<?xml version="1.0" encoding="utf-8"?>
<eml:eml xmlns:eml="eml://ecoinformatics.org/eml-2.1.1" xmlns:xsi="http://www.w3.org/2001/XMLSchema-instance"
         xsi:schemaLocation="eml://ecoinformatics.org/eml-2.1.1 http://rs.gbif.org/schema/eml-gbif-profile/1.1/eml.xsd"
        packageId="047e1bb6-38a3-4d86-a1e3-c9b691805155"  system="http://gbif.org" scope="system"
  xml:lang="es">

<dataset>
      <alternateIdentifier>10.15472/0tcazz</alternateIdentifier>
        <alternateIdentifier>047e1bb6-38a3-4d86-a1e3-c9b691805155</alternateIdentifier>
        <alternateIdentifier>http://ipt.biodiversidad.co/sib/resource?r=icn-mhn-ic</alternateIdentifier>
    <title>Coleccion de Ictiología del Instituto de Ciencias Naturales (ICN-MHN-Ic)</title>
    <creator>
    <individualName>
<givenName>José Iván</givenName>          <surName>Mojica Corzo</surName>
    </individualName>
<organizationName>Universidad Nacional de Colombia</organizationName><positionName>Profesor Asociado</positionName>    <address>
<deliveryPoint>Carrera 30 # 45-03 Edificio 425</deliveryPoint><city>Bogotá D.C</city><administrativeArea>Bogotá D.C</administrativeArea><country>COLOMBIA</country>    </address>
<phone>3165000</phone><electronicMailAddress>jimojicac@unal.edu.co</electronicMailAddress><onlineUrl>http://ciencias.bogota.unal.edu.co/icn/talento-humano/personal-docente-de-planta/</onlineUrl>    </creator>
    <creator>
    <individualName>
<givenName>Lauren</givenName>          <surName>Raz</surName>
    </individualName>
<organizationName>Universidad Nacional de Colombia</organizationName><positionName>Profesora Asociada</positionName>    <address>
<deliveryPoint>Carrera 30 # 45-03 Edificio 425</deliveryPoint><city>Bogotá D.C</city><administrativeArea>Bogotá D.C</administrativeArea><country>COLOMBIA</country>    </address>
<phone>3165000</phone><electronicMailAddress>lraz@unal.edu.co</electronicMailAddress><onlineUrl>http://ciencias.bogota.unal.edu.co/icn/talento-humano/personal-docente-de-planta/</onlineUrl>    </creator>
    <creator>
    <individualName>
<givenName>Henry</givenName>          <surName>Agudelo</surName>
    </individualName>
<organizationName>Universidad Nacional de Colombia</organizationName><positionName>Coordinador proyectos Informatica de la Biodiversidad</positionName>    <address>
<deliveryPoint>Carrera 30 # 45-03 Edificio 425</deliveryPoint><city>Bogotá D.C</city><administrativeArea>Bogotá D.C</administrativeArea><country>COLOMBIA</country>    </address>
<phone>3165000</phone><electronicMailAddress>hdagudeloz@unal.edu.co</electronicMailAddress><onlineUrl>http://ciencias.bogota.unal.edu.co/icn/informatica-de-la-biodiversidad/equipo-de-trabajo/</onlineUrl>    </creator>
    <metadataProvider>
    <individualName>
<givenName>Henry</givenName>          <surName>Agudelo</surName>
    </individualName>
<organizationName>Universidad Nacional de Colombia</organizationName><positionName>Coordinador proyectos Informatica de la Biodiversidad</positionName>    <address>
<deliveryPoint>Carrera 30 # 45-03 Edificio 425</deliveryPoint><city>Bogotá D.C</city><administrativeArea>Bogotá D.C</administrativeArea><country>COLOMBIA</country>    </address>
<phone>3165000</phone><electronicMailAddress>hdagudeloz@unal.edu.co</electronicMailAddress><onlineUrl>http://ciencias.bogota.unal.edu.co/icn/informatica-de-la-biodiversidad/equipo-de-trabajo/</onlineUrl>      <userId directory="http://orcid.org/">0000-0001-8571-7235</userId>
    </metadataProvider>
    <associatedParty>
    <individualName>
<givenName>José Iván</givenName>          <surName>Mojica Corzo</surName>
    </individualName>
<organizationName>Universidad Nacional de Colombia</organizationName><positionName>Profesor Asociado</positionName>    <address>
<deliveryPoint>Carrera 30 # 45-03 Edificio 425</deliveryPoint><city>Bogotá D.C</city><administrativeArea>Bogotá D.C</administrativeArea><country>COLOMBIA</country>    </address>
<phone>3165000</phone><electronicMailAddress>jimojicac@unal.edu.co</electronicMailAddress>    <role>CURATOR</role>
    </associatedParty>
    <associatedParty>
    <individualName>
<givenName>Lauren</givenName>          <surName>Raz</surName>
    </individualName>
<organizationName>Universidad Nacional de Colombia</organizationName><positionName>Profesora Asociada</positionName>    <address>
<deliveryPoint>Carrera 30 # 45-03 Edificio 425</deliveryPoint><city>Bogotá D.C</city><administrativeArea>Bogotá D.C</administrativeArea><country>COLOMBIA</country>    </address>
<phone>3165000</phone><electronicMailAddress>lraz@unal.edu.co</electronicMailAddress>    <role>CUSTODIAN_STEWARD</role>
    </associatedParty>
    <associatedParty>
    <individualName>
<givenName>Henry</givenName>          <surName>Agudelo</surName>
    </individualName>
<organizationName>Universidad Nacional de Colombia</organizationName><positionName>Coordinador proyectos Informatica de la Biodiversidad</positionName>    <address>
<deliveryPoint>Carrera 30 # 45-03 Edificio 425</deliveryPoint><city>Bogotá D.C</city><administrativeArea>Bogotá D.C</administrativeArea><country>COLOMBIA</country>    </address>
<phone>3165000</phone><onlineUrl>http://ciencias.bogota.unal.edu.co/icn/informatica-de-la-biodiversidad/equipo-de-trabajo/</onlineUrl>      <userId directory="http://orcid.org/">0000-0001-8571-7235</userId>
    <role>PUBLISHER</role>
    </associatedParty>
      <pubDate>
      2018-07-06
      </pubDate>
    <language>SPANISH</language>
    <abstract>
        <para>La Colección de peces del Instituto de Ciencias Naturales fue fundada por Cecil Miles en 1942 bajo resolución de la Universidad Nacional de Colombia. Posteriormente fue vinculado George Dahl en 1957 como profesor de ictiología y curador de la colección, luego es recibida por Plutarco Cala cerca de 1971 cuando este regresa de culminar su doctorado, Cala es el primer curador que inicia el proceso de catalogar en fisico los lotes. Posteriormente la colección es encargada al profesor Germán Galvis y finalmente está a cargo de el profesor José Iván Mojica hasta estos días. La colección es una de las mas grandes del país y que continen un acervo en el tiempo y la historia del país como ejemplo de esto es la que reguarda el holotipo de la unica especie de pez extinta que tiene el país, especie colectada y descrita por el primer curador (Cecil Miles).</para>
    </abstract>
        <keywordSet>
              <keyword>Occurrence</keyword>
              <keywordThesaurus>GBIF Dataset Type Vocabulary: http://rs.gbif.org/vocabulary/gbif/dataset_type.xml</keywordThesaurus>
        </keywordSet>
        <keywordSet>
              <keyword>Specimen</keyword>
              <keywordThesaurus>GBIF Dataset Subtype Vocabulary: http://rs.gbif.org/vocabulary/gbif/dataset_subtype.xml</keywordThesaurus>
        </keywordSet>
      <intellectualRights>
        <para>This work is licensed under a <ulink url="http://creativecommons.org/licenses/by-nc/4.0/legalcode"><citetitle>Creative Commons Attribution Non Commercial (CC-BY-NC) 4.0 License</citetitle></ulink>.</para>
      </intellectualRights>
      <distribution scope="document">
          <online>
              <url function="information">http://www.biovirtual.unal.edu.co/es/colecciones/search/fish/</url>
          </online>
      </distribution>
      <coverage>
            <geographicCoverage>
                  <geographicDescription>Los lotes incluidos en la colección son principalmente de Colombia</geographicDescription>
                  <boundingCoordinates>
                      <westBoundingCoordinate>-81.914</westBoundingCoordinate>
                      <eastBoundingCoordinate>-32.695</eastBoundingCoordinate>
                      <northBoundingCoordinate>17.979</northBoundingCoordinate>
                      <southBoundingCoordinate>-56.17</southBoundingCoordinate>
                  </boundingCoordinates>
            </geographicCoverage>
              <taxonomicCoverage>
                    <generalTaxonomicCoverage>La mayor parte de los lotes se encuentran identificados a nivel de especie, sin embargo, existen lotes donde las determinaciones solo son a nivel de genero y en menor cantidad a Phylum.</generalTaxonomicCoverage>
                    <taxonomicClassification>
                          <taxonRankName>Superclass</taxonRankName>
                        <taxonRankValue>Osteichthyes</taxonRankValue>
                          <commonName>Peces</commonName>
                    </taxonomicClassification>
              </taxonomicCoverage>
      </coverage>
      <maintenance>
          <description>
              <para></para>
          </description>
          <maintenanceUpdateFrequency>notPlanned</maintenanceUpdateFrequency>
      </maintenance>
      <contact>
    <individualName>
<givenName>José Iván</givenName>          <surName>Mojica Corzo</surName>
    </individualName>
<organizationName>Universidad Nacional de Colombia</organizationName><positionName>Profesor Asociado</positionName>    <address>
<deliveryPoint>Carrera 30 # 45-03 Edificio 425</deliveryPoint><city>Bogotá D.C</city><administrativeArea>Bogotá D.C</administrativeArea><country>COLOMBIA</country>    </address>
<phone>3165000</phone><electronicMailAddress>jimojicac@unal.edu.co</electronicMailAddress>      </contact>
      <methods>
            <methodStep>
                <description>
                    <para></para>
                </description>
            </methodStep>
      </methods>

      <project >
          <title>Depuración y georreferenciación de 19140 registros de la colección de peces del ICN-MHN</title>
          <personnel>
    <individualName>
<givenName>José Iván</givenName>          <surName>Mojica Corzo</surName>
    </individualName>
    <role>CURATOR</role>
          </personnel>
          <abstract>
              <para>Marco del convenio entre ACICTIOS y el IAvH</para>
          </abstract>
          <funding>
              <para>ACICTIOS-IAvH</para>
          </funding>
            <studyAreaDescription>
                <descriptor name="generic" citableClassificationSystem="false">
                    <descriptorValue>Registros biológicos georreferenciados de peces de Colombia de las regiones Amazonas, Orinoco, Magdalena-Cauca, Pacífico y Caribe</descriptorValue>
                </descriptor>
            </studyAreaDescription>
            <designDescription>
                <description>
                    <para>Fueron depurados los nombres validos, asignandoles validez dentro de la cuenca asociada, ademas fueron georreferenciados los registros que no contaban con coordenadas geograficas mediante el protocolo de Radio-Punto.</para>
                </description>
            </designDescription>
      </project>
</dataset>

<additionalMetadata>
    <metadata>
      <gbif>
        <dateStamp>2018-09-24T18:42:10Z</dateStamp>
      <citation identifier="http://doi.org/10.15472/0tcazz">Mojica Corzo J I, Raz L, Agudelo H (2018). Coleccion de Ictiología del Instituto de Ciencias Naturales (ICN-MHN-Ic). Version 1.2. Universidad Nacional de Colombia. Occurrence dataset https://doi.org/10.15472/0tcazz accessed via GBIF.org on 2018-09-24.</citation>
              <collection>
                <parentCollectionIdentifier>ICN-MHN</parentCollectionIdentifier>
                <collectionIdentifier>ICN-MHN-Ic</collectionIdentifier>
                <collectionName>Coleccion de Ictiología del Instituto de Ciencias Naturales (ICN-MHN-Ic)</collectionName>
              </collection>
                <specimenPreservationMethod>OTHER</specimenPreservationMethod>
              <livingTimePeriod>1940-2017</livingTimePeriod>
                  <jgtiCuratorialUnit>
                      <jgtiUnitType>lotes</jgtiUnitType>
                      <jgtiUnits uncertaintyMeasure="1,000">27,000</jgtiUnits>
                  </jgtiCuratorialUnit>
        </gbif>
    </metadata>
</additionalMetadata>

</eml:eml>
