<?xml version="1.0" encoding="utf-8"?>
<eml:eml xmlns:eml="eml://ecoinformatics.org/eml-2.1.1" xmlns:xsi="http://www.w3.org/2001/XMLSchema-instance"
         xsi:schemaLocation="eml://ecoinformatics.org/eml-2.1.1 http://rs.gbif.org/schema/eml-gbif-profile/1.1/eml.xsd"
        packageId="10.15468/dl.v5r6hz"  system="http://gbif.org" scope="system"
  xml:lang="en">

<dataset>
        <alternateIdentifier>0068274-200613084148143</alternateIdentifier>
    <title>GBIF Occurrence Download 10.15468/dl.v5r6hz</title>
    <creator>
    <individualName>
          <surName>GBIF Download Service</surName>
    </individualName>
<electronicMailAddress>support@gbif.org</electronicMailAddress>    </creator>
    <metadataProvider>
    <individualName>
          <surName>GBIF Download Service</surName>
    </individualName>
<electronicMailAddress>support@gbif.org</electronicMailAddress>    </metadataProvider>
      <pubDate>
      2020-09-24
      </pubDate>
    <language>ENGLISH</language>
    <abstract>
        <para>A dataset containing all occurrences available in GBIF matching the query:
{
  &quot;and&quot; : [ &quot;TaxonKey is Hyperoglyphe antarctica (Carmichael, 1819)&quot;, &quot;HasCoordinate is true&quot;, &quot;HasGeospatialIssue is false&quot; ]
}
The dataset includes records from the following constituent datasets. The full metadata for each constituent is also included in this archive:
1 records from Biological observations from the Discovery Investigations 1925-1952
1 records from CSIRO, Abundance and distribution of orange roughy in southeast Australian waters 1987-1979
1 records from iNaturalist Research-grade Observations
1 records from Natural History Museum (London) Collection Specimens
2 records from Queensland Museum provider for OZCAM
2 records from The fishes collection (IC) of the Muséum national d&apos;Histoire naturelle (MNHN - Paris)
2 records from South Australian Museum Australia provider for OZCAM
3 records from European Molecular Biology Laboratory Australian Mirror
3 records from ecoscope_observation_database
4 records from NORFANZ Biological Survey, Tasman Sea, Australia - New Zealand 2003
4 records from Auckland Museum NZ Marine Collection
5 records from Museums Victoria provider for OZCAM
6 records from Geographically tagged INSDC sequences
7 records from Fish collection of National Museum of Nature and Science
7 records from New Zealand research tagging database
7 records from CSIRO, South East Fishery Habitat Ecosystem Study, Southeast Australia, 1993-1997
8 records from International Barcode of Life project (iBOL)
9 records from Fishbase
10 records from Occurrence records of southern African aquatic biodiversity
11 records from FBIP: IZIKO Marine Bony Fish (1884-2013)
18 records from CSIRO Ichthyology provider for OZCAM
20 records from Australian Museum provider for OZCAM
28 records from CSIRO, Soviet Fishery Data, Australia, 1965-1978
34 records from CSIRO, fish surveys by the Soela, 1980s
38 records from Bottom Trawl Surveys: Catch and Effort Data For South East Australia, 1898-1996
68 records from Catch data from New Zealand research trawls since 2008
82 records from Marine Commercial Fish Survey (FV Kapala, FV Trader Horn, FV Shelley, FV Kirrawa, FV May Bell) in the East and South East Australian Region from 1975 to 2008
253 records from Soviet Trawl Fishery Data (New Zealand Waters) 1964-1987
369 records from Bureau of Rural Sciences, Commercial Fisheries Presence, Australia, 2000-2002
816 records from New Zealand fish and squid distributions from research bottom trawls 1964-2008
</para>
    </abstract>
      <contact>
    <individualName>
          <surName>GBIF Download Service</surName>
    </individualName>
<electronicMailAddress>support@gbif.org</electronicMailAddress>      </contact>

</dataset>

<additionalMetadata>
    <metadata>
      <gbif>
        <dateStamp>2020-09-24T11:22:51Z</dateStamp>
      <citation identifier="10.15468/dl.v5r6hz">GBIF Occurrence Download 10.15468/dl.v5r6hz</citation>
              <physical>
                  <objectName>Darwin Core Archive</objectName>
                  <characterEncoding>UTF-8</characterEncoding>
                  <dataFormat>
                      <externallyDefinedFormat>
                          <formatName>Darwin Core Archive</formatName>
                      </externallyDefinedFormat>
                  </dataFormat>
                  <distribution>
                      <online>
                          <url function="download">http://api.gbif.org/v1/occurrence/download/request/0068274-200613084148143.zip</url>
                      </online>
                  </distribution>
              </physical>
        </gbif>
    </metadata>
</additionalMetadata>

</eml:eml>
