<?xml version="1.0" encoding="utf-8"?>
<eml:eml xmlns:eml="eml://ecoinformatics.org/eml-2.1.1" xmlns:xsi="http://www.w3.org/2001/XMLSchema-instance"
         xsi:schemaLocation="eml://ecoinformatics.org/eml-2.1.1 http://rs.gbif.org/schema/eml-gbif-profile/1.1/eml.xsd"
        packageId="10.15468/dl.euz8nk"  system="http://gbif.org" scope="system"
  xml:lang="en">

<dataset>
        <alternateIdentifier>0081672-200613084148143</alternateIdentifier>
    <title>GBIF Occurrence Download 10.15468/dl.euz8nk</title>
    <creator>
    <individualName>
          <surName>GBIF Download Service</surName>
    </individualName>
<electronicMailAddress>support@gbif.org</electronicMailAddress>    </creator>
    <metadataProvider>
    <individualName>
          <surName>GBIF Download Service</surName>
    </individualName>
<electronicMailAddress>support@gbif.org</electronicMailAddress>    </metadataProvider>
      <pubDate>
      2020-10-13
      </pubDate>
    <language>ENGLISH</language>
    <abstract>
        <para>A dataset containing all occurrences available in GBIF matching the query:
{
  &quot;and&quot; : [
    &quot;TaxonKey is Oxyporhamphus micropterus (Valenciennes, 1847)&quot;,
    &quot;HasCoordinate is true&quot;,
    &quot;HasGeospatialIssue is false&quot;
  ]
}
The dataset includes records from the following constituent datasets. The full metadata for each constituent is also included in this archive:
1 records from IndOBIS, Indian Ocean Node of OBIS
1 records from Geographically tagged INSDC sequences
1 records from Fishes of Texas Project (FoTX) Database - Darwin Core
1 records from UAIC Ichthyological Collection
1 records from Taiwan Fisheries Research Institute – Digital archives of coastal and offshore specimens
1 records from North Marine Region demersal fish and invertebrate collection records (DEW collation), Australia (1980 - 1997)
1 records from National Museum of Marine Biology and Aquarium
1 records from CUMV Fish Collection
1 records from iNaturalist Research-grade Observations
1 records from Inventario de Peces del SFF Isla Malpelo, Proyecto Colombia Bio
1 records from Northern Territory Museum and Art Gallery provider for OZCAM
2 records from Biological observations from the Discovery Investigations 1925-1952
2 records from Colección de referencia de otolitos, Instituto de Ciencias del Mar-CSIC
2 records from Actualización de la base de datos de diversidad taxonómica de las larvas de peces de Bahía Vizcaíno
2 records from FBIP: IZIKO Marine Bony Fish (1884-2013)
2 records from KUBI Ichthyology Tissue Collection
2 records from University of Texas, Biodiversity Center, Ichthyology Collection (TNHCi)
3 records from UWFC Ichthyology Collection
3 records from Fish collection of National Museum of Nature and Science
3 records from Field Museum of Natural History (Zoology) Fish Collection
3 records from Biodiversity Research and Teaching Collections - TCWC Vertebrates
3 records from Bernice P. Bishop Museum
3 records from Formación de una base de datos de la biodiversidad de fauna marina y costera en el Golfo de California
3 records from University of Michigan Museum of Zoology, Division of Fishes
4 records from The fishes collection (IC) of the Muséum national d&apos;Histoire naturelle (MNHN - Paris)
5 records from Diversidad taxonómica de las larvas de peces de Bahía Magdalena y zona nerítica adyacente (área prioritaria costera No. 4)
5 records from Occurrence records of southern African aquatic biodiversity
6 records from Fishbase
7 records from Inventario de corales pétreos, anélidos, crustáceos decápodos, moluscos, equinodermos y peces óseos de los arrecifes coralinos de Guerrero y Oaxaca
7 records from Ichthyology Collection - Royal Ontario Museum
8 records from Australian Museum provider for OZCAM
9 records from Fortalecimiento de las colecciones de ECOSUR. Primera fase (Ictioplancton Chetumal)
13 records from Asia-Pacific Dataset
17 records from Oregon State Ichthyology Collection
18 records from Dieta del Piquero Café (Sula leucogaster etesiaca) en el Parque Nacional Natural Gorgona, Pacífico colombiano.
22 records from NCSM Ichthyology Collection
27 records from Inventario de larvas de peces en la región sur del Golfo de California (GAP 81, 85 y 86) y en el Pacífico Tropical Mexicano (GAP 88-91)
33 records from Museum of Comparative Zoology, Harvard University
39 records from UF FLMNH Ichthyology
48 records from CAS Ichthyology (ICH)
66 records from NMNH Extant Specimen Records
104 records from LACM Vertebrate Collection
353 records from ecoscope_observation_database
378 records from SIO Marine Vertebrate Collection
</para>
    </abstract>
      <contact>
    <individualName>
          <surName>GBIF Download Service</surName>
    </individualName>
<electronicMailAddress>support@gbif.org</electronicMailAddress>      </contact>

</dataset>

<additionalMetadata>
    <metadata>
      <gbif>
        <dateStamp>2020-10-13T09:47:17Z</dateStamp>
      <citation identifier="10.15468/dl.euz8nk">GBIF Occurrence Download 10.15468/dl.euz8nk</citation>
              <physical>
                  <objectName>Darwin Core Archive</objectName>
                  <characterEncoding>UTF-8</characterEncoding>
                  <dataFormat>
                      <externallyDefinedFormat>
                          <formatName>Darwin Core Archive</formatName>
                      </externallyDefinedFormat>
                  </dataFormat>
                  <distribution>
                      <online>
                          <url function="download">http://api.gbif.org/v1/occurrence/download/request/0081672-200613084148143.zip</url>
                      </online>
                  </distribution>
              </physical>
        </gbif>
    </metadata>
</additionalMetadata>

</eml:eml>
