<?xml version="1.0" encoding="utf-8"?>
<eml:eml xmlns:eml="eml://ecoinformatics.org/eml-2.1.1" xmlns:xsi="http://www.w3.org/2001/XMLSchema-instance"
         xsi:schemaLocation="eml://ecoinformatics.org/eml-2.1.1 http://rs.gbif.org/schema/eml-gbif-profile/1.1/eml.xsd"
        packageId="10.15468/dl.cm8zum"  system="http://gbif.org" scope="system"
  xml:lang="en">

<dataset>
        <alternateIdentifier>0080886-200613084148143</alternateIdentifier>
    <title>GBIF Occurrence Download 10.15468/dl.cm8zum</title>
    <creator>
    <individualName>
          <surName>GBIF Download Service</surName>
    </individualName>
<electronicMailAddress>support@gbif.org</electronicMailAddress>    </creator>
    <metadataProvider>
    <individualName>
          <surName>GBIF Download Service</surName>
    </individualName>
<electronicMailAddress>support@gbif.org</electronicMailAddress>    </metadataProvider>
      <pubDate>
      2020-10-12
      </pubDate>
    <language>ENGLISH</language>
    <abstract>
        <para>A dataset containing all occurrences available in GBIF matching the query:
{
  &quot;and&quot; : [
    &quot;TaxonKey is Nezumia stelgidolepis (Gilbert, 1890)&quot;,
    &quot;HasCoordinate is true&quot;,
    &quot;HasGeospatialIssue is false&quot;
  ]
}
The dataset includes records from the following constituent datasets. The full metadata for each constituent is also included in this archive:
1 records from Field Museum of Natural History (Zoology) Fish Collection
1 records from International Barcode of Life project (iBOL)
2 records from SBMNH Vertebrate Zoology
2 records from Registros ictiofaunísticos de localidades selectas de 10 regiones marinas prioritarias del Pacífico Mexicano
3 records from Oregon State Ichthyology Collection
3 records from Museum of Comparative Zoology, Harvard University
4 records from Fishbase
5 records from Geographically tagged INSDC sequences
8 records from NMNH Extant Specimen Records
8 records from Fish Collection Ismael Kong, Universidad de Antofagasta, Chile
24 records from UWFC Ichthyology Collection
25 records from SIO Marine Vertebrate Collection
25 records from CAS Ichthyology (ICH)
28 records from LACM Vertebrate Collection
</para>
    </abstract>
      <contact>
    <individualName>
          <surName>GBIF Download Service</surName>
    </individualName>
<electronicMailAddress>support@gbif.org</electronicMailAddress>      </contact>

</dataset>

<additionalMetadata>
    <metadata>
      <gbif>
        <dateStamp>2020-10-12T14:22:22Z</dateStamp>
      <citation identifier="10.15468/dl.cm8zum">GBIF Occurrence Download 10.15468/dl.cm8zum</citation>
              <physical>
                  <objectName>Darwin Core Archive</objectName>
                  <characterEncoding>UTF-8</characterEncoding>
                  <dataFormat>
                      <externallyDefinedFormat>
                          <formatName>Darwin Core Archive</formatName>
                      </externallyDefinedFormat>
                  </dataFormat>
                  <distribution>
                      <online>
                          <url function="download">http://api.gbif.org/v1/occurrence/download/request/0080886-200613084148143.zip</url>
                      </online>
                  </distribution>
              </physical>
        </gbif>
    </metadata>
</additionalMetadata>

</eml:eml>
