<?xml version="1.0" encoding="utf-8"?>
<eml:eml xmlns:eml="eml://ecoinformatics.org/eml-2.1.1" xmlns:xsi="http://www.w3.org/2001/XMLSchema-instance"
         xsi:schemaLocation="eml://ecoinformatics.org/eml-2.1.1 http://rs.gbif.org/schema/eml-gbif-profile/1.1/eml.xsd"
        packageId="10.15468/dl.6t2jfh"  system="http://gbif.org" scope="system"
  xml:lang="en">

<dataset>
        <alternateIdentifier>0068638-200613084148143</alternateIdentifier>
    <title>GBIF Occurrence Download 10.15468/dl.6t2jfh</title>
    <creator>
    <individualName>
          <surName>GBIF Download Service</surName>
    </individualName>
<electronicMailAddress>support@gbif.org</electronicMailAddress>    </creator>
    <metadataProvider>
    <individualName>
          <surName>GBIF Download Service</surName>
    </individualName>
<electronicMailAddress>support@gbif.org</electronicMailAddress>    </metadataProvider>
      <pubDate>
      2020-09-24
      </pubDate>
    <language>ENGLISH</language>
    <abstract>
        <para>A dataset containing all occurrences available in GBIF matching the query:
{
  &quot;and&quot; : [ &quot;TaxonKey is Psenes maculatus Lütken, 1880&quot;, &quot;HasCoordinate is true&quot;, &quot;HasGeospatialIssue is false&quot; ]
}
The dataset includes records from the following constituent datasets. The full metadata for each constituent is also included in this archive:
1 records from NMNH Extant Specimen Records
1 records from IndOBIS, Indian Ocean Node of OBIS
1 records from Geographically tagged INSDC sequences
1 records from International Barcode of Life project (iBOL)
1 records from University of Michigan Museum of Zoology, Division of Fishes
1 records from SPC NECTALIS Zooplankton/Micronekton specimens,  New Caledonia 2014
2 records from UF FLMNH Ichthyology
2 records from Natural History Museum (London) Collection Specimens
3 records from Fish collection of National Museum of Nature and Science
3 records from Vertebrate Zoology Division - Ichthyology, Yale Peabody Museum
3 records from SIO Marine Vertebrate Collection
4 records from KUBI Ichthyology Tissue Collection
5 records from Fishbase
5 records from CAS Ichthyology (ICH)
5 records from Fortalecimiento de las colecciones de ECOSUR. Primera fase (Ictioplancton Chetumal)
9 records from The Fish Database of Taiwan
17 records from Fish specimens of Kagoshima University Museum
25 records from Atlantic Reference Centre Museum of Canadian Atlantic Organisms - Invertebrates and Fishes Data
34 records from Museum of Comparative Zoology, Harvard University
</para>
    </abstract>
      <contact>
    <individualName>
          <surName>GBIF Download Service</surName>
    </individualName>
<electronicMailAddress>support@gbif.org</electronicMailAddress>      </contact>

</dataset>

<additionalMetadata>
    <metadata>
      <gbif>
        <dateStamp>2020-09-24T20:01:19Z</dateStamp>
      <citation identifier="10.15468/dl.6t2jfh">GBIF Occurrence Download 10.15468/dl.6t2jfh</citation>
              <physical>
                  <objectName>Darwin Core Archive</objectName>
                  <characterEncoding>UTF-8</characterEncoding>
                  <dataFormat>
                      <externallyDefinedFormat>
                          <formatName>Darwin Core Archive</formatName>
                      </externallyDefinedFormat>
                  </dataFormat>
                  <distribution>
                      <online>
                          <url function="download">http://api.gbif.org/v1/occurrence/download/request/0068638-200613084148143.zip</url>
                      </online>
                  </distribution>
              </physical>
        </gbif>
    </metadata>
</additionalMetadata>

</eml:eml>
