<?xml version="1.0" encoding="utf-8"?>
<eml:eml xmlns:eml="eml://ecoinformatics.org/eml-2.1.1" xmlns:xsi="http://www.w3.org/2001/XMLSchema-instance"
         xsi:schemaLocation="eml://ecoinformatics.org/eml-2.1.1 http://rs.gbif.org/schema/eml-gbif-profile/1.1/eml.xsd"
        packageId="10.15468/dl.wur64k"  system="http://gbif.org" scope="system"
  xml:lang="en">

<dataset>
        <alternateIdentifier>0069006-200613084148143</alternateIdentifier>
    <title>GBIF Occurrence Download 10.15468/dl.wur64k</title>
    <creator>
    <individualName>
          <surName>GBIF Download Service</surName>
    </individualName>
<electronicMailAddress>support@gbif.org</electronicMailAddress>    </creator>
    <metadataProvider>
    <individualName>
          <surName>GBIF Download Service</surName>
    </individualName>
<electronicMailAddress>support@gbif.org</electronicMailAddress>    </metadataProvider>
      <pubDate>
      2020-09-25
      </pubDate>
    <language>ENGLISH</language>
    <abstract>
        <para>A dataset containing all occurrences available in GBIF matching the query:
{
  &quot;and&quot; : [ &quot;TaxonKey is Scomberomorus maculatus (Mitchill, 1815)&quot;, &quot;HasCoordinate is true&quot;, &quot;HasGeospatialIssue is false&quot; ]
}
The dataset includes records from the following constituent datasets. The full metadata for each constituent is also included in this archive:
1 records from Ohio State University Fish Division (OSUM)
1 records from Checklist of Fishes from Madagascar Reef, Campeche Bank, México
1 records from Colección de referencia de otolitos, Instituto de Ciencias del Mar-CSIC
1 records from Fishes from Madagascar Reef, Campeche Bank, México
1 records from Coleccion de Ictiología del Instituto de Ciencias Naturales (ICN-MHN-Ic)
1 records from MCNH Museum of Cultural and Natural History Fish Collection
1 records from Reef Life Survey: Global reef fish dataset
1 records from CSIRO, Soviet Fishery Data, Australia, 1965-1978
1 records from Colección de peces de agua dulce del INCIVA
2 records from Vertebrate Zoology Division - Ichthyology, Yale Peabody Museum
2 records from Estado actual, identificación de riesgos y propuestas para el manejo de las especies invasoras presentes en las regiones hidrológicas prioritarias, confluencia de las Huastecas, Media Luna y Cabecera del río de La Laja
2 records from Ichthyology Collection - Royal Ontario Museum
2 records from KUBI Ichthyology Tissue Collection
3 records from KUBI Ichthyology Collection
3 records from Geographically tagged INSDC sequences
3 records from Estudio taxonómico y zoogeográfico de áreas selectas de peces marinos en Laguna Madre y Costas de Tamaulipas, Veracruz y Campeche, México
4 records from SIO Marine Vertebrate Collection
4 records from LACM Vertebrate Collection
5 records from CNPE/Coleccion Nacional de Peces
5 records from MMNS Ichthyology Collection
5 records from Computarización de la Colección Nacional de Peces del Instituto de Biología UNAM
6 records from South Caribbean Diversity
6 records from Fortalecimiento de las colecciones de ECOSUR. Primera fase Peces Chetumal)
6 records from University of Michigan Museum of Zoology, Division of Fishes
8 records from AUM Fish Collection
10 records from Field Museum of Natural History (Zoology) Fish Collection
10 records from CAS Ichthyology (ICH)
11 records from VIMS Chesapeake Bay Multispecies Monitoring and Assessment Program
11 records from Fishbase
13 records from LSUMZ (LSU MNS) Fishes Collection
14 records from UAIC Ichthyological Collection
14 records from Base de datos sobre ictioplancton para la Bahía de Campeche, México
19 records from Canadian Museum of Nature Fish Collection
19 records from Museum of Comparative Zoology, Harvard University
20 records from University of Texas, Biodiversity Center, Ichthyology Collection (TNHCi)
27 records from CUMV Fish Collection
29 records from NMNH Extant Specimen Records
29 records from NCSM Ichthyology Collection
37 records from Biodiversity Research and Teaching Collections - TCWC Vertebrates
40 records from Northeast Area Monitoring and Assessment Program Near Shore Trawl Survey (NEAMAP)
41 records from TPWD HARC Texas Coastal Fisheries Sabine Lake Bay Trawl
49 records from Fishes of Texas Project (FoTX) Database - Darwin Core
52 records from SEFSC CAGES Alabama Fish Length Data with CPUE
77 records from TPWD HARC Texas Coastal Fisheries Sabine Lake Gill Net
92 records from UF FLMNH Ichthyology
92 records from iNaturalist Research-grade Observations
127 records from Florida Keys Reef Visual Census 1994
152 records from Florida Keys Reef Visual Census 1996
244 records from Florida Keys Reef Visual Census 2004
292 records from Florida Keys Reef Visual Census 1995
327 records from Dry Tortugas Reef Visual Census 1999
382 records from Dry Tortugas Reef Visual Census 2000
404 records from Northeast Fisheries Science Center Bottom Trawl Survey Data
414 records from Florida Keys Reef Visual Census 1997
434 records from Florida Keys Reef Visual Census 2003
441 records from Florida Keys Reef Visual Census 1999
462 records from Florida Keys Reef Visual Census 1998
487 records from Dry Tortugas Reef Visual Census 2006
503 records from Florida Keys Reef Visual Census 2005
528 records from Florida Keys Reef Visual Census 2000
592 records from Dry Tortugas Reef Visual Census 2004
594 records from Florida Keys Reef Visual Census 2006
615 records from Florida Keys Reef Visual Census 2007
659 records from Dry Tortugas Reef Visual Census 2008
681 records from Florida Keys Reef Visual Census 2002
706 records from Dry Tortugas Reef Visual Census 2014
712 records from Dry Tortugas Reef Visual Census 2010
737 records from Florida Keys Reef Visual Census 2008
750 records from Florida Keys Reef Visual Census 2001
750 records from Florida Keys Reef Visual Census 2010
798 records from Florida Keys Reef Visual Census 2011
799 records from Florida Keys Reef Visual Census 2016
806 records from Florida Keys Reef Visual Census 2012
814 records from Dry Tortugas Reef Visual Census 2012
861 records from Florida Keys Reef Visual Census 2014
1017 records from Florida Keys Reef Visual Census 2009
</para>
    </abstract>
      <contact>
    <individualName>
          <surName>GBIF Download Service</surName>
    </individualName>
<electronicMailAddress>support@gbif.org</electronicMailAddress>      </contact>

</dataset>

<additionalMetadata>
    <metadata>
      <gbif>
        <dateStamp>2020-09-25T08:21:17Z</dateStamp>
      <citation identifier="10.15468/dl.wur64k">GBIF Occurrence Download 10.15468/dl.wur64k</citation>
              <physical>
                  <objectName>Darwin Core Archive</objectName>
                  <characterEncoding>UTF-8</characterEncoding>
                  <dataFormat>
                      <externallyDefinedFormat>
                          <formatName>Darwin Core Archive</formatName>
                      </externallyDefinedFormat>
                  </dataFormat>
                  <distribution>
                      <online>
                          <url function="download">http://api.gbif.org/v1/occurrence/download/request/0069006-200613084148143.zip</url>
                      </online>
                  </distribution>
              </physical>
        </gbif>
    </metadata>
</additionalMetadata>

</eml:eml>
