<?xml version="1.0" encoding="utf-8"?>
<eml:eml xmlns:eml="eml://ecoinformatics.org/eml-2.1.1" xmlns:xsi="http://www.w3.org/2001/XMLSchema-instance"
         xsi:schemaLocation="eml://ecoinformatics.org/eml-2.1.1 http://rs.gbif.org/schema/eml-gbif-profile/1.1/eml.xsd"
        packageId="10.15468/dl.cc6rbh"  system="http://gbif.org" scope="system"
  xml:lang="en">

<dataset>
        <alternateIdentifier>0078333-200613084148143</alternateIdentifier>
    <title>GBIF Occurrence Download 10.15468/dl.cc6rbh</title>
    <creator>
    <individualName>
          <surName>GBIF Download Service</surName>
    </individualName>
<electronicMailAddress>support@gbif.org</electronicMailAddress>    </creator>
    <metadataProvider>
    <individualName>
          <surName>GBIF Download Service</surName>
    </individualName>
<electronicMailAddress>support@gbif.org</electronicMailAddress>    </metadataProvider>
      <pubDate>
      2020-10-08
      </pubDate>
    <language>ENGLISH</language>
    <abstract>
        <para>A dataset containing all occurrences available in GBIF matching the query:
{
  &quot;and&quot; : [
    &quot;TaxonKey is Gadomus arcuatus (Goode &amp; Bean, 1886)&quot;,
    &quot;HasCoordinate is true&quot;,
    &quot;HasGeospatialIssue is false&quot;
  ]
}
The dataset includes records from the following constituent datasets. The full metadata for each constituent is also included in this archive:
1 records from Vertebrate Zoology Division - Ichthyology, Yale Peabody Museum
1 records from COLETA - IMAR/DOP-Uac reference collection from 1977 to 2012
1 records from Coleção Ictiológica (MNRJ), Museu Nacional (MN), Universidade Federal do Rio de Janeiro(UFRJ)
1 records from Colección de fauna marina del Centro Oceanográfico de Canarias
2 records from Atlantic Reference Centre Museum of Canadian Atlantic Organisms - Invertebrates and Fishes Data
2 records from Geographically tagged INSDC sequences
2 records from Colección de referencia de otolitos, Instituto de Ciencias del Mar-CSIC
2 records from NCSM Ichthyology Collection
2 records from Museum of Comparative Zoology, Harvard University
2 records from The Deepwater Program: Northern Gulf of Mexico Continental Slope Habitat and Benthic Ecology - DgoMB: Fishs
4 records from Fish collection of National Museum of Nature and Science
4 records from CAS Ichthyology (ICH)
5 records from Field Museum of Natural History (Zoology) Fish Collection
8 records from Natural History Museum (London) Collection Specimens
10 records from NMNH Extant Specimen Records
20 records from Biodiversity Research and Teaching Collections - TCWC Vertebrates
40 records from UF FLMNH Ichthyology
</para>
    </abstract>
      <contact>
    <individualName>
          <surName>GBIF Download Service</surName>
    </individualName>
<electronicMailAddress>support@gbif.org</electronicMailAddress>      </contact>

</dataset>

<additionalMetadata>
    <metadata>
      <gbif>
        <dateStamp>2020-10-08T13:20:26Z</dateStamp>
      <citation identifier="10.15468/dl.cc6rbh">GBIF Occurrence Download 10.15468/dl.cc6rbh</citation>
              <physical>
                  <objectName>Darwin Core Archive</objectName>
                  <characterEncoding>UTF-8</characterEncoding>
                  <dataFormat>
                      <externallyDefinedFormat>
                          <formatName>Darwin Core Archive</formatName>
                      </externallyDefinedFormat>
                  </dataFormat>
                  <distribution>
                      <online>
                          <url function="download">http://api.gbif.org/v1/occurrence/download/request/0078333-200613084148143.zip</url>
                      </online>
                  </distribution>
              </physical>
        </gbif>
    </metadata>
</additionalMetadata>

</eml:eml>
