<?xml version="1.0" encoding="utf-8"?>
<eml:eml xmlns:eml="eml://ecoinformatics.org/eml-2.1.1" xmlns:xsi="http://www.w3.org/2001/XMLSchema-instance"
         xsi:schemaLocation="eml://ecoinformatics.org/eml-2.1.1 http://rs.gbif.org/schema/eml-gbif-profile/1.1/eml.xsd"
        packageId="2f8a1bdb-1ef9-418b-abc7-a5535746f316"  system="http://gbif.org" scope="system"
  xml:lang="en">

<dataset>
      <alternateIdentifier>10.15468/fzn9sv</alternateIdentifier>
    <title>The Fish Collection at the Zoologische Staatssammlung München</title>
    <associatedParty>
    <individualName>
          <surName>SNSB IT Center</surName>
    </individualName>
<electronicMailAddress>snsb-it-center@snsb.de</electronicMailAddress>    <role>TECHNICAL_POINT_OF_CONTACT</role>
    </associatedParty>
    <language>en</language>
    <abstract>
        <para>http://www.snsb.info/DatabaseClients/ZSMpiscescoll/About.html</para>
    </abstract>
      <intellectualRights>
        <para>This work is licensed under a <ulink url="http://creativecommons.org/licenses/by/4.0/legalcode"><citetitle>Creative Commons Attribution (CC-BY) 4.0 License</citetitle></ulink>.</para>
      </intellectualRights>
      <distribution scope="document">
          <online>
              <url function="information">http://www.snsb.info/DatabaseClients/ZSMpiscescoll/About.html</url>
          </online>
      </distribution>
      <contact>
    <individualName>
          <surName>Dirk Neumann</surName>
    </individualName>
<electronicMailAddress>Dirk.Neumann@snsb.de</electronicMailAddress>      </contact>

</dataset>

<additionalMetadata>
    <metadata>
      <gbif>
        <dateStamp>2020-10-08T10:39:42Z</dateStamp>
      <citation>Staatliche Naturwissenschaftliche Sammlungen Bayerns. The Fish Collection at the Zoologische Staatssammlung München. Occurrence dataset https://doi.org/10.15468/fzn9sv accessed via GBIF.org on 2020-10-08.</citation>
              <resourceLogoUrl>http://www.snsb.info/Pictures/zsm_logo.gif</resourceLogoUrl>
        </gbif>
    </metadata>
</additionalMetadata>

</eml:eml>
