<?xml version="1.0" encoding="utf-8"?>
<eml:eml xmlns:eml="eml://ecoinformatics.org/eml-2.1.1" xmlns:xsi="http://www.w3.org/2001/XMLSchema-instance"
         xsi:schemaLocation="eml://ecoinformatics.org/eml-2.1.1 http://rs.gbif.org/schema/eml-gbif-profile/1.1/eml.xsd"
        packageId="80f9cd7a-f762-11e1-a439-00145eb45e9a"  system="http://gbif.org" scope="system"
  xml:lang="en">

<dataset>
      <alternateIdentifier>10.15468/9jks3a</alternateIdentifier>
        <alternateIdentifier>http://science-net.kahaku.go.jp/ipt2/resource?r=snet-1022-110</alternateIdentifier>
        <alternateIdentifier>http://gbif.science-net.kahaku.go.jp:8081/ipt2/resource?r=snet-1022-110</alternateIdentifier>
        <alternateIdentifier>80f9cd7a-f762-11e1-a439-00145eb45e9a</alternateIdentifier>
        <alternateIdentifier>13440</alternateIdentifier>
    <title>Actinopterygius Specimens of Akita Prefectural Museum</title>
    <creator>
    <individualName>
<givenName>Shinichi</givenName>          <surName>Funaki</surName>
    </individualName>
<organizationName>Akita Prefectural Museum</organizationName><positionName>technical</positionName>    <address>
<country>JAPAN</country>    </address>
<electronicMailAddress>Funaki-Shinichi@pref.akita.lg.jp</electronicMailAddress>    </creator>
    <metadataProvider>
    <individualName>
<givenName>Shinichi</givenName>          <surName>Funaki</surName>
    </individualName>
<organizationName>Akita Prefectural Museum</organizationName><positionName>Administrative</positionName>    <address>
<country>JAPAN</country>    </address>
<electronicMailAddress>info@akihaku.jp</electronicMailAddress>    </metadataProvider>
      <pubDate>
      2020-03-06
      </pubDate>
    <language>ENGLISH</language>
    <abstract>
        <para>Actinopterygius specimens of Akita Prefectural Museum</para>
    </abstract>
        <keywordSet>
              <keyword>Occurrence</keyword>
              <keywordThesaurus>GBIF Dataset Type Vocabulary: http://rs.gbif.org/vocabulary/gbif/dataset_type.xml</keywordThesaurus>
        </keywordSet>
      <intellectualRights>
        <para>This work is licensed under a <ulink url="http://creativecommons.org/licenses/by/4.0/legalcode"><citetitle>Creative Commons Attribution (CC-BY) 4.0 License</citetitle></ulink>.</para>
      </intellectualRights>
      <distribution scope="document">
          <online>
              <url function="information">http://homepage3.nifty.com/akitamus/english-page.htm</url>
          </online>
      </distribution>
      <maintenance>
          <description>
              <para></para>
          </description>
          <maintenanceUpdateFrequency>unkown</maintenanceUpdateFrequency>
      </maintenance>
      <contact>
    <individualName>
<givenName>Shinichi</givenName>          <surName>Funaki</surName>
    </individualName>
<organizationName>Akita Prefectural Museum</organizationName><positionName>Administrative</positionName>    <address>
<country>JAPAN</country>    </address>
<electronicMailAddress>info@akihaku.jp</electronicMailAddress><onlineUrl>http://www.akihaku.jp/</onlineUrl>      </contact>

</dataset>

<additionalMetadata>
    <metadata>
      <gbif>
        <dateStamp>2020-10-08T14:13:48Z</dateStamp>
      <citation>Funaki S (2020). Actinopterygius Specimens of Akita Prefectural Museum. National Museum of Nature and Science, Japan. Occurrence dataset https://doi.org/10.15468/9jks3a accessed via GBIF.org on 2020-10-08.</citation>
        </gbif>
    </metadata>
</additionalMetadata>

</eml:eml>
