<?xml version="1.0" encoding="utf-8"?>
<eml:eml xmlns:eml="eml://ecoinformatics.org/eml-2.1.1" xmlns:xsi="http://www.w3.org/2001/XMLSchema-instance"
         xsi:schemaLocation="eml://ecoinformatics.org/eml-2.1.1 http://rs.gbif.org/schema/eml-gbif-profile/1.1/eml.xsd"
        packageId="10.15468/dl.wbt9ae"  system="http://gbif.org" scope="system"
  xml:lang="en">

<dataset>
        <alternateIdentifier>0078321-200613084148143</alternateIdentifier>
    <title>GBIF Occurrence Download 10.15468/dl.wbt9ae</title>
    <creator>
    <individualName>
          <surName>GBIF Download Service</surName>
    </individualName>
<electronicMailAddress>support@gbif.org</electronicMailAddress>    </creator>
    <metadataProvider>
    <individualName>
          <surName>GBIF Download Service</surName>
    </individualName>
<electronicMailAddress>support@gbif.org</electronicMailAddress>    </metadataProvider>
      <pubDate>
      2020-10-08
      </pubDate>
    <language>ENGLISH</language>
    <abstract>
        <para>A dataset containing all occurrences available in GBIF matching the query:
{
  &quot;and&quot; : [
    &quot;TaxonKey is Cynomacrurus piriei Dollo, 1909&quot;,
    &quot;HasCoordinate is true&quot;,
    &quot;HasGeospatialIssue is false&quot;
  ]
}
The dataset includes records from the following constituent datasets. The full metadata for each constituent is also included in this archive:
1 records from Australian Museum provider for OZCAM
1 records from Ross Sea Biodiversity Survey 2004 (BioRoss)
1 records from FBIP: IZIKO Marine Bony Fish (1884-2013)
1 records from CAS Ichthyology (ICH)
1 records from Marine Commercial Fish Survey (FV Kapala, FV Trader Horn, FV Shelley, FV Kirrawa, FV May Bell) in the East and South East Australian Region from 1975 to 2008
2 records from International Barcode of Life project (iBOL)
3 records from Museum of Comparative Zoology, Harvard University
4 records from NMNH Extant Specimen Records
4 records from Biological observations from the Discovery Investigations 1925-1952
4 records from BIOLOGICAL SCIENCES DATA
4 records from CSIRO Ichthyology provider for OZCAM
4 records from Museums Victoria provider for OZCAM
5 records from SIO Marine Vertebrate Collection
6 records from Fishbase
11 records from Geographically tagged INSDC sequences
12 records from International Polar Year and Census of Antarctic Marine Life Ross Sea voyage (TAN0802) biodiversity data
13 records from Natural History Museum (London) Collection Specimens
14 records from Pelagic Fish Observations 1968-1999
16 records from The fishes collection (IC) of the Muséum national d&apos;Histoire naturelle (MNHN - Paris)
80 records from LACM Vertebrate Collection
114 records from Australia&apos;s Census of Antarctic Marine Life project - IYGPT Data collected on the CEAMARC cruise 2007/08
</para>
    </abstract>
      <contact>
    <individualName>
          <surName>GBIF Download Service</surName>
    </individualName>
<electronicMailAddress>support@gbif.org</electronicMailAddress>      </contact>

</dataset>

<additionalMetadata>
    <metadata>
      <gbif>
        <dateStamp>2020-10-08T13:11:01Z</dateStamp>
      <citation identifier="10.15468/dl.wbt9ae">GBIF Occurrence Download 10.15468/dl.wbt9ae</citation>
              <physical>
                  <objectName>Darwin Core Archive</objectName>
                  <characterEncoding>UTF-8</characterEncoding>
                  <dataFormat>
                      <externallyDefinedFormat>
                          <formatName>Darwin Core Archive</formatName>
                      </externallyDefinedFormat>
                  </dataFormat>
                  <distribution>
                      <online>
                          <url function="download">http://api.gbif.org/v1/occurrence/download/request/0078321-200613084148143.zip</url>
                      </online>
                  </distribution>
              </physical>
        </gbif>
    </metadata>
</additionalMetadata>

</eml:eml>
