<?xml version="1.0" encoding="utf-8"?>
<eml:eml xmlns:eml="eml://ecoinformatics.org/eml-2.1.1" xmlns:xsi="http://www.w3.org/2001/XMLSchema-instance"
         xsi:schemaLocation="eml://ecoinformatics.org/eml-2.1.1 http://rs.gbif.org/schema/eml-gbif-profile/1.1/eml.xsd"
        packageId="10.15468/dl.tdxj6z"  system="http://gbif.org" scope="system"
  xml:lang="en">

<dataset>
        <alternateIdentifier>0078199-200613084148143</alternateIdentifier>
    <title>GBIF Occurrence Download 10.15468/dl.tdxj6z</title>
    <creator>
    <individualName>
          <surName>GBIF Download Service</surName>
    </individualName>
<electronicMailAddress>support@gbif.org</electronicMailAddress>    </creator>
    <metadataProvider>
    <individualName>
          <surName>GBIF Download Service</surName>
    </individualName>
<electronicMailAddress>support@gbif.org</electronicMailAddress>    </metadataProvider>
      <pubDate>
      2020-10-08
      </pubDate>
    <language>ENGLISH</language>
    <abstract>
        <para>A dataset containing all occurrences available in GBIF matching the query:
{
  &quot;and&quot; : [
    &quot;TaxonKey is Ciliata septentrionalis (Collett, 1875)&quot;,
    &quot;HasCoordinate is true&quot;,
    &quot;HasGeospatialIssue is false&quot;
  ]
}
The dataset includes records from the following constituent datasets. The full metadata for each constituent is also included in this archive:
1 records from Epibenthos and demersal fish monitoring at long-term monitoring stations in the Belgian part of the North Sea
1 records from Epibenthos and demersal fish monitoring in function of dredge disposal monitoring in the Belgian part of the North Sea
1 records from Natural England Marine Monitoring surveys
1 records from IOW Natural History &amp; Archaeological Society Marine Records
1 records from Epibenthos and demersal fish monitoring in function of aggregate extraction in the Belgian part of the North Sea
1 records from iNaturalist Research-grade Observations
1 records from Marine flora and fauna records from the North-east Atlantic
1 records from VIS - Estuarine monitoring in Flanders, Belgium (post 2013)
2 records from Seasearch Marine Surveys in Scotland
2 records from The Ichthyology Collection at the Staatliches Museum für Naturkunde Stuttgart
2 records from Benthos counted on dredged samples during Valdivia cruise VA53
3 records from Natural History Museum (London) Collection Specimens
4 records from Programme CARTHAM: Inventaire biologique dans le cadre de Natura 2000 en Mer
8 records from DASSH Data Archive Centre - Statutory Surveys
10 records from Norwegian Species Observation Service
</para>
    </abstract>
      <contact>
    <individualName>
          <surName>GBIF Download Service</surName>
    </individualName>
<electronicMailAddress>support@gbif.org</electronicMailAddress>      </contact>

</dataset>

<additionalMetadata>
    <metadata>
      <gbif>
        <dateStamp>2020-10-08T10:34:34Z</dateStamp>
      <citation identifier="10.15468/dl.tdxj6z">GBIF Occurrence Download 10.15468/dl.tdxj6z</citation>
              <physical>
                  <objectName>Darwin Core Archive</objectName>
                  <characterEncoding>UTF-8</characterEncoding>
                  <dataFormat>
                      <externallyDefinedFormat>
                          <formatName>Darwin Core Archive</formatName>
                      </externallyDefinedFormat>
                  </dataFormat>
                  <distribution>
                      <online>
                          <url function="download">http://api.gbif.org/v1/occurrence/download/request/0078199-200613084148143.zip</url>
                      </online>
                  </distribution>
              </physical>
        </gbif>
    </metadata>
</additionalMetadata>

</eml:eml>
