<?xml version="1.0" encoding="utf-8"?>
<eml:eml xmlns:eml="eml://ecoinformatics.org/eml-2.1.1" xmlns:xsi="http://www.w3.org/2001/XMLSchema-instance"
         xsi:schemaLocation="eml://ecoinformatics.org/eml-2.1.1 http://rs.gbif.org/schema/eml-gbif-profile/1.1/eml.xsd"
        packageId="10.15468/dl.8nftdd"  system="http://gbif.org" scope="system"
  xml:lang="en">

<dataset>
        <alternateIdentifier>0068320-200613084148143</alternateIdentifier>
    <title>GBIF Occurrence Download 10.15468/dl.8nftdd</title>
    <creator>
    <individualName>
          <surName>GBIF Download Service</surName>
    </individualName>
<electronicMailAddress>support@gbif.org</electronicMailAddress>    </creator>
    <metadataProvider>
    <individualName>
          <surName>GBIF Download Service</surName>
    </individualName>
<electronicMailAddress>support@gbif.org</electronicMailAddress>    </metadataProvider>
      <pubDate>
      2020-09-24
      </pubDate>
    <language>ENGLISH</language>
    <abstract>
        <para>A dataset containing all occurrences available in GBIF matching the query:
{
  &quot;and&quot; : [ &quot;TaxonKey is Peprilus burti Fowler, 1944&quot;, &quot;HasCoordinate is true&quot;, &quot;HasGeospatialIssue is false&quot; ]
}
The dataset includes records from the following constituent datasets. The full metadata for each constituent is also included in this archive:
1 records from University of Michigan Museum of Zoology, Division of Fishes
2 records from TPWD HARC Texas Coastal Fisheries San Antonio Bay Gill Net
2 records from Canadian Museum of Nature Fish Collection
2 records from Fortalecimiento de las colecciones de ECOSUR. Primera fase (Ictioplancton Chetumal)
3 records from TPWD HARC Texas Coastal Fisheries Aransas Bay Gill Net
3 records from TPWD HARC Texas Coastal Fisheries Sabine Lake Bag Seine
3 records from KUBI Ichthyology Tissue Collection
4 records from KUBI Ichthyology Collection
5 records from TPWD HARC Texas Coastal Fisheries San Antonio Bay Bag Seine
5 records from TPWD HARC Texas Coastal Fisheries Upper Laguna Madre Trawl
5 records from Museum of Comparative Zoology, Harvard University
6 records from TPWD HARC Texas Coastal Fisheries Aransas Bay Bag Seine
7 records from NMNH Extant Specimen Records
7 records from Vertebrate Zoology Division - Ichthyology, Yale Peabody Museum
7 records from NCSM Ichthyology Collection
9 records from LSUMZ (LSU MNS) Fishes Collection
9 records from TPWD HARC Texas Coastal Fisheries Matagorda Bay Gill Net
9 records from iNaturalist Research-grade Observations
10 records from Estudio taxonómico y zoogeográfico de áreas selectas de peces marinos en Laguna Madre y Costas de Tamaulipas, Veracruz y Campeche, México
11 records from TPWD HARC Texas Coastal Fisheries Upper Laguna Madre Gill Net
11 records from MMNS Ichthyology Collection
14 records from CNPE/Coleccion Nacional de Peces
14 records from Computarización de la Colección Nacional de Peces del Instituto de Biología UNAM
15 records from TPWD HARC Texas Coastal Fisheries Matagorda Bay Bag Seine
16 records from AUM Fish Collection
18 records from TPWD HARC Texas Coastal Fisheries Corpus Christi Bay Bag Seine
18 records from TPWD HARC Texas Coastal Fisheries Sabine Lake Bay Trawl
19 records from Fishbase
20 records from UF FLMNH Ichthyology
25 records from TPWD HARC Texas Coastal Fisheries, Corpus Christi Bay Gill Net
29 records from University of Texas, Biodiversity Center, Ichthyology Collection (TNHCi)
36 records from UAIC Ichthyological Collection
46 records from Fishes of Texas Project (FoTX) Database - Darwin Core
62 records from Biodiversity Research and Teaching Collections - TCWC Vertebrates
383 records from TPWD HARC Texas Coastal Fisheries San Antonio Bay Trawl
631 records from TPWD HARC Texas Coastal Fisheries Aransas Bay Trawl
1202 records from TPWD HARC Texas Coastal Fisheries Corpus Christi Bay Trawl
1449 records from TPWD HARC Texas Coastal Fisheries Matagorda Bay Trawl
4454 records from SEFSC CAGES Alabama Fish Length Data with CPUE
</para>
    </abstract>
      <contact>
    <individualName>
          <surName>GBIF Download Service</surName>
    </individualName>
<electronicMailAddress>support@gbif.org</electronicMailAddress>      </contact>

</dataset>

<additionalMetadata>
    <metadata>
      <gbif>
        <dateStamp>2020-09-24T12:05:12Z</dateStamp>
      <citation identifier="10.15468/dl.8nftdd">GBIF Occurrence Download 10.15468/dl.8nftdd</citation>
              <physical>
                  <objectName>Darwin Core Archive</objectName>
                  <characterEncoding>UTF-8</characterEncoding>
                  <dataFormat>
                      <externallyDefinedFormat>
                          <formatName>Darwin Core Archive</formatName>
                      </externallyDefinedFormat>
                  </dataFormat>
                  <distribution>
                      <online>
                          <url function="download">http://api.gbif.org/v1/occurrence/download/request/0068320-200613084148143.zip</url>
                      </online>
                  </distribution>
              </physical>
        </gbif>
    </metadata>
</additionalMetadata>

</eml:eml>
