<?xml version="1.0" encoding="utf-8"?>
<eml:eml xmlns:eml="eml://ecoinformatics.org/eml-2.1.1" xmlns:xsi="http://www.w3.org/2001/XMLSchema-instance"
         xsi:schemaLocation="eml://ecoinformatics.org/eml-2.1.1 http://rs.gbif.org/schema/eml-gbif-profile/1.1/eml.xsd"
        packageId="80f63c1e-f762-11e1-a439-00145eb45e9a"  system="http://gbif.org" scope="system"
  xml:lang="en">

<dataset>
      <alternateIdentifier>10.15468/vcj3j8</alternateIdentifier>
        <alternateIdentifier>http://science-net.kahaku.go.jp/ipt2/resource?r=snet-1131-101</alternateIdentifier>
        <alternateIdentifier>http://gbif.science-net.kahaku.go.jp:8081/ipt2/resource?r=snet-1131-101</alternateIdentifier>
        <alternateIdentifier>80f63c1e-f762-11e1-a439-00145eb45e9a</alternateIdentifier>
        <alternateIdentifier>13437</alternateIdentifier>
    <title>Fish specimens of Kagoshima University Museum</title>
    <creator>
<organizationName>Kagoshima University Museum</organizationName>    <address>
<country>JAPAN</country>    </address>
    </creator>
    <metadataProvider>
    <individualName>
<givenName>Hiroyuki</givenName>          <surName>Motomura</surName>
    </individualName>
<organizationName>Kagoshima University Museum</organizationName><positionName>Professor</positionName>    <address>
<country>JAPAN</country>    </address>
<electronicMailAddress>motomura@kaum.kagoshima-u.ac.jp</electronicMailAddress>    </metadataProvider>
      <pubDate>
      2020-03-23
      </pubDate>
    <language>ENGLISH</language>
    <abstract>
        <para>Fish specimens deposited at Kagoshima University Museum</para>
    </abstract>
        <keywordSet>
              <keyword>Occurrence</keyword>
              <keywordThesaurus>GBIF Dataset Type Vocabulary: http://rs.gbif.org/vocabulary/gbif/dataset_type.xml</keywordThesaurus>
        </keywordSet>
      <intellectualRights>
        <para>This work is licensed under a <ulink url="http://creativecommons.org/licenses/by/4.0/legalcode"><citetitle>Creative Commons Attribution (CC-BY) 4.0 License</citetitle></ulink>.</para>
      </intellectualRights>
      <distribution scope="document">
          <online>
              <url function="information">http://www.museum.kagoshima-u.ac.jp/</url>
          </online>
      </distribution>
      <maintenance>
          <description>
              <para></para>
          </description>
          <maintenanceUpdateFrequency>unkown</maintenanceUpdateFrequency>
      </maintenance>
      <contact>
    <individualName>
<givenName>Hiroyuki</givenName>          <surName>Motomura</surName>
    </individualName>
<organizationName>Kagoshima University Museum</organizationName><positionName>Professor</positionName>    <address>
<country>JAPAN</country>    </address>
<electronicMailAddress>motomura@kaum.kagoshima-u.ac.jp</electronicMailAddress><onlineUrl>http://www.museum.kagoshima-u.ac.jp/</onlineUrl>      </contact>

</dataset>

<additionalMetadata>
    <metadata>
      <gbif>
        <dateStamp>2020-10-13T09:27:13Z</dateStamp>
      <citation>National Museum of Nature and Science, Japan (2020). Fish specimens of Kagoshima University Museum. Occurrence dataset https://doi.org/10.15468/vcj3j8 accessed via GBIF.org on 2020-10-13.</citation>
        </gbif>
    </metadata>
</additionalMetadata>

</eml:eml>
