<?xml version="1.0" encoding="utf-8"?>
<eml:eml xmlns:eml="eml://ecoinformatics.org/eml-2.1.1" xmlns:xsi="http://www.w3.org/2001/XMLSchema-instance"
         xsi:schemaLocation="eml://ecoinformatics.org/eml-2.1.1 http://rs.gbif.org/schema/eml-gbif-profile/1.1/eml.xsd"
        packageId="10.15468/dl.7zz2wx"  system="http://gbif.org" scope="system"
  xml:lang="en">

<dataset>
        <alternateIdentifier>0078120-200613084148143</alternateIdentifier>
    <title>GBIF Occurrence Download 10.15468/dl.7zz2wx</title>
    <creator>
    <individualName>
          <surName>GBIF Download Service</surName>
    </individualName>
<electronicMailAddress>support@gbif.org</electronicMailAddress>    </creator>
    <metadataProvider>
    <individualName>
          <surName>GBIF Download Service</surName>
    </individualName>
<electronicMailAddress>support@gbif.org</electronicMailAddress>    </metadataProvider>
      <pubDate>
      2020-10-08
      </pubDate>
    <language>ENGLISH</language>
    <abstract>
        <para>A dataset containing all occurrences available in GBIF matching the query:
{
  &quot;and&quot; : [
    &quot;TaxonKey is Taractichthys longipinnis (Lowe, 1843)&quot;,
    &quot;HasCoordinate is true&quot;,
    &quot;HasGeospatialIssue is false&quot;
  ]
}
The dataset includes records from the following constituent datasets. The full metadata for each constituent is also included in this archive:
1 records from Rare marine fishes taken in Irish waters from 1786 to 2008
1 records from Bureau of Rural Sciences, Commercial Fisheries Presence, Australia, 2000-2002
1 records from Geographically tagged INSDC sequences
1 records from COLETA - IMAR/DOP-Uac reference collection from 1977 to 2012
1 records from Colección de referencia de otolitos, Instituto de Ciencias del Mar-CSIC
1 records from The fishes collection (IC) of the Muséum national d&apos;Histoire naturelle (MNHN - Paris)
1 records from International Barcode of Life project (iBOL)
1 records from Occurrence records of southern African aquatic biodiversity
1 records from Biological Reference Collections ICM-CSIC
1 records from iNaturalist Research-grade Observations
1 records from CAS Ichthyology (ICH)
1 records from Marine biological observation data from coastal and offshore surveys around New Zealand
2 records from NCSM Ichthyology Collection
2 records from Museums Victoria provider for OZCAM
2 records from Soviet Trawl Fishery Data (New Zealand Waters) 1964-1987
3 records from Biodiversity Research and Teaching Collections - TCWC Vertebrates
3 records from Ichthyology Collection - Royal Ontario Museum
3 records from KUBI Ichthyology Tissue Collection
4 records from UF FLMNH Ichthyology
5 records from FBIP: IZIKO Marine Bony Fish (1884-2013)
7 records from CSIRO Ichthyology provider for OZCAM
8 records from Fishbase
8 records from Catch data from New Zealand research trawls since 2008
17 records from Atlantic Reference Centre Museum of Canadian Atlantic Organisms - Invertebrates and Fishes Data
20 records from Museum of Comparative Zoology, Harvard University
31 records from New Zealand fish and squid distributions from research bottom trawls 1964-2008
</para>
    </abstract>
      <contact>
    <individualName>
          <surName>GBIF Download Service</surName>
    </individualName>
<electronicMailAddress>support@gbif.org</electronicMailAddress>      </contact>

</dataset>

<additionalMetadata>
    <metadata>
      <gbif>
        <dateStamp>2020-10-08T08:43:21Z</dateStamp>
      <citation identifier="10.15468/dl.7zz2wx">GBIF Occurrence Download 10.15468/dl.7zz2wx</citation>
              <physical>
                  <objectName>Darwin Core Archive</objectName>
                  <characterEncoding>UTF-8</characterEncoding>
                  <dataFormat>
                      <externallyDefinedFormat>
                          <formatName>Darwin Core Archive</formatName>
                      </externallyDefinedFormat>
                  </dataFormat>
                  <distribution>
                      <online>
                          <url function="download">http://api.gbif.org/v1/occurrence/download/request/0078120-200613084148143.zip</url>
                      </online>
                  </distribution>
              </physical>
        </gbif>
    </metadata>
</additionalMetadata>

</eml:eml>
