<?xml version="1.0" encoding="utf-8"?>
<eml:eml xmlns:eml="eml://ecoinformatics.org/eml-2.1.1" xmlns:xsi="http://www.w3.org/2001/XMLSchema-instance"
         xsi:schemaLocation="eml://ecoinformatics.org/eml-2.1.1 http://rs.gbif.org/schema/eml-gbif-profile/1.1/eml.xsd"
        packageId="e8443518-d916-47aa-9ae9-405333745b66"  system="http://gbif.org" scope="system"
  xml:lang="en">

<dataset>
      <alternateIdentifier>10.15468/4v5twn</alternateIdentifier>
        <alternateIdentifier>http://collections.ala.org.au/public/show/dr687</alternateIdentifier>
        <alternateIdentifier>e8443518-d916-47aa-9ae9-405333745b66</alternateIdentifier>
        <alternateIdentifier>d20b498b-ae7b-3e14-b909-f2b11b835104</alternateIdentifier>
        <alternateIdentifier>89207c0c-4d8f-3567-b8c9-09df24654432</alternateIdentifier>
    <title>Reef Life Survey - Survey Records</title>
    <creator>
<organizationName>Reef Life Survey - Survey Records</organizationName><onlineUrl>http://www.reeflifesurvey.com</onlineUrl>    </creator>
    <metadataProvider>
<organizationName>Reef Life Survey - Survey Records</organizationName><onlineUrl>http://www.reeflifesurvey.com</onlineUrl>    </metadataProvider>
    <associatedParty>
<organizationName>Atlas of Living Australia</organizationName>    <address>
<deliveryPoint>CSIRO Ecosystems Services</deliveryPoint><city>Canberra</city><administrativeArea>ACT</administrativeArea><postalCode>2605</postalCode><country>AUSTRALIA</country>    </address>
<electronicMailAddress>info@ala.org.au</electronicMailAddress>    <role>DISTRIBUTOR</role>
    </associatedParty>
      <pubDate>
      2017-09-22
      </pubDate>
    <language>ENGLISH</language>
    <abstract>
        <para>Reef Life Survey (RLS) aims to improve biodiversity conservation and the sustainable management of marine resources through the production of high-quality survey information at spatial and temporal scales beyond those possible by scientific dive teams (which have to work with increasingly limited resources). It does this through the skills of experienced and motivated recreational SCUBA divers, as well as through partnerships with management agencies and a steering committee comprising managers, scientists and recreational divers (see RLS Steering Committee). RLS thus represents a dynamic cooperation between scientists, marine managers and recreational SCUBA divers, such that the skills and resources available for collecting, analysing, interpreting and effectively using broad-scale, sub-tidal biodiversity information are maximised.</para>
    </abstract>
      <intellectualRights>
        <para>This work is licensed under a <ulink url="http://creativecommons.org/licenses/by-nc/4.0/legalcode"><citetitle>Creative Commons Attribution Non Commercial (CC-BY-NC) 4.0 License</citetitle></ulink>.</para>
      </intellectualRights>
      <distribution scope="document">
          <online>
              <url function="information">http://collections.ala.org.au/public/show/dr687</url>
          </online>
      </distribution>
      <contact>
    <individualName>
<givenName>Rick</givenName>          <surName>Stuart-Smith</surName>
    </individualName>
<positionName>editor</positionName><phone>(03) 6227 7214</phone><electronicMailAddress>Rick.StuartSmith@utas.edu.au</electronicMailAddress>      </contact>
      <methods>
      </methods>

</dataset>

<additionalMetadata>
    <metadata>
      <gbif>
        <dateStamp>2020-09-24T16:38:22Z</dateStamp>
      <citation>Atlas of Living Australia (2017). Reef Life Survey - Survey Records. Occurrence dataset https://doi.org/10.15468/4v5twn accessed via GBIF.org on 2020-09-24.</citation>
        </gbif>
    </metadata>
</additionalMetadata>

</eml:eml>
