<?xml version="1.0" encoding="utf-8"?>
<eml:eml xmlns:eml="eml://ecoinformatics.org/eml-2.1.1" xmlns:xsi="http://www.w3.org/2001/XMLSchema-instance"
         xsi:schemaLocation="eml://ecoinformatics.org/eml-2.1.1 http://rs.gbif.org/schema/eml-gbif-profile/1.1/eml.xsd"
        packageId="89a2cd92-b5e0-44da-862b-968e12e1036f"  system="http://gbif.org" scope="system"
  xml:lang="en">

<dataset>
      <alternateIdentifier>10.15468/tzr5bf</alternateIdentifier>
        <alternateIdentifier>89a2cd92-b5e0-44da-862b-968e12e1036f</alternateIdentifier>
        <alternateIdentifier>https://www1.usgs.gov/obis-usa/ipt/resource?r=ncrmp_blt_fish_pacific</alternateIdentifier>
    <title>NOAA Pacific Islands Fisheries Science Center, Ecosystem Science Division Coral Reef Ecosystem Program, Rapid Ecological Assessments of Fish Belt Transect Surveys (BLT) at Coral Reef Sites across the Pacific Ocean from 2000 to 2009</title>
    <creator>
    <individualName>
<givenName>Ivor</givenName>          <surName>Williams</surName>
    </individualName>
<organizationName>National Oceanographic and Atmospheric Administration</organizationName><positionName>Research Fish Biologist</positionName><electronicMailAddress>ivor.williams@noaa.gov</electronicMailAddress>    </creator>
    <metadataProvider>
    <individualName>
<givenName>Annette</givenName>          <surName>DesRochers</surName>
    </individualName>
<organizationName>National Oceanographic and Atmospheric Administration</organizationName><positionName>Data Steward</positionName><electronicMailAddress>annette.desrochers@noaa.gov</electronicMailAddress>    </metadataProvider>
    <associatedParty>
    <individualName>
<givenName>Abigail</givenName>          <surName>Benson</surName>
    </individualName>
<organizationName>U.S. Geological Survey</organizationName><positionName>Biologist</positionName><electronicMailAddress>albenson@usgs.gov</electronicMailAddress>      <userId directory="http://orcid.org/">0000-0002-4391-107X</userId>
    <role>PUBLISHER</role>
    </associatedParty>
    <associatedParty>
    <individualName>
<givenName>Sarah</givenName>          <surName>Bingo</surName>
    </individualName>
<organizationName>Pacific Islands Ocean Observing System</organizationName><positionName>Data Manager</positionName><electronicMailAddress>sarahr6@hawaii.edu</electronicMailAddress>    <role>PROCESSOR</role>
    </associatedParty>
      <pubDate>
      2020-04-28
      </pubDate>
    <language>ENGLISH</language>
    <abstract>
        <para>Belt transects (BLT) are a non-invasive underwater-survey method that enumerates the diverse components of diurnally active shallow-water reef fish assemblages. At each Rapid Ecological Assessment survey site, BLT fish surveys are conducted along 3 consecutively-placed, 25m transect lines to quantify relatively small-bodied and abundant fishes. A pair of scuba diver-observers conducts parallel swims along the transect lines, recording size-class specific counts of all fishes encountered, to species-level where possible, within visually estimated but defined belt widths: 4 m wide for fishes &amp;gt; 20 cm TL (100 m2 area) on the initial swim-out, and 2 m wide for fishes &amp;lt; 20 cm TL (50 m2 area) on the subsequent swim back. Transect lines are typically set at depths of 10-15 m. Reef ledges and holes are visually searched. Stations are completed on all sides of the island/atoll, weather and sea conditions permitting. Raw survey data includes species level abundance estimates.</para>
    </abstract>
        <keywordSet>
              <keyword>Samplingevent</keyword>
              <keywordThesaurus>GBIF Dataset Type Vocabulary: http://rs.gbif.org/vocabulary/gbif/dataset_type.xml</keywordThesaurus>
        </keywordSet>
      <additionalInfo>
          <para>marine, harvested by OBIS</para>
      </additionalInfo>
      <intellectualRights>
        <para>To the extent possible under law, the publisher has waived all rights to these data and has dedicated them to the <ulink url="http://creativecommons.org/publicdomain/zero/1.0/legalcode"><citetitle>Public Domain (CC0 1.0)</citetitle></ulink>. Users may copy, modify, distribute and use the work, including for commercial purposes, without restriction.</para>
      </intellectualRights>
      <distribution scope="document">
          <online>
              <url function="information">https://www.sciencebase.gov/catalog/item/5e850e1ee4b01d50927ca6bc</url>
          </online>
      </distribution>
      <maintenance>
          <description>
              <para></para>
          </description>
          <maintenanceUpdateFrequency>notPlanned</maintenanceUpdateFrequency>
      </maintenance>
      <contact>
    <individualName>
<givenName>Tye</givenName>          <surName>Kindinger</surName>
    </individualName>
<organizationName>National Oceanographic and Atmospheric Administration</organizationName><positionName>Supervisory Coral Reef Ecosystems Researcher</positionName><electronicMailAddress>tye.kindinger@noaa.gov</electronicMailAddress>      </contact>
      <contact>
    <individualName>
<givenName>Jake</givenName>          <surName>Asher</surName>
    </individualName>
<organizationName>National Oceanographic and Atmospheric Administration</organizationName><positionName>Marine Ecosystems Research Specialist</positionName><electronicMailAddress>jacob.asher@noaa.gov</electronicMailAddress>      </contact>

</dataset>

<additionalMetadata>
    <metadata>
      <gbif>
        <dateStamp>2020-10-08T09:12:25Z</dateStamp>
      <citation>Williams I, DesRochers A (2020). NOAA Pacific Islands Fisheries Science Center, Ecosystem Science Division Coral Reef Ecosystem Program, Rapid Ecological Assessments of Fish Belt Transect Surveys (BLT) at Coral Reef Sites across the Pacific Ocean from 2000 to 2009. Version 1.2. United States Geological Survey. Sampling event dataset https://doi.org/10.15468/tzr5bf accessed via GBIF.org on 2020-10-08.</citation>
        </gbif>
    </metadata>
</additionalMetadata>

</eml:eml>
