<?xml version="1.0" encoding="utf-8"?>
<eml:eml xmlns:eml="eml://ecoinformatics.org/eml-2.1.1" xmlns:xsi="http://www.w3.org/2001/XMLSchema-instance"
         xsi:schemaLocation="eml://ecoinformatics.org/eml-2.1.1 http://rs.gbif.org/schema/eml-gbif-profile/1.1/eml.xsd"
        packageId="10.15468/dl.rg4z3p"  system="http://gbif.org" scope="system"
  xml:lang="en">

<dataset>
        <alternateIdentifier>0078505-200613084148143</alternateIdentifier>
    <title>GBIF Occurrence Download 10.15468/dl.rg4z3p</title>
    <creator>
    <individualName>
          <surName>GBIF Download Service</surName>
    </individualName>
<electronicMailAddress>support@gbif.org</electronicMailAddress>    </creator>
    <metadataProvider>
    <individualName>
          <surName>GBIF Download Service</surName>
    </individualName>
<electronicMailAddress>support@gbif.org</electronicMailAddress>    </metadataProvider>
      <pubDate>
      2020-10-08
      </pubDate>
    <language>ENGLISH</language>
    <abstract>
        <para>A dataset containing all occurrences available in GBIF matching the query:
{
  &quot;and&quot; : [
    &quot;TaxonKey is Macruronus novaezelandiae (Hector, 1871)&quot;,
    &quot;HasCoordinate is true&quot;,
    &quot;HasGeospatialIssue is false&quot;
  ]
}
The dataset includes records from the following constituent datasets. The full metadata for each constituent is also included in this archive:
1 records from European Molecular Biology Laboratory Australian Mirror
1 records from Colección de peces marinos del mar argentino y aguas adyacentes del INIDEP
1 records from Canadian Museum of Nature Fish Collection
1 records from iNaturalist Research-grade Observations
1 records from CAS Ichthyology (ICH)
1 records from Marine biological observation data from coastal and offshore surveys around New Zealand
1 records from LACM Vertebrate Collection
2 records from NORFANZ Biological Survey, Tasman Sea, Australia - New Zealand 2003
2 records from Western Australian Museum provider for OZCAM
3 records from Museum of Comparative Zoology, Harvard University
5 records from Auckland Museum NZ Marine Collection
6 records from Queen Victoria Museum Art Gallery provider for OZCAM
7 records from Fish collection of National Museum of Nature and Science
7 records from Geographically tagged INSDC sequences
7 records from Scientific Results of the New Zealand Government Trawling Expedition, 1907
7 records from Investigation of School and Gummy Shark Nursery Areas in South East Tasmania, Australia, 1991-1997
7 records from Tasmanian Museum and Art Gallery provider for OZCAM
9 records from South Australian Museum Australia provider for OZCAM
17 records from International Barcode of Life project (iBOL)
17 records from Museums Victoria provider for OZCAM
21 records from CSIRO, South East Fishery Habitat Ecosystem Study, Southeast Australia, 1993-1997
27 records from Australian Museum provider for OZCAM
34 records from CSIRO, Soviet Fishery Data, Australia, 1965-1978
86 records from CSIRO, Abundance and distribution of orange roughy in southeast Australian waters 1987-1979
123 records from CSIRO, fish surveys by the Soela, 1980s
142 records from Bottom Trawl Surveys: Catch and Effort Data For South East Australia, 1898-1996
144 records from CSIRO Ichthyology provider for OZCAM
348 records from Bureau of Rural Sciences, Commercial Fisheries Presence, Australia, 2000-2002
369 records from Marine Commercial Fish Survey (FV Kapala, FV Trader Horn, FV Shelley, FV Kirrawa, FV May Bell) in the East and South East Australian Region from 1975 to 2008
2806 records from Catch data from New Zealand research trawls since 2008
4969 records from Soviet Trawl Fishery Data (New Zealand Waters) 1964-1987
14211 records from New Zealand fish and squid distributions from research bottom trawls 1964-2008
</para>
    </abstract>
      <contact>
    <individualName>
          <surName>GBIF Download Service</surName>
    </individualName>
<electronicMailAddress>support@gbif.org</electronicMailAddress>      </contact>

</dataset>

<additionalMetadata>
    <metadata>
      <gbif>
        <dateStamp>2020-10-08T16:12:25Z</dateStamp>
      <citation identifier="10.15468/dl.rg4z3p">GBIF Occurrence Download 10.15468/dl.rg4z3p</citation>
              <physical>
                  <objectName>Darwin Core Archive</objectName>
                  <characterEncoding>UTF-8</characterEncoding>
                  <dataFormat>
                      <externallyDefinedFormat>
                          <formatName>Darwin Core Archive</formatName>
                      </externallyDefinedFormat>
                  </dataFormat>
                  <distribution>
                      <online>
                          <url function="download">http://api.gbif.org/v1/occurrence/download/request/0078505-200613084148143.zip</url>
                      </online>
                  </distribution>
              </physical>
        </gbif>
    </metadata>
</additionalMetadata>

</eml:eml>
