<?xml version="1.0" encoding="utf-8"?>
<eml:eml xmlns:eml="eml://ecoinformatics.org/eml-2.1.1" xmlns:xsi="http://www.w3.org/2001/XMLSchema-instance"
         xsi:schemaLocation="eml://ecoinformatics.org/eml-2.1.1 http://rs.gbif.org/schema/eml-gbif-profile/1.1/eml.xsd"
        packageId="25f99a40-2327-4c57-9631-1a0825d834fa"  system="http://gbif.org" scope="system"
  xml:lang="en">

<dataset>
      <alternateIdentifier>10.15468/vjeh1p</alternateIdentifier>
        <alternateIdentifier>25f99a40-2327-4c57-9631-1a0825d834fa</alternateIdentifier>
        <alternateIdentifier>http://science-net.kahaku.go.jp/ipt2/resource?r=jobis-s9-5_asia-pacific</alternateIdentifier>
    <title>Asia-Pacific Dataset</title>
    <creator>
    <individualName>
<givenName>Yoshie</givenName>          <surName>Uchifune</surName>
    </individualName>
<organizationName>JAMSTEC</organizationName><phone>+81-46-867-9580</phone><electronicMailAddress>uchifuney@jamstec.go.jp</electronicMailAddress>    </creator>
    <creator>
    <individualName>
<givenName>Yoshie</givenName>          <surName>Uchifune</surName>
    </individualName>
<organizationName>JAMSTEC</organizationName>    <address>
<deliveryPoint>2-15 Natsushima-cho</deliveryPoint><city>Yokosuka</city><administrativeArea>Kanagawa</administrativeArea><postalCode>237-0061</postalCode><country>JAPAN</country>    </address>
<phone>+81-46-867-9580</phone><electronicMailAddress>uchifuney@jamstec.go.jp</electronicMailAddress>    </creator>
    <creator>
    <individualName>
<givenName>Hiroyuki</givenName>          <surName>Yamamoto</surName>
    </individualName>
<organizationName>JAMSTEC</organizationName>    <address>
<deliveryPoint>2-15 Natsushima-cho</deliveryPoint><city>Yokosuka</city><administrativeArea>Kanagawa</administrativeArea><postalCode>237-0061</postalCode><country>JAPAN</country>    </address>
<phone>+81-46-867-9580</phone><electronicMailAddress>kyama@jamstec.go.jp</electronicMailAddress>    </creator>
    <metadataProvider>
    <individualName>
<givenName>Yoshie</givenName>          <surName>Uchifune</surName>
    </individualName>
<organizationName>JAMSTEC</organizationName>    <address>
<deliveryPoint>2-15 Natsushima-cho</deliveryPoint><city>Yokosuka</city><administrativeArea>Kanagawa</administrativeArea><postalCode>237-0061</postalCode><country>JAPAN</country>    </address>
<phone>+81-46-867-9580</phone><electronicMailAddress>uchifuney@jamstec.go.jp</electronicMailAddress>    </metadataProvider>
    <metadataProvider>
    <individualName>
<givenName>Hiroyuki</givenName>          <surName>Yamamoto</surName>
    </individualName>
<organizationName>JAMSTEC</organizationName>    <address>
<deliveryPoint>2-15 Natsushima-cho</deliveryPoint><city>Yokosuka</city><administrativeArea>Kanagawa</administrativeArea><postalCode>237-0061</postalCode><country>JAPAN</country>    </address>
<phone>+81-46-867-9580</phone><electronicMailAddress>kyama@jamstec.go.jp</electronicMailAddress>    </metadataProvider>
      <pubDate>
      2020-03-06
      </pubDate>
    <language>ENGLISH</language>
    <abstract>
        <para>This dataset contains marine organism occurrence data of the Asia-Pacific region which were extracted from published literature by S9-5 supported by the Environment Research and Technology Development Fund (S9) of the Ministry of the Environment, Japan.</para>
    </abstract>
        <keywordSet>
              <keyword>Occurrence</keyword>
              <keywordThesaurus>GBIF Dataset Type Vocabulary: http://rs.gbif.org/vocabulary/gbif/dataset_type.xml</keywordThesaurus>
        </keywordSet>
      <additionalInfo>
          <para>marine, harvested by iOBIS</para>
      </additionalInfo>
      <intellectualRights>
        <para>This work is licensed under a <ulink url="http://creativecommons.org/licenses/by/4.0/legalcode"><citetitle>Creative Commons Attribution (CC-BY) 4.0 License</citetitle></ulink>.</para>
      </intellectualRights>
      <maintenance>
          <description>
              <para></para>
          </description>
          <maintenanceUpdateFrequency>unkown</maintenanceUpdateFrequency>
      </maintenance>
      <contact>
    <individualName>
<givenName>Yoshie</givenName>          <surName>Uchifune</surName>
    </individualName>
<organizationName>JAMSTEC</organizationName>    <address>
<deliveryPoint>2-15 Natsushima-cho</deliveryPoint><city>Yokosuka</city><administrativeArea>Kanagawa</administrativeArea><postalCode>237-0061</postalCode><country>JAPAN</country>    </address>
<phone>+81-46-867-9580</phone><electronicMailAddress>uchifuney@jamstec.go.jp</electronicMailAddress>      </contact>
      <contact>
    <individualName>
<givenName>Hiroyuki</givenName>          <surName>Yamamoto</surName>
    </individualName>
<organizationName>JAMSTEC</organizationName>    <address>
<deliveryPoint>2-15 Natsushima-cho</deliveryPoint><city>Yokosuka</city><administrativeArea>Kanagawa</administrativeArea><postalCode>237-0061</postalCode><country>JAPAN</country>    </address>
<phone>+81-46-867-9580</phone><electronicMailAddress>kyama@jamstec.go.jp</electronicMailAddress>      </contact>

</dataset>

<additionalMetadata>
    <metadata>
      <gbif>
        <dateStamp>2020-10-08T08:41:22Z</dateStamp>
      <citation>Uchifune Y, Yamamoto H (2020). Asia-Pacific Dataset. Version 1.33. National Museum of Nature and Science, Japan. Occurrence dataset https://doi.org/10.15468/vjeh1p accessed via GBIF.org on 2020-10-08.</citation>
        </gbif>
    </metadata>
</additionalMetadata>

</eml:eml>
