<?xml version="1.0" encoding="utf-8"?>
<eml:eml xmlns:eml="eml://ecoinformatics.org/eml-2.1.1" xmlns:xsi="http://www.w3.org/2001/XMLSchema-instance"
         xsi:schemaLocation="eml://ecoinformatics.org/eml-2.1.1 http://rs.gbif.org/schema/eml-gbif-profile/1.1/eml.xsd"
        packageId="10.15468/dl.unppk3"  system="http://gbif.org" scope="system"
  xml:lang="en">

<dataset>
        <alternateIdentifier>0068173-200613084148143</alternateIdentifier>
    <title>GBIF Occurrence Download 10.15468/dl.unppk3</title>
    <creator>
    <individualName>
          <surName>GBIF Download Service</surName>
    </individualName>
<electronicMailAddress>support@gbif.org</electronicMailAddress>    </creator>
    <metadataProvider>
    <individualName>
          <surName>GBIF Download Service</surName>
    </individualName>
<electronicMailAddress>support@gbif.org</electronicMailAddress>    </metadataProvider>
      <pubDate>
      2020-09-24
      </pubDate>
    <language>ENGLISH</language>
    <abstract>
        <para>A dataset containing all occurrences available in GBIF matching the query:
{
  &quot;and&quot; : [ &quot;TaxonKey is Ariomma bondi Fowler, 1930&quot;, &quot;HasCoordinate is true&quot;, &quot;HasGeospatialIssue is false&quot; ]
}
The dataset includes records from the following constituent datasets. The full metadata for each constituent is also included in this archive:
1 records from SIO Marine Vertebrate Collection
1 records from iNaturalist Research-grade Observations
1 records from University of Michigan Museum of Zoology, Division of Fishes
1 records from Colección de fauna marina del Centro Oceanográfico de Canarias
1 records from LACM Vertebrate Collection
2 records from Vertebrate Zoology Division - Ichthyology, Yale Peabody Museum
2 records from Field Museum of Natural History (Zoology) Fish Collection
2 records from South Caribbean Diversity
2 records from Canadian Museum of Nature Fish Collection
3 records from KUBI Ichthyology Collection
3 records from Occurrence records of southern African aquatic biodiversity
3 records from Ichthyology Collection - Royal Ontario Museum
3 records from Estudio taxonómico y zoogeográfico de áreas selectas de peces marinos en Laguna Madre y Costas de Tamaulipas, Veracruz y Campeche, México
4 records from CNPE/Coleccion Nacional de Peces
4 records from International Barcode of Life project (iBOL)
4 records from Computarización de la Colección Nacional de Peces del Instituto de Biología UNAM
5 records from Geographically tagged INSDC sequences
5 records from Biodiversity Research and Teaching Collections - TCWC Vertebrates
5 records from CAS Ichthyology (ICH)
6 records from Atlantic Reference Centre Museum of Canadian Atlantic Organisms - Invertebrates and Fishes Data
12 records from KUBI Ichthyology Tissue Collection
14 records from NMNH Extant Specimen Records
16 records from CSIRO, Soviet Fishery Data, Australia, 1965-1978
33 records from UF FLMNH Ichthyology
47 records from Museum of Comparative Zoology, Harvard University
107 records from Northeast Fisheries Science Center Bottom Trawl Survey Data
634 records from Fishbase
</para>
    </abstract>
      <contact>
    <individualName>
          <surName>GBIF Download Service</surName>
    </individualName>
<electronicMailAddress>support@gbif.org</electronicMailAddress>      </contact>

</dataset>

<additionalMetadata>
    <metadata>
      <gbif>
        <dateStamp>2020-09-24T09:43:07Z</dateStamp>
      <citation identifier="10.15468/dl.unppk3">GBIF Occurrence Download 10.15468/dl.unppk3</citation>
              <physical>
                  <objectName>Darwin Core Archive</objectName>
                  <characterEncoding>UTF-8</characterEncoding>
                  <dataFormat>
                      <externallyDefinedFormat>
                          <formatName>Darwin Core Archive</formatName>
                      </externallyDefinedFormat>
                  </dataFormat>
                  <distribution>
                      <online>
                          <url function="download">http://api.gbif.org/v1/occurrence/download/request/0068173-200613084148143.zip</url>
                      </online>
                  </distribution>
              </physical>
        </gbif>
    </metadata>
</additionalMetadata>

</eml:eml>
