<?xml version="1.0" encoding="utf-8"?>
<eml:eml xmlns:eml="eml://ecoinformatics.org/eml-2.1.1" xmlns:xsi="http://www.w3.org/2001/XMLSchema-instance"
         xsi:schemaLocation="eml://ecoinformatics.org/eml-2.1.1 http://rs.gbif.org/schema/eml-gbif-profile/1.1/eml.xsd"
        packageId="10.15468/dl.hafjna"  system="http://gbif.org" scope="system"
  xml:lang="en">

<dataset>
        <alternateIdentifier>0068179-200613084148143</alternateIdentifier>
    <title>GBIF Occurrence Download 10.15468/dl.hafjna</title>
    <creator>
    <individualName>
          <surName>GBIF Download Service</surName>
    </individualName>
<electronicMailAddress>support@gbif.org</electronicMailAddress>    </creator>
    <metadataProvider>
    <individualName>
          <surName>GBIF Download Service</surName>
    </individualName>
<electronicMailAddress>support@gbif.org</electronicMailAddress>    </metadataProvider>
      <pubDate>
      2020-09-24
      </pubDate>
    <language>ENGLISH</language>
    <abstract>
        <para>A dataset containing all occurrences available in GBIF matching the query:
{
  &quot;and&quot; : [ &quot;TaxonKey is Ariomma melanum (Ginsburg, 1954)&quot;, &quot;HasCoordinate is true&quot;, &quot;HasGeospatialIssue is false&quot; ]
}
The dataset includes records from the following constituent datasets. The full metadata for each constituent is also included in this archive:
1 records from KUBI Ichthyology Collection
1 records from Field Museum of Natural History (Zoology) Fish Collection
1 records from Biodiversity Research and Teaching Collections - TCWC Vertebrates
1 records from Fishes of Texas Project (FoTX) Database - Darwin Core
1 records from The fishes collection (IC) of the Muséum national d&apos;Histoire naturelle (MNHN - Paris)
1 records from NCSM Ichthyology Collection
1 records from Fishes of Ghana
1 records from Fortalecimiento de las colecciones de ECOSUR. Primera fase (Ictioplancton Chetumal)
1 records from LACM Vertebrate Collection
2 records from Vertebrate Zoology Division - Ichthyology, Yale Peabody Museum
2 records from KUBI Ichthyology Tissue Collection
2 records from Colección de fauna marina del Centro Oceanográfico de Canarias
3 records from Atlantic Reference Centre Museum of Canadian Atlantic Organisms - Invertebrates and Fishes Data
3 records from SIO Marine Vertebrate Collection
5 records from ECNASAP - East Coast North America Strategic Assessment
5 records from Occurrence records of southern African aquatic biodiversity
7 records from CAS Ichthyology (ICH)
9 records from Northeast Fisheries Science Center Bottom Trawl Survey Data
10 records from NMNH Extant Specimen Records
15 records from UF FLMNH Ichthyology
49 records from Museum of Comparative Zoology, Harvard University
624 records from Fishbase
</para>
    </abstract>
      <contact>
    <individualName>
          <surName>GBIF Download Service</surName>
    </individualName>
<electronicMailAddress>support@gbif.org</electronicMailAddress>      </contact>

</dataset>

<additionalMetadata>
    <metadata>
      <gbif>
        <dateStamp>2020-09-24T09:46:24Z</dateStamp>
      <citation identifier="10.15468/dl.hafjna">GBIF Occurrence Download 10.15468/dl.hafjna</citation>
              <physical>
                  <objectName>Darwin Core Archive</objectName>
                  <characterEncoding>UTF-8</characterEncoding>
                  <dataFormat>
                      <externallyDefinedFormat>
                          <formatName>Darwin Core Archive</formatName>
                      </externallyDefinedFormat>
                  </dataFormat>
                  <distribution>
                      <online>
                          <url function="download">http://api.gbif.org/v1/occurrence/download/request/0068179-200613084148143.zip</url>
                      </online>
                  </distribution>
              </physical>
        </gbif>
    </metadata>
</additionalMetadata>

</eml:eml>
