<?xml version="1.0" encoding="utf-8"?>
<eml:eml xmlns:eml="eml://ecoinformatics.org/eml-2.1.1" xmlns:xsi="http://www.w3.org/2001/XMLSchema-instance"
         xsi:schemaLocation="eml://ecoinformatics.org/eml-2.1.1 http://rs.gbif.org/schema/eml-gbif-profile/1.1/eml.xsd"
        packageId="10.15468/dl.4fgumz"  system="http://gbif.org" scope="system"
  xml:lang="en">

<dataset>
        <alternateIdentifier>0078198-200613084148143</alternateIdentifier>
    <title>GBIF Occurrence Download 10.15468/dl.4fgumz</title>
    <creator>
    <individualName>
          <surName>GBIF Download Service</surName>
    </individualName>
<electronicMailAddress>support@gbif.org</electronicMailAddress>    </creator>
    <metadataProvider>
    <individualName>
          <surName>GBIF Download Service</surName>
    </individualName>
<electronicMailAddress>support@gbif.org</electronicMailAddress>    </metadataProvider>
      <pubDate>
      2020-10-08
      </pubDate>
    <language>ENGLISH</language>
    <abstract>
        <para>A dataset containing all occurrences available in GBIF matching the query:
{
  &quot;and&quot; : [
    &quot;TaxonKey is Ciliata mustela (Linnaeus, 1758)&quot;,
    &quot;HasCoordinate is true&quot;,
    &quot;HasGeospatialIssue is false&quot;
  ]
}
The dataset includes records from the following constituent datasets. The full metadata for each constituent is also included in this archive:
1 records from The Rock Pool Project database - intertidal species records from rocky shore habitats - from February 2019
1 records from Artenvielfalt der Nordsee - Helgoland
1 records from Gesamtartenliste Bremerhaven, Helgoland und Sylt
1 records from Artenvielfalt der Nordsee - Bremerhaven (Dorum-Neufeld)
1 records from Study of epibenthos and ichthyofauna of an industrial waste discharge area in the Belgian Continental Shelf (1976-1981)
1 records from Marine Data from The Wildlife Trusts (TWT) Dive Team; 2014-2018
1 records from Ecological study of the fish fauna near the mouth of the Zwin in 1985 and 1986
1 records from City of Amsterdam (NL) - Fyke Fishing Piet Ruiter
1 records from Species data for Scottish waters held and managed by Scottish Natural Heritage,  derived from benthic surveys 1993 to 2014
1 records from St Andrews BioBlitz 2015
1 records from HBRG Highland Seashore Project Dataset
1 records from Merseyside BioBank (unverified)
1 records from NBIS Records to December 2016
1 records from Royal Dutch Angling Association (SVN) - Piscaria
1 records from Coastal and Marine Species Database
1 records from DASSH Data Archive Centre volunteer sightings records
1 records from St Andrews BioBlitz 2014
1 records from DASSH Data Archive Centre Academic Surveys
1 records from BioFokus
1 records from Commissioned surveys and staff surveys and reports for Scottish Wildlife Trust reserves - Unassessed data
1 records from National Trust Species Records
1 records from University of Michigan Museum of Zoology, Division of Fishes
1 records from CAS Ichthyology (ICH)
1 records from St Andrews BioBlitz 2016
1 records from Marine data from Natural Resources Wales (NRW) Technical Support (Research &amp; Monitoring) Contracts, Wales
1 records from NE Scotland fish records 1800-2010
1 records from Study of epibenthos and demersal fish in and around the dredging areas of the Belgian Continental Shelf (1977-1981)
1 records from LACM Vertebrate Collection
2 records from RBINS DaRWIN
2 records from HBRG Vertebrates (not Badger) Dataset
2 records from Inventaire de l&apos;îlot du Lédénez Vraz
2 records from Study of epibenthos and demersal fish in and around the thiocarbamate discharge area of the Belgian Continental Shelf (1977-1981)
2 records from Programme national de science participative sur la Biodiversité Littorale (BioLit)
2 records from Occurrence records of southern African aquatic biodiversity
2 records from Données BioObs - Base pour l’Inventaire des Observations Subaquatiques de la FFESSM
2 records from Données naturalistes de Pierre NOEL (stage)
2 records from Lund Museum of Zoology (MZLU)
2 records from Museum of Comparative Zoology, Harvard University
2 records from NRW Regional Data: all taxa (excluding sensitive species), West Wales
2 records from Données naturalistes de Pierre NOEL (pnoel)
2 records from Benthos counted on dredged samples during Valdivia cruise VA53
2 records from Natural History Museum (London) Collection Specimens
3 records from Ireland&apos;s BioBlitz
3 records from Seasearch Marine Surveys in Wales
3 records from Colección de referencia de otolitos, Instituto de Ciencias del Mar-CSIC
3 records from Natural England Marine Monitoring surveys
3 records from The Fish Collection at the Zoologische Staatssammlung München
3 records from Artportalen (Swedish Species Observation System)
3 records from DASSH Data Archive Centre expert sightings records
3 records from Programme CARTHAM: Inventaire biologique dans le cadre de Natura 2000 en Mer
3 records from BRERC species records from all years at full resolution excluding Notable Species within the last 10 years
4 records from Canadian Museum of Nature Fish Collection
4 records from Biological survey of the intertidal chalk reefs between Folkestone Warren and Kingsdown, Kent 2009-2011
4 records from Fishbase
5 records from Collection Pisces SMF
5 records from Data collected during the expeditions of the e-learning projects Expedition Zeeleeuw and Planet Ocean
5 records from RAVON (NL) - Fish observations extracted from Redeke (1907)
5 records from Miscellaneous records held on the Cofnod database
5 records from DASSH Data Archive Centre volunteer survey data
6 records from Fish collection NTNU University Museum
6 records from SEWBReC Fish (South East Wales)
6 records from Yorkshire Naturalists Union Marine and Coastal Section Records
6 records from Marine Nature Conservation Review (MNCR) and associated benthic marine data held and managed by English Nature
6 records from International Barcode of Life project (iBOL)
6 records from Naturalis Biodiversity Center (NL) - Pisces
6 records from Marine Intertidal Phase 1 Species Dataset from the Countryside Council for Wales 1996-2005
7 records from RNF - Données de l&apos;association Vivarmor Nature
8 records from Seasearch Marine Surveys in Ireland
9 records from naturgucker
10 records from Marine Records from Pembrokeshire Marine Species Atlas
11 records from Seasearch Marine Surveys in Scotland
11 records from Trekvis - Migratory fishes in the river Scheldt
11 records from The Ichthyology Collection at the Staatliches Museum für Naturkunde Stuttgart
12 records from IOW Natural History &amp; Archaeological Society Marine Records
13 records from Natural History Museum Rotterdam - Specimens
14 records from Observations de poissons marins du Fish Watch Forum
14 records from Données d&apos;occurrences Espèces issues de l&apos;inventaire des ZNIEFF
16 records from DASSH Data Archive Centre - Statutory Surveys
16 records from Seasearch Marine Surveys in England
18 records from Yorkshire Wildlife Trust Shoresearch
19 records from Marine flora and fauna records from the North-east Atlantic
21 records from Geographically tagged INSDC sequences
21 records from Epibenthos and demersal fish monitoring data in function of wind energy development in the Belgian part of the North Sea
21 records from Données naturalistes de BALLUCK Cindy
23 records from Epibenthos and demersal fish monitoring in function of aggregate extraction in the Belgian part of the North Sea
25 records from iNaturalist Research-grade Observations
26 records from The fishes collection (IC) of the Muséum national d&apos;Histoire naturelle (MNHN - Paris)
38 records from Epibenthic fauna along the salinity gradient in the Westerschelde area in 1990
43 records from Verified Marine records from Indicia-based surveys
47 records from Norwegian Biodiversity Information Centre - Other datasets
54 records from Kent Wildlife Trust Shoresearch Intertidal Survey 2004 onwards
63 records from Marine Nature Conservation Review (MNCR) and associated benthic marine data held and managed by JNCC
71 records from Epibenthos and demersal fish monitoring at long-term monitoring stations in the Belgian part of the North Sea
75 records from Norwegian Species Observation Service
91 records from Waarnemingen.be - Fish occurrences in Flanders and the Brussels Capital Region, Belgium
98 records from Epibenthos and demersal fish monitoring in function of dredge disposal monitoring in the Belgian part of the North Sea
114 records from Fish:  Records for Kent.
148 records from VIS - Estuarine monitoring in Flanders, Belgium (post 2013)
260 records from Observation.org, Nature data from around the World
690 records from VIS - Fishes in estuarine waters in Flanders, Belgium
2386 records from SLU Aqua Institute of Coastal Research Database for Coastal Fish - KUL
11868 records from Royal Netherlands Institute for Sea Research (NIOZ) - Kom Fyke Mokbaai
</para>
    </abstract>
      <contact>
    <individualName>
          <surName>GBIF Download Service</surName>
    </individualName>
<electronicMailAddress>support@gbif.org</electronicMailAddress>      </contact>

</dataset>

<additionalMetadata>
    <metadata>
      <gbif>
        <dateStamp>2020-10-08T10:32:44Z</dateStamp>
      <citation identifier="10.15468/dl.4fgumz">GBIF Occurrence Download 10.15468/dl.4fgumz</citation>
              <physical>
                  <objectName>Darwin Core Archive</objectName>
                  <characterEncoding>UTF-8</characterEncoding>
                  <dataFormat>
                      <externallyDefinedFormat>
                          <formatName>Darwin Core Archive</formatName>
                      </externallyDefinedFormat>
                  </dataFormat>
                  <distribution>
                      <online>
                          <url function="download">http://api.gbif.org/v1/occurrence/download/request/0078198-200613084148143.zip</url>
                      </online>
                  </distribution>
              </physical>
        </gbif>
    </metadata>
</additionalMetadata>

</eml:eml>
