<?xml version="1.0" encoding="utf-8"?>
<eml:eml xmlns:eml="eml://ecoinformatics.org/eml-2.1.1" xmlns:xsi="http://www.w3.org/2001/XMLSchema-instance"
         xsi:schemaLocation="eml://ecoinformatics.org/eml-2.1.1 http://rs.gbif.org/schema/eml-gbif-profile/1.1/eml.xsd"
        packageId="10.15468/dl.mvtbbr"  system="http://gbif.org" scope="system"
  xml:lang="en">

<dataset>
        <alternateIdentifier>0078222-200613084148143</alternateIdentifier>
    <title>GBIF Occurrence Download 10.15468/dl.mvtbbr</title>
    <creator>
    <individualName>
          <surName>GBIF Download Service</surName>
    </individualName>
<electronicMailAddress>support@gbif.org</electronicMailAddress>    </creator>
    <metadataProvider>
    <individualName>
          <surName>GBIF Download Service</surName>
    </individualName>
<electronicMailAddress>support@gbif.org</electronicMailAddress>    </metadataProvider>
      <pubDate>
      2020-10-08
      </pubDate>
    <language>ENGLISH</language>
    <abstract>
        <para>A dataset containing all occurrences available in GBIF matching the query:
{
  &quot;and&quot; : [
    &quot;TaxonKey is Coelorinchus labiatus (Köhler, 1896)&quot;,
    &quot;HasCoordinate is true&quot;,
    &quot;HasGeospatialIssue is false&quot;
  ]
}
The dataset includes records from the following constituent datasets. The full metadata for each constituent is also included in this archive:
1 records from Banco de Datos de la Biodiversidad de la Comunitat Valenciana
1 records from Fishbase
1 records from FBIP: IZIKO Marine Bony Fish (1884-2013)
1 records from Biological Reference Collections ICM-CSIC
1 records from KUBI Ichthyology Tissue Collection
2 records from CAS Ichthyology (ICH)
2 records from Colección de fauna marina del Centro Oceanográfico de Canarias
3 records from Colección de referencia de otolitos, Instituto de Ciencias del Mar-CSIC
9 records from The fishes collection (IC) of the Muséum national d&apos;Histoire naturelle (MNHN - Paris)
22 records from Ifremer BIOCEAN database (Deep Sea Benthic Fauna)
23 records from Natural History Museum (London) Collection Specimens
34 records from Dataset of the multidisciplinary research surveys in the seamounts of Ewing and Valdivia Bank (Walvis Ridge) - SE Atlantic
</para>
    </abstract>
      <contact>
    <individualName>
          <surName>GBIF Download Service</surName>
    </individualName>
<electronicMailAddress>support@gbif.org</electronicMailAddress>      </contact>

</dataset>

<additionalMetadata>
    <metadata>
      <gbif>
        <dateStamp>2020-10-08T10:49:48Z</dateStamp>
      <citation identifier="10.15468/dl.mvtbbr">GBIF Occurrence Download 10.15468/dl.mvtbbr</citation>
              <physical>
                  <objectName>Darwin Core Archive</objectName>
                  <characterEncoding>UTF-8</characterEncoding>
                  <dataFormat>
                      <externallyDefinedFormat>
                          <formatName>Darwin Core Archive</formatName>
                      </externallyDefinedFormat>
                  </dataFormat>
                  <distribution>
                      <online>
                          <url function="download">http://api.gbif.org/v1/occurrence/download/request/0078222-200613084148143.zip</url>
                      </online>
                  </distribution>
              </physical>
        </gbif>
    </metadata>
</additionalMetadata>

</eml:eml>
