<?xml version="1.0" encoding="utf-8"?>
<eml:eml xmlns:eml="eml://ecoinformatics.org/eml-2.1.1" xmlns:xsi="http://www.w3.org/2001/XMLSchema-instance"
         xsi:schemaLocation="eml://ecoinformatics.org/eml-2.1.1 http://rs.gbif.org/schema/eml-gbif-profile/1.1/eml.xsd"
        packageId="10.15468/dl.whpbpg"  system="http://gbif.org" scope="system"
  xml:lang="en">

<dataset>
        <alternateIdentifier>0080755-200613084148143</alternateIdentifier>
    <title>GBIF Occurrence Download 10.15468/dl.whpbpg</title>
    <creator>
    <individualName>
          <surName>GBIF Download Service</surName>
    </individualName>
<electronicMailAddress>support@gbif.org</electronicMailAddress>    </creator>
    <metadataProvider>
    <individualName>
          <surName>GBIF Download Service</surName>
    </individualName>
<electronicMailAddress>support@gbif.org</electronicMailAddress>    </metadataProvider>
      <pubDate>
      2020-10-12
      </pubDate>
    <language>ENGLISH</language>
    <abstract>
        <para>A dataset containing all occurrences available in GBIF matching the query:
{
  &quot;and&quot; : [
    &quot;TaxonKey is Molva molva (Linnaeus, 1758)&quot;,
    &quot;HasCoordinate is true&quot;,
    &quot;HasGeospatialIssue is false&quot;
  ]
}
The dataset includes records from the following constituent datasets. The full metadata for each constituent is also included in this archive:
1 records from Abundance of benthic infauna in surface sediments from the North Sea sampled during cruise Cirolana00/5
1 records from Natural History Museum Rotterdam - Specimens
1 records from Field Museum of Natural History (Zoology) Fish Collection
1 records from Epibenthos and demersal fish monitoring at long-term monitoring stations in the Belgian part of the North Sea
1 records from The Ichthyology Collection at the Staatliches Museum für Naturkunde Stuttgart
1 records from SIO Marine Vertebrate Collection
1 records from BRERC Notable Species records within the last 10 years
1 records from Naturalis Biodiversity Center (NL) - Pisces
1 records from SLU Aqua Institute of Coastal Research Database for Coastal Fish - KUL
1 records from KUBI Ichthyology Tissue Collection
1 records from University of Michigan Museum of Zoology, Division of Fishes
1 records from Marine data from Natural Resources Wales (NRW) Technical Support (Research &amp; Monitoring) Contracts, Wales
1 records from NE Scotland fish records 1800-2010
1 records from Museu de Ciències Naturals de Barcelona: MCNB-Cord
2 records from Observation.org, Nature data from around the World
2 records from Collection Pisces SMF
2 records from Colección de referencia de otolitos, Instituto de Ciencias del Mar-CSIC
2 records from Reef Life Survey: Global reef fish dataset
2 records from Données naturalistes de BALLUCK Cindy
2 records from Marine Records from Pembrokeshire Marine Species Atlas
2 records from naturgucker
3 records from Banco de Datos de la Biodiversidad de la Comunitat Valenciana
3 records from Seasearch Marine Surveys in the Channel Islands
3 records from Natural England Marine Monitoring surveys
3 records from BioFokus
3 records from Marine flora and fauna records from the North-east Atlantic
3 records from DASSH Data Archive Centre volunteer survey data
3 records from BRERC species records from all years at full resolution excluding Notable Species within the last 10 years
3 records from Natural History Museum (London) Collection Specimens
4 records from Fish collection NTNU University Museum
4 records from The fishes collection (IC) of the Muséum national d&apos;Histoire naturelle (MNHN - Paris)
4 records from Merseyside BioBank (unverified)
4 records from Museum of Comparative Zoology, Harvard University
5 records from International Barcode of Life project (iBOL)
5 records from Ichthyology Collection - Royal Ontario Museum
5 records from Diveboard - Scuba diving citizen science observations
6 records from IOW Natural History &amp; Archaeological Society Marine Records
7 records from Données naturalistes de Pierre NOEL (stage)
7 records from Lund Museum of Zoology (MZLU)
9 records from iNaturalist Research-grade Observations
10 records from Seasearch Marine Surveys in Wales
10 records from Norwegian Biodiversity Information Centre - Other datasets
12 records from Geographically tagged INSDC sequences
15 records from Fishbase
20 records from Species data for Scottish waters held and managed by Scottish Natural Heritage,  derived from benthic surveys 1993 to 2014
32 records from Seasearch Marine Surveys in the Isle of Man
33 records from DASSH Data Archive Centre volunteer sightings records
41 records from Marine sites, habitats and species data collected during the BioMar survey of Ireland.
41 records from Marine sites, habitats and species data collected during the BioMar survey of Ireland.
42 records from Artportalen (Swedish Species Observation System)
43 records from Marine Nature Conservation Review (MNCR) and associated benthic marine data held and managed by JNCC
92 records from Seasearch Marine Surveys in Ireland
99 records from Seasearch Marine Surveys in England
206 records from Seasearch Marine Surveys in Scotland
219 records from Norwegian Species Observation Service
</para>
    </abstract>
      <contact>
    <individualName>
          <surName>GBIF Download Service</surName>
    </individualName>
<electronicMailAddress>support@gbif.org</electronicMailAddress>      </contact>

</dataset>

<additionalMetadata>
    <metadata>
      <gbif>
        <dateStamp>2020-10-12T11:09:34Z</dateStamp>
      <citation identifier="10.15468/dl.whpbpg">GBIF Occurrence Download 10.15468/dl.whpbpg</citation>
              <physical>
                  <objectName>Darwin Core Archive</objectName>
                  <characterEncoding>UTF-8</characterEncoding>
                  <dataFormat>
                      <externallyDefinedFormat>
                          <formatName>Darwin Core Archive</formatName>
                      </externallyDefinedFormat>
                  </dataFormat>
                  <distribution>
                      <online>
                          <url function="download">http://api.gbif.org/v1/occurrence/download/request/0080755-200613084148143.zip</url>
                      </online>
                  </distribution>
              </physical>
        </gbif>
    </metadata>
</additionalMetadata>

</eml:eml>
