<?xml version="1.0" encoding="utf-8"?>
<eml:eml xmlns:eml="eml://ecoinformatics.org/eml-2.1.1" xmlns:xsi="http://www.w3.org/2001/XMLSchema-instance"
         xsi:schemaLocation="eml://ecoinformatics.org/eml-2.1.1 http://rs.gbif.org/schema/eml-gbif-profile/1.1/eml.xsd"
        packageId="10.15468/dl.c72hac"  system="http://gbif.org" scope="system"
  xml:lang="en">

<dataset>
        <alternateIdentifier>0068787-200613084148143</alternateIdentifier>
    <title>GBIF Occurrence Download 10.15468/dl.c72hac</title>
    <creator>
    <individualName>
          <surName>GBIF Download Service</surName>
    </individualName>
<electronicMailAddress>support@gbif.org</electronicMailAddress>    </creator>
    <metadataProvider>
    <individualName>
          <surName>GBIF Download Service</surName>
    </individualName>
<electronicMailAddress>support@gbif.org</electronicMailAddress>    </metadataProvider>
      <pubDate>
      2020-09-24
      </pubDate>
    <language>ENGLISH</language>
    <abstract>
        <para>A dataset containing all occurrences available in GBIF matching the query:
{
  &quot;and&quot; : [ &quot;TaxonKey is Seriolella caerulea Guichenot, 1848&quot;, &quot;HasCoordinate is true&quot;, &quot;HasGeospatialIssue is false&quot; ]
}
The dataset includes records from the following constituent datasets. The full metadata for each constituent is also included in this archive:
1 records from CSIRO, Abundance and distribution of orange roughy in southeast Australian waters 1987-1979
1 records from European Molecular Biology Laboratory Australian Mirror
1 records from Tasmanian Museum and Art Gallery provider for OZCAM
2 records from Biological observations from the Discovery Investigations 1925-1952
2 records from Geographically tagged INSDC sequences
2 records from Fishbase
3 records from Colección de peces marinos del mar argentino y aguas adyacentes del INIDEP
3 records from International Barcode of Life project (iBOL)
3 records from Natural History Museum (London) Collection Specimens
4 records from The fishes collection (IC) of the Muséum national d&apos;Histoire naturelle (MNHN - Paris)
5 records from Auckland Museum NZ Marine Collection
5 records from Museums Victoria provider for OZCAM
6 records from CSIRO, South East Fishery Habitat Ecosystem Study, Southeast Australia, 1993-1997
6 records from CSIRO Ichthyology provider for OZCAM
7 records from CSIRO, fish surveys by the Soela, 1980s
9 records from Bottom Trawl Surveys: Catch and Effort Data For South East Australia, 1898-1996
9 records from Marine Commercial Fish Survey (FV Kapala, FV Trader Horn, FV Shelley, FV Kirrawa, FV May Bell) in the East and South East Australian Region from 1975 to 2008
10 records from Fish collection of National Museum of Nature and Science
11 records from Australian Museum provider for OZCAM
69 records from Bureau of Rural Sciences, Commercial Fisheries Presence, Australia, 2000-2002
644 records from Catch data from New Zealand research trawls since 2008
2391 records from New Zealand fish and squid distributions from research bottom trawls 1964-2008
</para>
    </abstract>
      <contact>
    <individualName>
          <surName>GBIF Download Service</surName>
    </individualName>
<electronicMailAddress>support@gbif.org</electronicMailAddress>      </contact>

</dataset>

<additionalMetadata>
    <metadata>
      <gbif>
        <dateStamp>2020-09-24T22:42:49Z</dateStamp>
      <citation identifier="10.15468/dl.c72hac">GBIF Occurrence Download 10.15468/dl.c72hac</citation>
              <physical>
                  <objectName>Darwin Core Archive</objectName>
                  <characterEncoding>UTF-8</characterEncoding>
                  <dataFormat>
                      <externallyDefinedFormat>
                          <formatName>Darwin Core Archive</formatName>
                      </externallyDefinedFormat>
                  </dataFormat>
                  <distribution>
                      <online>
                          <url function="download">http://api.gbif.org/v1/occurrence/download/request/0068787-200613084148143.zip</url>
                      </online>
                  </distribution>
              </physical>
        </gbif>
    </metadata>
</additionalMetadata>

</eml:eml>
