<?xml version="1.0" encoding="utf-8"?>
<eml:eml xmlns:eml="eml://ecoinformatics.org/eml-2.1.1" xmlns:xsi="http://www.w3.org/2001/XMLSchema-instance"
         xsi:schemaLocation="eml://ecoinformatics.org/eml-2.1.1 http://rs.gbif.org/schema/eml-gbif-profile/1.1/eml.xsd"
        packageId="10.15468/dl.mqu4gq"  system="http://gbif.org" scope="system"
  xml:lang="en">

<dataset>
        <alternateIdentifier>0068192-200613084148143</alternateIdentifier>
    <title>GBIF Occurrence Download 10.15468/dl.mqu4gq</title>
    <creator>
    <individualName>
          <surName>GBIF Download Service</surName>
    </individualName>
<electronicMailAddress>support@gbif.org</electronicMailAddress>    </creator>
    <metadataProvider>
    <individualName>
          <surName>GBIF Download Service</surName>
    </individualName>
<electronicMailAddress>support@gbif.org</electronicMailAddress>    </metadataProvider>
      <pubDate>
      2020-09-24
      </pubDate>
    <language>ENGLISH</language>
    <abstract>
        <para>A dataset containing all occurrences available in GBIF matching the query:
{
  &quot;and&quot; : [ &quot;TaxonKey is Benthodesmus tenuis (Günther, 1877)&quot;, &quot;HasCoordinate is true&quot;, &quot;HasGeospatialIssue is false&quot; ]
}
The dataset includes records from the following constituent datasets. The full metadata for each constituent is also included in this archive:
1 records from Base de datos de fauna batial, abisopelágica y abisal del Golfo de México
1 records from Fish Collection of Hokkaido University
1 records from IndOBIS, Indian Ocean Node of OBIS
1 records from Queensland Museum provider for OZCAM
1 records from Oregon State Ichthyology Collection
1 records from Occurrence records of southern African aquatic biodiversity
1 records from Asia-Pacific Dataset
1 records from National Museum of Marine Biology and Aquarium
1 records from CUMV Fish Collection
1 records from Catch data from New Zealand research trawls since 2008
1 records from KUBI Ichthyology Tissue Collection
1 records from ASEAN Fish Occurrences Literature
2 records from Fish Collection of Natural History Museum and Institute, Chiba
2 records from DFO Maritimes Research Vessel Trawl Surveys Fish Observations
2 records from Vertebrate Zoology Division - Ichthyology, Yale Peabody Museum
2 records from Geographically tagged INSDC sequences
2 records from Taiwan Fisheries Research Institute – Digital archives of coastal and offshore specimens
2 records from CSIRO Ichthyology provider for OZCAM
2 records from Naturalis Biodiversity Center (NL) - Pisces
2 records from FBIP: IZIKO Marine Bony Fish (1884-2013)
2 records from NCSM Ichthyology Collection
2 records from The Deepwater Program: Northern Gulf of Mexico Continental Slope Habitat and Benthic Ecology - DgoMB: Fishs
3 records from UAIC Ichthyological Collection
3 records from Museums Victoria provider for OZCAM
4 records from UWFC Ichthyology Collection
4 records from Atlantic Reference Centre Museum of Canadian Atlantic Organisms - Invertebrates and Fishes Data
4 records from Bernice P. Bishop Museum
4 records from Natural History Museum (London) Collection Specimens
5 records from The fishes collection (IC) of the Muséum national d&apos;Histoire naturelle (MNHN - Paris)
5 records from CAS Ichthyology (ICH)
6 records from Fish specimens of Kagoshima University Museum
6 records from Field Museum of Natural History (Zoology) Fish Collection
7 records from A dataset from bottom trawl survey around Taiwan
8 records from SIO Marine Vertebrate Collection
11 records from International Barcode of Life project (iBOL)
13 records from New Zealand fish and squid distributions from research bottom trawls 1964-2008
18 records from Biodiversity Research and Teaching Collections - TCWC Vertebrates
21 records from NMNH Extant Specimen Records
22 records from Museum of Comparative Zoology, Harvard University
23 records from Fish collection of National Museum of Nature and Science
35 records from The Fish Database of Taiwan
38 records from UF FLMNH Ichthyology
619 records from Fishbase
</para>
    </abstract>
      <contact>
    <individualName>
          <surName>GBIF Download Service</surName>
    </individualName>
<electronicMailAddress>support@gbif.org</electronicMailAddress>      </contact>

</dataset>

<additionalMetadata>
    <metadata>
      <gbif>
        <dateStamp>2020-09-24T09:58:34Z</dateStamp>
      <citation identifier="10.15468/dl.mqu4gq">GBIF Occurrence Download 10.15468/dl.mqu4gq</citation>
              <physical>
                  <objectName>Darwin Core Archive</objectName>
                  <characterEncoding>UTF-8</characterEncoding>
                  <dataFormat>
                      <externallyDefinedFormat>
                          <formatName>Darwin Core Archive</formatName>
                      </externallyDefinedFormat>
                  </dataFormat>
                  <distribution>
                      <online>
                          <url function="download">http://api.gbif.org/v1/occurrence/download/request/0068192-200613084148143.zip</url>
                      </online>
                  </distribution>
              </physical>
        </gbif>
    </metadata>
</additionalMetadata>

</eml:eml>
