<?xml version="1.0" encoding="utf-8"?>
<eml:eml xmlns:eml="eml://ecoinformatics.org/eml-2.1.1" xmlns:xsi="http://www.w3.org/2001/XMLSchema-instance"
         xsi:schemaLocation="eml://ecoinformatics.org/eml-2.1.1 http://rs.gbif.org/schema/eml-gbif-profile/1.1/eml.xsd"
        packageId="848ae956-f762-11e1-a439-00145eb45e9a"  system="http://gbif.org" scope="system"
  xml:lang="en">

<dataset>
      <alternateIdentifier>10.15468/f791zg</alternateIdentifier>
        <alternateIdentifier>http://science-net.kahaku.go.jp/ipt2/resource?r=snet-1008-101</alternateIdentifier>
        <alternateIdentifier>http://gbif.science-net.kahaku.go.jp:8081/ipt2/resource?r=snet-1008-101</alternateIdentifier>
        <alternateIdentifier>848ae956-f762-11e1-a439-00145eb45e9a</alternateIdentifier>
        <alternateIdentifier>592</alternateIdentifier>
    <title>Fish Collection of Hokkaido University</title>
    <creator>
    <individualName>
<givenName>Toshio</givenName>          <surName>Kawai</surName>
    </individualName>
<organizationName>Hokkaido University</organizationName><positionName>Collection Manager</positionName>    <address>
<country>JAPAN</country>    </address>
<electronicMailAddress>kawai@museum.hokudai.ac.jp</electronicMailAddress>    </creator>
    <metadataProvider>
    <individualName>
<givenName>Toshio</givenName>          <surName>Kawai</surName>
    </individualName>
<organizationName>Hokkaido University</organizationName><positionName>Collection Manager</positionName>    <address>
<country>JAPAN</country>    </address>
<electronicMailAddress>kawai@museum.hokudai.ac.jp</electronicMailAddress>    </metadataProvider>
      <pubDate>
      2020-03-27
      </pubDate>
    <language>ENGLISH</language>
    <abstract>
        <para>Database including information about fish specimens deposited in Hokkaido University, Japan</para>
    </abstract>
        <keywordSet>
              <keyword>Occurrence</keyword>
              <keywordThesaurus>GBIF Dataset Type Vocabulary: http://rs.gbif.org/vocabulary/gbif/dataset_type.xml</keywordThesaurus>
        </keywordSet>
      <intellectualRights>
        <para>This work is licensed under a <ulink url="http://creativecommons.org/licenses/by-nc/4.0/legalcode"><citetitle>Creative Commons Attribution Non Commercial (CC-BY-NC) 4.0 License</citetitle></ulink>.</para>
      </intellectualRights>
      <distribution scope="document">
          <online>
              <url function="information">http://www.museum.hokudai.ac.jp/english/index.html</url>
          </online>
      </distribution>
      <maintenance>
          <description>
              <para></para>
          </description>
          <maintenanceUpdateFrequency>unkown</maintenanceUpdateFrequency>
      </maintenance>
      <contact>
    <individualName>
<givenName>Toshio</givenName>          <surName>Kawai</surName>
    </individualName>
<organizationName>Hokkaido University</organizationName><positionName>Collection Manager</positionName>    <address>
<country>JAPAN</country>    </address>
<electronicMailAddress>kawai@museum.hokudai.ac.jp</electronicMailAddress><onlineUrl>http://www.museum.hokudai.ac.jp/english/index.html</onlineUrl>      </contact>

</dataset>

<additionalMetadata>
    <metadata>
      <gbif>
        <dateStamp>2020-10-08T09:23:37Z</dateStamp>
      <citation>Kawai T (2020). Fish Collection of Hokkaido University. National Museum of Nature and Science, Japan. Occurrence dataset https://doi.org/10.15468/f791zg accessed via GBIF.org on 2020-10-08.</citation>
        </gbif>
    </metadata>
</additionalMetadata>

</eml:eml>
