<?xml version="1.0" encoding="utf-8"?>
<eml:eml xmlns:eml="eml://ecoinformatics.org/eml-2.1.1" xmlns:xsi="http://www.w3.org/2001/XMLSchema-instance"
         xsi:schemaLocation="eml://ecoinformatics.org/eml-2.1.1 http://rs.gbif.org/schema/eml-gbif-profile/1.1/eml.xsd"
        packageId="849f0a76-f762-11e1-a439-00145eb45e9a"  system="http://gbif.org" scope="system"
  xml:lang="en">

<dataset>
      <alternateIdentifier>10.15468/wu0kpz</alternateIdentifier>
        <alternateIdentifier>http://science-net.kahaku.go.jp/ipt2/resource?r=snet-1190-104</alternateIdentifier>
        <alternateIdentifier>http://gbif.science-net.kahaku.go.jp:8081/ipt2/resource?r=snet-1190-104</alternateIdentifier>
        <alternateIdentifier>849f0a76-f762-11e1-a439-00145eb45e9a</alternateIdentifier>
        <alternateIdentifier>610</alternateIdentifier>
    <title>Fish specimen database of Osaka Museum of Natural History</title>
    <creator>
    <individualName>
<givenName>Kiyotaka</givenName>          <surName>Hatooka</surName>
    </individualName>
<organizationName>Osaka Museum of Natural History</organizationName><positionName>Curator</positionName>    <address>
<country>JAPAN</country>    </address>
<electronicMailAddress>hatooka@mus-nh.city.osaka.jp</electronicMailAddress>    </creator>
    <metadataProvider>
    <individualName>
<givenName>Kazumi</givenName>          <surName>Tanida</surName>
    </individualName>
<organizationName>Osaka Museum of Natural History</organizationName><positionName>Director</positionName>    <address>
<country>JAPAN</country>    </address>
<electronicMailAddress>monitor@mus-nh.city.osaka.jp</electronicMailAddress>    </metadataProvider>
      <pubDate>
      2020-03-16
      </pubDate>
    <language>ENGLISH</language>
    <abstract>
        <para>Marine and Freshwater Fish specimens deposited in Osaka Museum of Natural History, Part 1: Specimens collected from Kansai District.</para>
    </abstract>
        <keywordSet>
              <keyword>Occurrence</keyword>
              <keywordThesaurus>GBIF Dataset Type Vocabulary: http://rs.gbif.org/vocabulary/gbif/dataset_type.xml</keywordThesaurus>
        </keywordSet>
      <intellectualRights>
        <para>This work is licensed under a <ulink url="http://creativecommons.org/licenses/by/4.0/legalcode"><citetitle>Creative Commons Attribution (CC-BY) 4.0 License</citetitle></ulink>.</para>
      </intellectualRights>
      <distribution scope="document">
          <online>
              <url function="information">http://www.mus-nh.city.osaka.jp/english/index.html</url>
          </online>
      </distribution>
      <maintenance>
          <description>
              <para></para>
          </description>
          <maintenanceUpdateFrequency>unkown</maintenanceUpdateFrequency>
      </maintenance>
      <contact>
    <individualName>
<givenName>Kazumi</givenName>          <surName>Tanida</surName>
    </individualName>
<organizationName>Osaka Museum of Natural History</organizationName><positionName>Director</positionName>    <address>
<country>JAPAN</country>    </address>
<electronicMailAddress>monitor@mus-nh.city.osaka.jp</electronicMailAddress><onlineUrl>http://www.mus-nh.city.osaka.jp/</onlineUrl>      </contact>

</dataset>

<additionalMetadata>
    <metadata>
      <gbif>
        <dateStamp>2020-10-08T09:23:37Z</dateStamp>
      <citation>Hatooka K, Tanida K (2020). Fish specimen database of Osaka Museum of Natural History. National Museum of Nature and Science, Japan. Occurrence dataset https://doi.org/10.15468/wu0kpz accessed via GBIF.org on 2020-10-08.</citation>
        </gbif>
    </metadata>
</additionalMetadata>

</eml:eml>
