<?xml version="1.0" encoding="utf-8"?>
<eml:eml xmlns:eml="eml://ecoinformatics.org/eml-2.1.1" xmlns:xsi="http://www.w3.org/2001/XMLSchema-instance"
         xsi:schemaLocation="eml://ecoinformatics.org/eml-2.1.1 http://rs.gbif.org/schema/eml-gbif-profile/1.1/eml.xsd"
        packageId="85b8ed3c-f762-11e1-a439-00145eb45e9a"  system="http://gbif.org" scope="system"
  xml:lang="en">

<dataset>
      <alternateIdentifier>10.15468/p2eb5z</alternateIdentifier>
        <alternateIdentifier>http://science-net.kahaku.go.jp/ipt2/resource?r=snet-1044-101</alternateIdentifier>
        <alternateIdentifier>http://gbif.science-net.kahaku.go.jp:8081/ipt2/resource?r=snet-1044-101</alternateIdentifier>
        <alternateIdentifier>85b8ed3c-f762-11e1-a439-00145eb45e9a</alternateIdentifier>
        <alternateIdentifier>1529</alternateIdentifier>
    <title>Fish Collection of Natural History Museum and Institute, Chiba</title>
    <creator>
    <individualName>
<givenName>Masaki</givenName>          <surName>Miya</surName>
    </individualName>
<organizationName>Natural History Museum and Institute, Chiba</organizationName><positionName>Curator</positionName>    <address>
<country>JAPAN</country>    </address>
<electronicMailAddress>miya@chiba-muse.or.jp</electronicMailAddress>    </creator>
    <metadataProvider>
    <individualName>
<givenName>Masaki</givenName>          <surName>Miya</surName>
    </individualName>
<organizationName>Natural History Museum and Institute, Chiba</organizationName><positionName>Curator</positionName>    <address>
<country>JAPAN</country>    </address>
<electronicMailAddress>miya@chiba-muse.or.jp</electronicMailAddress>    </metadataProvider>
      <pubDate>
      2020-03-16
      </pubDate>
    <language>ENGLISH</language>
    <abstract>
        <para>Fish specimens deposited at the Natural History Museum and Institute, Chiba</para>
    </abstract>
        <keywordSet>
              <keyword>Occurrence</keyword>
              <keywordThesaurus>GBIF Dataset Type Vocabulary: http://rs.gbif.org/vocabulary/gbif/dataset_type.xml</keywordThesaurus>
        </keywordSet>
      <intellectualRights>
        <para>This work is licensed under a <ulink url="http://creativecommons.org/licenses/by/4.0/legalcode"><citetitle>Creative Commons Attribution (CC-BY) 4.0 License</citetitle></ulink>.</para>
      </intellectualRights>
      <distribution scope="document">
          <online>
              <url function="information">http://www.chiba-muse.or.jp/NATURAL/english/index-e.htm</url>
          </online>
      </distribution>
      <maintenance>
          <description>
              <para></para>
          </description>
          <maintenanceUpdateFrequency>unkown</maintenanceUpdateFrequency>
      </maintenance>
      <contact>
    <individualName>
<givenName>Masaki</givenName>          <surName>Miya</surName>
    </individualName>
<organizationName>Natural History Museum and Institute, Chiba</organizationName><positionName>Curator</positionName>    <address>
<country>JAPAN</country>    </address>
<electronicMailAddress>miya@chiba-muse.or.jp</electronicMailAddress><onlineUrl>http://www2.chiba-muse.or.jp/?page_id=57</onlineUrl>      </contact>

</dataset>

<additionalMetadata>
    <metadata>
      <gbif>
        <dateStamp>2020-10-08T09:23:39Z</dateStamp>
      <citation>Miya M (2020). Fish Collection of Natural History Museum and Institute, Chiba. National Museum of Nature and Science, Japan. Occurrence dataset https://doi.org/10.15468/p2eb5z accessed via GBIF.org on 2020-10-08.</citation>
        </gbif>
    </metadata>
</additionalMetadata>

</eml:eml>
