<?xml version="1.0" encoding="utf-8"?>
<eml:eml xmlns:eml="eml://ecoinformatics.org/eml-2.1.1" xmlns:xsi="http://www.w3.org/2001/XMLSchema-instance"
         xsi:schemaLocation="eml://ecoinformatics.org/eml-2.1.1 http://rs.gbif.org/schema/eml-gbif-profile/1.1/eml.xsd"
        packageId="d150dd98-855c-4828-a2ff-148036b00c92"  system="http://gbif.org" scope="system"
  xml:lang="en">

<dataset>
      <alternateIdentifier>10.15468/5pp8jr</alternateIdentifier>
    <title>The Ichthyology Collection at the Staatliches Museum für Naturkunde Stuttgart</title>
    <associatedParty>
    <individualName>
          <surName>Stabsstelle IT-Infrastruktur und Biodiversitätinformatik</surName>
    </individualName>
<electronicMailAddress>it@smns-bw.de</electronicMailAddress>    <role>TECHNICAL_POINT_OF_CONTACT</role>
    </associatedParty>
    <language>en</language>
    <abstract>
        <para>http://col.smns-bw.org/SMNS-Z-ichthyologycoll/About.html</para>
    </abstract>
      <intellectualRights>
        <para>This work is licensed under a <ulink url="http://creativecommons.org/licenses/by/4.0/legalcode"><citetitle>Creative Commons Attribution (CC-BY) 4.0 License</citetitle></ulink>.</para>
      </intellectualRights>
      <distribution scope="document">
          <online>
              <url function="information">http://col.smns-bw.org/SMNS-Z-ichthyologycoll/About.html</url>
          </online>
      </distribution>
      <contact>
    <individualName>
          <surName>Stefan Merker</surName>
    </individualName>
<electronicMailAddress>stefan.merker@smns-bw.de</electronicMailAddress>      </contact>

</dataset>

<additionalMetadata>
    <metadata>
      <gbif>
        <dateStamp>2020-10-08T09:23:39Z</dateStamp>
      <citation>Staatliches Museum für Naturkunde Stuttgart. The Ichthyology Collection at the Staatliches Museum für Naturkunde Stuttgart. Occurrence dataset https://doi.org/10.15468/5pp8jr accessed via GBIF.org on 2020-10-08.</citation>
              <resourceLogoUrl>https://naturkundemuseum-bw.de/fileadmin/museum/Logo_SMNS_de_scr.png</resourceLogoUrl>
        </gbif>
    </metadata>
</additionalMetadata>

</eml:eml>
