<?xml version="1.0" encoding="utf-8"?>
<eml:eml xmlns:eml="eml://ecoinformatics.org/eml-2.1.1" xmlns:xsi="http://www.w3.org/2001/XMLSchema-instance"
         xsi:schemaLocation="eml://ecoinformatics.org/eml-2.1.1 http://rs.gbif.org/schema/eml-gbif-profile/1.1/eml.xsd"
        packageId="10.15468/dl.gh86yy"  system="http://gbif.org" scope="system"
  xml:lang="en">

<dataset>
        <alternateIdentifier>0068324-200613084148143</alternateIdentifier>
    <title>GBIF Occurrence Download 10.15468/dl.gh86yy</title>
    <creator>
    <individualName>
          <surName>GBIF Download Service</surName>
    </individualName>
<electronicMailAddress>support@gbif.org</electronicMailAddress>    </creator>
    <metadataProvider>
    <individualName>
          <surName>GBIF Download Service</surName>
    </individualName>
<electronicMailAddress>support@gbif.org</electronicMailAddress>    </metadataProvider>
      <pubDate>
      2020-09-24
      </pubDate>
    <language>ENGLISH</language>
    <abstract>
        <para>A dataset containing all occurrences available in GBIF matching the query:
{
  &quot;and&quot; : [ &quot;TaxonKey is Peprilus triacanthus (Peck, 1804)&quot;, &quot;HasCoordinate is true&quot;, &quot;HasGeospatialIssue is false&quot; ]
}
The dataset includes records from the following constituent datasets. The full metadata for each constituent is also included in this archive:
1 records from Bay of Fundy Species List
1 records from University of Alberta Museum of Zoology Ichthyology Collection (UAMZ)
1 records from Collection Pisces SMF
1 records from Ocean Genome Legacy Collection
1 records from Biodiversity Research and Teaching Collections - TCWC Vertebrates
1 records from Multistate Aquatic Resources Information System - MARIS - Fish
1 records from MCNH Museum of Cultural and Natural History Fish Collection
1 records from Natural History Museum (London) Collection Specimens
2 records from LSUMZ (LSU MNS) Fishes Collection
2 records from Estudio taxonómico y zoogeográfico de áreas selectas de peces marinos en Laguna Madre y Costas de Tamaulipas, Veracruz y Campeche, México
3 records from Nova Scotia Museum - Marine Birds, Mammals, and Fishes
3 records from KUBI Ichthyology Collection
3 records from Florida Fish and Wildlife Conservation Commission - Freshwater Fishes of Florida - 1956-2000
4 records from KUBI Ichthyology Tissue Collection
5 records from SIO Marine Vertebrate Collection
5 records from LACM Vertebrate Collection
6 records from Electronic Atlas of Ichthyoplankton on the Scotian Shelf of North America (OBIS Canada)
7 records from The fishes collection (IC) of the Muséum national d&apos;Histoire naturelle (MNHN - Paris)
8 records from UAIC Ichthyological Collection
10 records from University of Michigan Museum of Zoology, Division of Fishes
11 records from Fishes of Texas Project (FoTX) Database - Darwin Core
12 records from Canadian Museum of Nature Fish Collection
12 records from CAS Ichthyology (ICH)
14 records from University of Texas, Biodiversity Center, Ichthyology Collection (TNHCi)
18 records from Geographically tagged INSDC sequences
21 records from iNaturalist Research-grade Observations
22 records from Field Museum of Natural History (Zoology) Fish Collection
23 records from NMNH Extant Specimen Records
28 records from Ichthyology Collection - Royal Ontario Museum
39 records from Vertebrate Zoology Division - Ichthyology, Yale Peabody Museum
42 records from CUMV Fish Collection
49 records from International Barcode of Life project (iBOL)
56 records from NCSM Ichthyology Collection
64 records from Ohio State University Fish Division (OSUM)
127 records from Museum of Comparative Zoology, Harvard University
138 records from UF FLMNH Ichthyology
169 records from Fishbase
372 records from Atlantic Reference Centre Museum of Canadian Atlantic Organisms - Invertebrates and Fishes Data
799 records from VIMS Chesapeake Bay Multispecies Monitoring and Assessment Program
1300 records from DFO Maritimes Research Vessel Trawl Surveys Fish Observations
1835 records from Northeast Area Monitoring and Assessment Program Near Shore Trawl Survey (NEAMAP)
4564 records from ECNASAP - East Coast North America Strategic Assessment
12199 records from Northeast Fisheries Science Center Bottom Trawl Survey Data
</para>
    </abstract>
      <contact>
    <individualName>
          <surName>GBIF Download Service</surName>
    </individualName>
<electronicMailAddress>support@gbif.org</electronicMailAddress>      </contact>

</dataset>

<additionalMetadata>
    <metadata>
      <gbif>
        <dateStamp>2020-09-24T12:10:46Z</dateStamp>
      <citation identifier="10.15468/dl.gh86yy">GBIF Occurrence Download 10.15468/dl.gh86yy</citation>
              <physical>
                  <objectName>Darwin Core Archive</objectName>
                  <characterEncoding>UTF-8</characterEncoding>
                  <dataFormat>
                      <externallyDefinedFormat>
                          <formatName>Darwin Core Archive</formatName>
                      </externallyDefinedFormat>
                  </dataFormat>
                  <distribution>
                      <online>
                          <url function="download">http://api.gbif.org/v1/occurrence/download/request/0068324-200613084148143.zip</url>
                      </online>
                  </distribution>
              </physical>
        </gbif>
    </metadata>
</additionalMetadata>

</eml:eml>
