<?xml version="1.0" encoding="utf-8"?>
<eml:eml xmlns:eml="eml://ecoinformatics.org/eml-2.1.1" xmlns:xsi="http://www.w3.org/2001/XMLSchema-instance"
         xsi:schemaLocation="eml://ecoinformatics.org/eml-2.1.1 http://rs.gbif.org/schema/eml-gbif-profile/1.1/eml.xsd"
        packageId="a2807e3c-9296-4ede-9ac2-b9a361a46116"  system="http://gbif.org" scope="system"
  xml:lang="en">

<dataset>
      <alternateIdentifier>10.15468/dbxvug</alternateIdentifier>
        <alternateIdentifier>a2807e3c-9296-4ede-9ac2-b9a361a46116</alternateIdentifier>
        <alternateIdentifier>https://nzobisipt.niwa.co.nz/resource?r=danaexpedition</alternateIdentifier>
    <title>Biological observations from the Dana Expedition Reports</title>
    <creator>
    <individualName>
<givenName>Kevin</givenName>          <surName>Mackay</surName>
    </individualName>
<organizationName>NIWA</organizationName><positionName>Marine Data Manager</positionName>    <address>
<deliveryPoint>Private Bag 14-901</deliveryPoint><city>Wellington</city><administrativeArea>New Zealand</administrativeArea><postalCode>6241</postalCode><country>NEW_ZEALAND</country>    </address>
<phone>0276322006</phone><onlineUrl>http://www.niwa.co.nz</onlineUrl>    </creator>
    <metadataProvider>
    <individualName>
<givenName>Kevin</givenName>          <surName>Mackay</surName>
    </individualName>
<organizationName>NIWA</organizationName><positionName>Marine Data Manager</positionName>    <address>
<deliveryPoint>Private Bag 14-901</deliveryPoint><city>Wellington</city><postalCode>6241</postalCode><country>NEW_ZEALAND</country>    </address>
<onlineUrl>http://www.niwa.co.nz</onlineUrl>    </metadataProvider>
      <pubDate>
      2019-10-31
      </pubDate>
    <language>ENGLISH</language>
    <abstract>
        <para>&lt;p&gt;The oceanographic Dana Expedition was led by Johannes Schmidt and financed by the Carlsberg Foundation. After finding the Atlantic breeding grounds for European freshwater eels, Schmidt turn his attention to the Pacific and Indian Oceans with the aim of comparing the pelagic life of the three main oceans.&lt;/p&gt;
&lt;p&gt;The vessel chosen for the expedition was the Dana, a former British minesweeper rebuilt by the Danish Government for fisheries research purposes. The Dana was 42.2 m long, 7.2 m broad and a displacement of 360 tons. It carried a steam-driven trawl winch and two hydrographic winches.&lt;/p&gt;
&lt;p&gt;The fishing gear consisted primarily of conical nets made of coarsely woven hemp cloth (stramin) and fastened to iron rings with diameters of 150 and 200 cm, supplemented with 300 cm ring nets with larger mesh size.&lt;/p&gt;
&lt;p&gt;This data set comprises biological occurrence data that was extracted from the Dana reports. These data consist: of the results of the passage of the R/V Dana through the Atlantic, Pacific, and Indian Oceans from 1928 to 1930; collecting by various merchant vessels carried out by request of the Dana Committee; other expeditions in the same waters, mainly the Galathea Expedition in 1951-52.&lt;/p&gt;</para>
    </abstract>
        <keywordSet>
              <keyword>Occurrence</keyword>
              <keywordThesaurus>GBIF Dataset Type Vocabulary: http://rs.gbif.org/vocabulary/gbif/dataset_type.xml</keywordThesaurus>
        </keywordSet>
        <keywordSet>
              <keyword>Observation</keyword>
              <keywordThesaurus>GBIF Dataset Subtype Vocabulary: http://rs.gbif.org/vocabulary/gbif/dataset_subtype.xml</keywordThesaurus>
        </keywordSet>
      <additionalInfo>
          <para>marine, harvested by iOBIS</para>
      </additionalInfo>
      <intellectualRights>
        <para>To the extent possible under law, the publisher has waived all rights to these data and has dedicated them to the <ulink url="http://creativecommons.org/publicdomain/zero/1.0/legalcode"><citetitle>Public Domain (CC0 1.0)</citetitle></ulink>. Users may copy, modify, distribute and use the work, including for commercial purposes, without restriction.</para>
      </intellectualRights>
      <maintenance>
          <description>
              <para></para>
          </description>
          <maintenanceUpdateFrequency>irregular</maintenanceUpdateFrequency>
      </maintenance>
      <contact>
    <individualName>
<givenName>Kevin</givenName>          <surName>Mackay</surName>
    </individualName>
<organizationName>NIWA</organizationName><positionName>Marine Data Manager</positionName>    <address>
<deliveryPoint>Private Bag 14-901</deliveryPoint><city>Wellington</city><administrativeArea>New Zealand</administrativeArea><postalCode>6241</postalCode><country>NEW_ZEALAND</country>    </address>
<phone>0276322006</phone><onlineUrl>http://www.niwa.co.nz</onlineUrl>      </contact>

</dataset>

<additionalMetadata>
    <metadata>
      <gbif>
        <dateStamp>2020-10-13T09:29:42Z</dateStamp>
      <citation>Mackay K (2019). Biological observations from the Dana Expedition Reports. Version 1.7. Southwestern Pacific Ocean Biogeographic Information System (OBIS) Node. Occurrence dataset https://doi.org/10.15468/dbxvug accessed via GBIF.org on 2020-10-13.</citation>
              <resourceLogoUrl>https://nzobisipt.niwa.co.nz/logo.do?r=danaexpedition</resourceLogoUrl>
        </gbif>
    </metadata>
</additionalMetadata>

</eml:eml>
