<?xml version="1.0" encoding="utf-8"?>
<eml:eml xmlns:eml="eml://ecoinformatics.org/eml-2.1.1" xmlns:xsi="http://www.w3.org/2001/XMLSchema-instance"
         xsi:schemaLocation="eml://ecoinformatics.org/eml-2.1.1 http://rs.gbif.org/schema/eml-gbif-profile/1.1/eml.xsd"
        packageId="50c9509d-22c7-4a22-a47d-8c48425ef4a7"  system="http://gbif.org" scope="system"
  xml:lang="en">

<dataset>
      <alternateIdentifier>10.15468/ab3s5x</alternateIdentifier>
        <alternateIdentifier>https://www.inaturalist.org/observations?created_d2=2020-05-21T18%3A00%3A33-07%3A00&amp;license=CC0%2CCC-BY%2CCC-BY-NC&amp;quality_grade=research</alternateIdentifier>
        <alternateIdentifier>https://www.inaturalist.org/observations?created_d2=2020-05-07T18%3A00%3A33-07%3A00&amp;license=CC0%2CCC-BY%2CCC-BY-NC&amp;quality_grade=research</alternateIdentifier>
        <alternateIdentifier>https://www.inaturalist.org/observations?created_d2=2020-04-30T18%3A00%3A34-07%3A00&amp;license=CC0%2CCC-BY%2CCC-BY-NC&amp;quality_grade=research</alternateIdentifier>
        <alternateIdentifier>https://www.inaturalist.org/observations?created_d2=2020-04-23T18%3A00%3A33-07%3A00&amp;license=CC0%2CCC-BY%2CCC-BY-NC&amp;quality_grade=research</alternateIdentifier>
        <alternateIdentifier>https://www.inaturalist.org/observations?created_d2=2020-04-02T18%3A00%3A35-07%3A00&amp;license=CC0%2CCC-BY%2CCC-BY-NC&amp;quality_grade=research</alternateIdentifier>
        <alternateIdentifier>https://www.inaturalist.org/observations?created_d2=2020-03-19T18%3A00%3A33-07%3A00&amp;license=CC0%2CCC-BY%2CCC-BY-NC&amp;quality_grade=research</alternateIdentifier>
        <alternateIdentifier>https://www.inaturalist.org/observations?created_d2=2020-03-12T18%3A00%3A32-07%3A00&amp;license=CC0%2CCC-BY%2CCC-BY-NC&amp;quality_grade=research</alternateIdentifier>
        <alternateIdentifier>https://www.inaturalist.org/observations?created_d2=2020-03-05T18%3A00%3A34-08%3A00&amp;license=CC0%2CCC-BY%2CCC-BY-NC&amp;quality_grade=research</alternateIdentifier>
        <alternateIdentifier>https://www.inaturalist.org/observations?created_d2=2020-02-24T14%3A09%3A25-08%3A00&amp;license=CC0%2CCC-BY%2CCC-BY-NC&amp;quality_grade=research</alternateIdentifier>
        <alternateIdentifier>https://www.inaturalist.org/observations?created_d2=2020-01-30T21%3A57%3A21-08%3A00&amp;license%5B%5D=CC0&amp;license%5B%5D=CC-BY&amp;license%5B%5D=CC-BY-NC&amp;quality_grade=research</alternateIdentifier>
        <alternateIdentifier>https://www.inaturalist.org/observations?created_d2=2020-01-16T18%3A01%3A06-08%3A00&amp;license%5B%5D=CC0&amp;license%5B%5D=CC-BY&amp;license%5B%5D=CC-BY-NC&amp;quality_grade=research</alternateIdentifier>
        <alternateIdentifier>https://www.inaturalist.org/observations?created_d2=2020-01-09T18%3A01%3A06-08%3A00&amp;license%5B%5D=CC0&amp;license%5B%5D=CC-BY&amp;license%5B%5D=CC-BY-NC&amp;quality_grade=research</alternateIdentifier>
        <alternateIdentifier>https://www.inaturalist.org/observations?created_d2=2020-01-02T18%3A01%3A27-08%3A00&amp;license%5B%5D=CC0&amp;license%5B%5D=CC-BY&amp;license%5B%5D=CC-BY-NC&amp;quality_grade=research</alternateIdentifier>
        <alternateIdentifier>https://www.inaturalist.org/observations?created_d2=2019-12-26T18%3A01%3A06-08%3A00&amp;license%5B%5D=CC0&amp;license%5B%5D=CC-BY&amp;license%5B%5D=CC-BY-NC&amp;quality_grade=research</alternateIdentifier>
        <alternateIdentifier>https://www.inaturalist.org/observations?created_d2=2019-12-19T18%3A01%3A04-08%3A00&amp;license%5B%5D=CC0&amp;license%5B%5D=CC-BY&amp;license%5B%5D=CC-BY-NC&amp;quality_grade=research</alternateIdentifier>
        <alternateIdentifier>https://www.inaturalist.org/observations?created_d2=2019-12-12T18%3A01%3A17-08%3A00&amp;license%5B%5D=CC0&amp;license%5B%5D=CC-BY&amp;license%5B%5D=CC-BY-NC&amp;quality_grade=research</alternateIdentifier>
        <alternateIdentifier>https://www.inaturalist.org/observations?created_d2=2019-12-05T18%3A01%3A13-08%3A00&amp;license%5B%5D=CC0&amp;license%5B%5D=CC-BY&amp;license%5B%5D=CC-BY-NC&amp;quality_grade=research</alternateIdentifier>
        <alternateIdentifier>https://www.inaturalist.org/observations?created_d2=2019-11-21T18%3A00%3A49-08%3A00&amp;license%5B%5D=CC0&amp;license%5B%5D=CC-BY&amp;license%5B%5D=CC-BY-NC&amp;quality_grade=research</alternateIdentifier>
        <alternateIdentifier>https://www.inaturalist.org/observations?created_d2=2019-11-14T18%3A00%3A49-08%3A00&amp;license%5B%5D=CC0&amp;license%5B%5D=CC-BY&amp;license%5B%5D=CC-BY-NC&amp;quality_grade=research</alternateIdentifier>
        <alternateIdentifier>https://www.inaturalist.org/observations?created_d2=2019-11-07T18%3A00%3A50-08%3A00&amp;license%5B%5D=CC0&amp;license%5B%5D=CC-BY&amp;license%5B%5D=CC-BY-NC&amp;quality_grade=research</alternateIdentifier>
        <alternateIdentifier>https://www.inaturalist.org/observations?created_d2=2019-10-31T18%3A00%3A50-07%3A00&amp;license%5B%5D=CC0&amp;license%5B%5D=CC-BY&amp;license%5B%5D=CC-BY-NC&amp;quality_grade=research</alternateIdentifier>
        <alternateIdentifier>https://www.inaturalist.org/observations?created_d2=2019-10-24T18%3A00%3A50-07%3A00&amp;license%5B%5D=CC0&amp;license%5B%5D=CC-BY&amp;license%5B%5D=CC-BY-NC&amp;quality_grade=research</alternateIdentifier>
        <alternateIdentifier>https://www.inaturalist.org/observations?created_d2=2019-10-17T18%3A00%3A50-07%3A00&amp;license%5B%5D=CC0&amp;license%5B%5D=CC-BY&amp;license%5B%5D=CC-BY-NC&amp;quality_grade=research</alternateIdentifier>
        <alternateIdentifier>https://www.inaturalist.org/observations?created_d2=2019-09-26T18%3A00%3A53-07%3A00&amp;license%5B%5D=CC0&amp;license%5B%5D=CC-BY&amp;license%5B%5D=CC-BY-NC&amp;quality_grade=research</alternateIdentifier>
        <alternateIdentifier>https://www.inaturalist.org/observations?created_d2=2019-09-03T19%3A05%3A59-07%3A00&amp;license%5B%5D=CC0&amp;license%5B%5D=CC-BY&amp;license%5B%5D=CC-BY-NC&amp;quality_grade=research</alternateIdentifier>
        <alternateIdentifier>https://www.inaturalist.org/observations?created_d2=2019-08-22T18%3A00%3A50-07%3A00&amp;license%5B%5D=CC0&amp;license%5B%5D=CC-BY&amp;license%5B%5D=CC-BY-NC&amp;quality_grade=research</alternateIdentifier>
        <alternateIdentifier>https://www.inaturalist.org/observations?created_d2=2019-08-15T18%3A00%3A50-07%3A00&amp;license%5B%5D=CC0&amp;license%5B%5D=CC-BY&amp;license%5B%5D=CC-BY-NC&amp;quality_grade=research</alternateIdentifier>
        <alternateIdentifier>https://www.inaturalist.org/observations?created_d2=2019-08-08T18%3A00%3A50-07%3A00&amp;license%5B%5D=CC0&amp;license%5B%5D=CC-BY&amp;license%5B%5D=CC-BY-NC&amp;quality_grade=research</alternateIdentifier>
        <alternateIdentifier>https://www.inaturalist.org/observations?created_d2=2019-08-01T18%3A00%3A55-07%3A00&amp;license%5B%5D=CC0&amp;license%5B%5D=CC-BY&amp;license%5B%5D=CC-BY-NC&amp;quality_grade=research</alternateIdentifier>
        <alternateIdentifier>https://www.inaturalist.org/observations?created_d2=2019-07-25T18%3A00%3A51-07%3A00&amp;license%5B%5D=CC0&amp;license%5B%5D=CC-BY&amp;license%5B%5D=CC-BY-NC&amp;quality_grade=research</alternateIdentifier>
        <alternateIdentifier>https://www.inaturalist.org/observations?created_d2=2019-07-11T18%3A00%3A57-07%3A00&amp;license%5B%5D=CC0&amp;license%5B%5D=CC-BY&amp;license%5B%5D=CC-BY-NC&amp;quality_grade=research</alternateIdentifier>
        <alternateIdentifier>https://www.inaturalist.org/observations?created_d2=2019-06-27T18%3A00%3A46-07%3A00&amp;license%5B%5D=CC0&amp;license%5B%5D=CC-BY&amp;license%5B%5D=CC-BY-NC&amp;quality_grade=research</alternateIdentifier>
        <alternateIdentifier>https://www.inaturalist.org/observations?created_d2=2019-06-20T18%3A00%3A46-07%3A00&amp;license%5B%5D=CC0&amp;license%5B%5D=CC-BY&amp;license%5B%5D=CC-BY-NC&amp;quality_grade=research</alternateIdentifier>
        <alternateIdentifier>https://www.inaturalist.org/observations?created_d2=2019-06-13T18%3A00%3A46-07%3A00&amp;license%5B%5D=CC0&amp;license%5B%5D=CC-BY&amp;license%5B%5D=CC-BY-NC&amp;quality_grade=research</alternateIdentifier>
        <alternateIdentifier>https://www.inaturalist.org/observations?created_d2=2019-06-06T18%3A00%3A45-07%3A00&amp;license%5B%5D=CC0&amp;license%5B%5D=CC-BY&amp;license%5B%5D=CC-BY-NC&amp;quality_grade=research</alternateIdentifier>
        <alternateIdentifier>https://www.inaturalist.org/observations?created_d2=2019-05-23T18%3A00%3A52-07%3A00&amp;license%5B%5D=CC0&amp;license%5B%5D=CC-BY&amp;license%5B%5D=CC-BY-NC&amp;quality_grade=research</alternateIdentifier>
        <alternateIdentifier>https://www.inaturalist.org/observations?created_d2=2019-05-16T18%3A00%3A56-07%3A00&amp;license%5B%5D=CC0&amp;license%5B%5D=CC-BY&amp;license%5B%5D=CC-BY-NC&amp;quality_grade=research</alternateIdentifier>
        <alternateIdentifier>https://www.inaturalist.org/observations?created_d2=2019-05-02T18%3A00%3A48-07%3A00&amp;license%5B%5D=CC0&amp;license%5B%5D=CC-BY&amp;license%5B%5D=CC-BY-NC&amp;quality_grade=research</alternateIdentifier>
        <alternateIdentifier>https://www.inaturalist.org/observations?created_d2=2019-04-25T18%3A00%3A44-07%3A00&amp;license%5B%5D=CC0&amp;license%5B%5D=CC-BY&amp;license%5B%5D=CC-BY-NC&amp;quality_grade=research</alternateIdentifier>
        <alternateIdentifier>https://www.inaturalist.org/observations?created_d2=2019-04-18T18%3A00%3A44-07%3A00&amp;license%5B%5D=CC0&amp;license%5B%5D=CC-BY&amp;license%5B%5D=CC-BY-NC&amp;quality_grade=research</alternateIdentifier>
        <alternateIdentifier>https://www.inaturalist.org/observations?created_d2=2019-04-11T18%3A00%3A56-07%3A00&amp;license%5B%5D=CC0&amp;license%5B%5D=CC-BY&amp;license%5B%5D=CC-BY-NC&amp;quality_grade=research</alternateIdentifier>
        <alternateIdentifier>https://www.inaturalist.org/observations?created_d2=2019-04-04T18%3A00%3A43-07%3A00&amp;license%5B%5D=CC0&amp;license%5B%5D=CC-BY&amp;license%5B%5D=CC-BY-NC&amp;quality_grade=research</alternateIdentifier>
        <alternateIdentifier>https://www.inaturalist.org/observations?created_d2=2019-03-28T18%3A00%3A45-07%3A00&amp;license%5B%5D=CC0&amp;license%5B%5D=CC-BY&amp;license%5B%5D=CC-BY-NC&amp;quality_grade=research</alternateIdentifier>
        <alternateIdentifier>14026</alternateIdentifier>
    <title>iNaturalist Research-grade Observations</title>
    <creator>
    <individualName>
<givenName>Ken-ichi</givenName>          <surName>Ueda</surName>
    </individualName>
<organizationName>iNaturalist / California Academy of Sciences</organizationName><positionName>Co-director, iNaturalist</positionName>    <address>
<deliveryPoint>55 Music Concourse Dr., Golden Gate Park</deliveryPoint><city>San Francsico</city><administrativeArea>CA</administrativeArea><postalCode>94118</postalCode><country>UNITED_STATES</country>    </address>
<electronicMailAddress>kueda@inaturalist.org</electronicMailAddress><onlineUrl>http://www.inaturalist.org/people/kueda</onlineUrl>    </creator>
    <metadataProvider>
    <individualName>
<givenName>Ken-ichi</givenName>          <surName>Ueda</surName>
    </individualName>
<organizationName>iNaturalist / California Academy of Sciences</organizationName><positionName>Co-director, iNaturalist</positionName>    <address>
<deliveryPoint>55 Music Concourse Dr., Golden Gate Park</deliveryPoint><city>San Francsico</city><administrativeArea>CA</administrativeArea><postalCode>94118</postalCode><country>UNITED_STATES</country>    </address>
<electronicMailAddress>kueda@inaturalist.org</electronicMailAddress><onlineUrl>http://www.inaturalist.org/people/kueda</onlineUrl>    </metadataProvider>
      <pubDate>
      2020-05-21
      </pubDate>
    <language>ENGLISH</language>
    <abstract>
        <para>&lt;p&gt;Observations from iNaturalist.org, an online social network of people sharing biodiversity information to help each other learn about nature. iNaturalist is a joint initiative of the California Academy of Sciences and the National Geographic Society.&lt;/p&gt;
&lt;p&gt;Observations included in this archive met the following requirements:&lt;/p&gt;
&lt;p&gt;* Published under one of the following licenses or waivers:
        1) http://creativecommons.org/publicdomain/zero/1.0/, 2) http://creativecommons.org/licenses/by/4.0/, 3) http://creativecommons.org/licenses/by-nc/4.0/&lt;/p&gt;
&lt;p&gt;* Achieved one of following iNaturalist quality grades: Research&lt;/p&gt;
&lt;p&gt;* Created on or before 2020-05-21T18:00:33-07:00&lt;/p&gt;
&lt;p&gt;You can view observations meeting these requirements at https://www.inaturalist.org/observations?created_d2&amp;#61;2020-05-21T18%3A00%3A33-07%3A00&amp;amp;license&amp;#61;CC0%2CCC-BY%2CCC-BY-NC&amp;amp;quality_grade&amp;#61;research&lt;/p&gt;</para>
    </abstract>
      <intellectualRights>
        <para>This work is licensed under a <ulink url="http://creativecommons.org/licenses/by-nc/4.0/legalcode"><citetitle>Creative Commons Attribution Non Commercial (CC-BY-NC) 4.0 License</citetitle></ulink>.</para>
      </intellectualRights>
      <distribution scope="document">
          <online>
              <url function="information">https://www.inaturalist.org/observations</url>
          </online>
      </distribution>
      <coverage>
            <geographicCoverage>
                  <geographicDescription>Bounding Box</geographicDescription>
                  <boundingCoordinates>
                      <westBoundingCoordinate>-179.999</westBoundingCoordinate>
                      <eastBoundingCoordinate>180</eastBoundingCoordinate>
                      <northBoundingCoordinate>89.985</northBoundingCoordinate>
                      <southBoundingCoordinate>-89.937</southBoundingCoordinate>
                  </boundingCoordinates>
            </geographicCoverage>
          <temporalCoverage>
            <rangeOfDates>
              <beginDate>
                <calendarDate>      0002-12-03
</calendarDate>
              </beginDate>
              <endDate>
                <calendarDate>      2020-05-22
</calendarDate>
              </endDate>
            </rangeOfDates>
          </temporalCoverage>
      </coverage>
      <purpose>
          <para>iNaturalist.org is a website where anyone can record their observations from nature. Members record observations for numerous reasons, including participation in citizen science projects, school projects, and personal fulfillment.</para>
      </purpose>
      <maintenance>
          <description>
              <para></para>
          </description>
          <maintenanceUpdateFrequency>weekly</maintenanceUpdateFrequency>
      </maintenance>
      <contact>
    <individualName>
<givenName>Ken-ichi</givenName>          <surName>Ueda</surName>
    </individualName>
<organizationName>iNaturalist / California Academy of Sciences</organizationName><positionName>Co-director, iNaturalist</positionName>    <address>
<deliveryPoint>55 Music Concourse Dr., Golden Gate Park</deliveryPoint><city>San Francsico</city><administrativeArea>CA</administrativeArea><postalCode>94118</postalCode><country>UNITED_STATES</country>    </address>
<electronicMailAddress>kueda@inaturalist.org</electronicMailAddress><onlineUrl>http://www.inaturalist.org/people/kueda</onlineUrl>      </contact>
      <methods>
            <methodStep>
                <description>
                    <para>Observation recorded and verified by the community</para>
                </description>
            </methodStep>
            <qualityControl>
                <description>
                    <para>iNaturalist observations become candidates for Research Grade when they have a photo, date, and coordinates. They become Research Grade when the community agrees on an identification. If the community has multiple opinions on what taxon has been observed, iNaturalist chooses a taxon from all the proposed taxa (an implied ancestor taxa of the proposed taxa) that more than 2/3 of the voters agree with. The full algorithm is as follows: for all identified taxa and the taxa that contain them (e.g. genus Homo contains Homo sapiens), score each as the ratio between the number of cumulative IDs for that taxon over the sum of the cumulative IDs, the number of more conservative IDs added after the first ID of that taxon, and the number of IDs that are completely different (i.e. IDs of taxa that do not contain the taxon being scored). For the identified taxa that have a score over 2/3 and at least 2 identifications, iNaturalist chooses the lowest ranked taxon as the community taxon. An observation can lose Research Grade status if the community has voted it down on several metrics, including whether the organism is wild / naturalized (i.e. not captive / cultivated), whether the location and date seem accurate, and whether the content of the observation is appropriate for the context (e.g. violation of iNaturalist&apos;s Terms of Service, copyright violation, plagiarism, etc.). To learn more about data quality on iNaturalist, see http://www.inaturalist.org/pages/help#quality</para>
                </description>
            </qualityControl>
      </methods>

</dataset>

<additionalMetadata>
    <metadata>
      <gbif>
        <dateStamp>2020-05-28T11:45:22Z</dateStamp>
      <citation>Ueda K (2020). iNaturalist Research-grade Observations. iNaturalist.org. Occurrence dataset https://doi.org/10.15468/ab3s5x accessed via GBIF.org on 2020-05-28.</citation>
              <resourceLogoUrl>https://static.inaturalist.org/sites/1-logo.svg?1573071870</resourceLogoUrl>
        </gbif>
    </metadata>
</additionalMetadata>

</eml:eml>
