<?xml version="1.0" encoding="utf-8"?>
<eml:eml xmlns:eml="eml://ecoinformatics.org/eml-2.1.1" xmlns:xsi="http://www.w3.org/2001/XMLSchema-instance"
         xsi:schemaLocation="eml://ecoinformatics.org/eml-2.1.1 http://rs.gbif.org/schema/eml-gbif-profile/1.1/eml.xsd"
        packageId="cb692845-d58d-4171-a544-bfbf6d93f1da"  system="http://gbif.org" scope="system"
  xml:lang="pt">

<dataset>
      <alternateIdentifier>10.15468/lluzfl</alternateIdentifier>
        <alternateIdentifier>https://ipt.sibbr.gov.br/mnrj/resource?r=mnrj_ictiologia</alternateIdentifier>
        <alternateIdentifier>http://ipt.sibbr.gov.br/mnrj/resource?r=mnrj_ictiologia</alternateIdentifier>
        <alternateIdentifier>cb692845-d58d-4171-a544-bfbf6d93f1da</alternateIdentifier>
        <alternateIdentifier>http://ipt.sibbr.gov.br/mnrj/resource.do?r=mnrj_ictiologia</alternateIdentifier>
    <title>Coleção Ictiológica (MNRJ), Museu Nacional (MN), Universidade Federal do Rio de Janeiro(UFRJ)</title>
    <creator>
    <individualName>
<givenName>Paulo Andreas</givenName>          <surName>Buckup</surName>
    </individualName>
<organizationName>Universidade Federal do Rio de Janeiro</organizationName><positionName>Professor Associado</positionName>    <address>
<deliveryPoint>Museu Nacional, Quinta da Boa Vista</deliveryPoint><city>Rio de Janeiro</city><administrativeArea>RJ</administrativeArea><postalCode>20940-040</postalCode><country>BRAZIL</country>    </address>
<phone>+55(21)39381197</phone><electronicMailAddress>buckup@acd.ufrj.br</electronicMailAddress><onlineUrl>http://www.mnrj.ufrj.br</onlineUrl>    </creator>
    <metadataProvider>
    <individualName>
<givenName>Paulo Andreas</givenName>          <surName>Buckup</surName>
    </individualName>
<organizationName>Universidade Federal do Rio de Janeiro</organizationName><positionName>Professor Associado</positionName>    <address>
<deliveryPoint>Museu Nacional, Quinta da Boa Vista</deliveryPoint><city>Rio de Janeiro</city><administrativeArea>RJ</administrativeArea><postalCode>20940-040</postalCode><country>BRAZIL</country>    </address>
<phone>+55(21)39381197</phone><electronicMailAddress>buckup@acd.ufrj.br</electronicMailAddress><onlineUrl>http://www.mnrj.ufrj.br</onlineUrl>    </metadataProvider>
    <associatedParty>
    <individualName>
<givenName>Paulo Andreas</givenName>          <surName>Buckup</surName>
    </individualName>
<organizationName>Universidade Federal do Rio de Janeiro</organizationName><positionName>Professor Associado</positionName>    <address>
<deliveryPoint>Museu Nacional, Quinta da Boa Vista</deliveryPoint><city>Rio de Janeiro</city><administrativeArea>RJ</administrativeArea><postalCode>20940-040</postalCode><country>BRAZIL</country>    </address>
<phone>+55(21)39381197</phone><electronicMailAddress>buckup@acd.ufrj.br</electronicMailAddress><onlineUrl>http://www.mnrj.ufrj.br</onlineUrl>    <role>CURATOR</role>
    </associatedParty>
    <associatedParty>
    <individualName>
<givenName>Marcelo Ribeiro</givenName>          <surName>de Britto</surName>
    </individualName>
<organizationName>Universidade Federal do Rio de Janeiro</organizationName><positionName>Professor Associado</positionName>    <address>
<deliveryPoint>Museu Nacional, Quinta da Boa Vista</deliveryPoint><city>Rio de Janeiro</city><administrativeArea>RJ</administrativeArea><postalCode>20940-040</postalCode><country>BRAZIL</country>    </address>
<phone>+55(21)39381199</phone><electronicMailAddress>mrbritto2002@yahoo.com.br</electronicMailAddress><onlineUrl>http://www.mnrj.ufrj.br</onlineUrl>    <role>CURATOR</role>
    </associatedParty>
    <associatedParty>
    <individualName>
<givenName>Cristiano Rangel</givenName>          <surName>Moreira</surName>
    </individualName>
<organizationName>Universidade Federal do Rio de Janeiro</organizationName><positionName>Professor Adjunto</positionName>    <address>
<deliveryPoint>Museu Nacional, Quinta da Boa Vista</deliveryPoint><city>Rio de Janeiro</city><administrativeArea>RJ</administrativeArea><postalCode>20940-040</postalCode><country>BRAZIL</country>    </address>
<phone>+55(21)39381197</phone><electronicMailAddress>buckup@acd.ufrj.br</electronicMailAddress>    <role>CURATOR</role>
    </associatedParty>
      <pubDate>
      2020-10-12
      </pubDate>
    <language>PORTUGUESE</language>
    <abstract>
        <para>A Coleção Ictiológica (MNRJ) do Museu Nacional, Universidade Federal do Rio de Janeiro, é uma das maiores e mais antigas coleções científicas de peixes do Brasil, contando com um acervo iniciado no final do Século XIX. A Coleção contém mais de 46.000 lotes de peixes, totalizando cerca de 500.000 espécimes. A Coleção Ictiológica serviu de base para a monumental obre &amp;#34;Fauna Brasiliense&amp;#34; publicada por Alípio de Miranda Ribeiro entre 1907 e 1915, e desde então vem servindo continuadamente como repositório e fonte de material para centenas de publicações científicas. A coleção inclui mais de 6500 exemplares tipo, incluindo mais de 450 tipos primários. O catálogo da coleção e transações de curadoria estão informatizados através do sistema de gerenciamento de coleções MUSE. A coleção participou dos projetos NEODAT, NEODAT II e atualmente mantém uma página no projeto NEODAT III (http://www.mnrj.ufrj.br/search.htm).

Em 1995 a Coleção Ictiológica instalou-se em um novo prédio construído especialmente para esta finalidade. Toda as estantes foram substituídos por novos armários e estantes de aço através da UFRJ e de um projeto financiado pela Fundação Universitária José Bonifácio (Processo Proc. 6799-7). En 2005 as instalações físicas foram ampliadas e parte das estantes foi substituída por armários deslizantes (compactadores) com recursos da Fundação Vitae.

O acervo encontra-se a disposição para uso por ictiólogos visitantes, mediante agendamento.</para>
    </abstract>
        <keywordSet>
              <keyword>fish</keyword>
              <keyword>Occurrence</keyword>
              <keywordThesaurus>GBIF Dataset Type Vocabulary: http://rs.gbif.org/vocabulary/gbif/dataset_type.xml</keywordThesaurus>
        </keywordSet>
        <keywordSet>
              <keyword>Specimen</keyword>
              <keywordThesaurus>GBIF Dataset Subtype Vocabulary: http://rs.gbif.org/vocabulary/gbif/dataset_subtype.xml</keywordThesaurus>
        </keywordSet>
      <intellectualRights>
        <para>This work is licensed under a <ulink url="http://creativecommons.org/licenses/by-nc/4.0/legalcode"><citetitle>Creative Commons Attribution Non Commercial (CC-BY-NC) 4.0 License</citetitle></ulink>.</para>
      </intellectualRights>
      <distribution scope="document">
          <online>
              <url function="information">http://www.mnrj.ufrj.br</url>
          </online>
      </distribution>
      <coverage>
            <geographicCoverage>
                  <geographicDescription>A Coleção Ictiológica do Museu Nacional inclui peixes marinhos e de água doce originários predominantemente do Brasil, assim como exemplares de outros continentes.</geographicDescription>
                  <boundingCoordinates>
                      <westBoundingCoordinate>-73.98</westBoundingCoordinate>
                      <eastBoundingCoordinate>-30.08</eastBoundingCoordinate>
                      <northBoundingCoordinate>5.82</northBoundingCoordinate>
                      <southBoundingCoordinate>-34.77</southBoundingCoordinate>
                  </boundingCoordinates>
            </geographicCoverage>
              <taxonomicCoverage>
                    <generalTaxonomicCoverage>A Coleção Ictiológica do Museu Nacional inclui representantes de Actinoptrygii, Chondrichthyes, Sarcopterygii, Agnatha e Cephalocordata.</generalTaxonomicCoverage>
                    <taxonomicClassification>
                          <taxonRankName>Class</taxonRankName>
                        <taxonRankValue>Actinopterygii</taxonRankValue>
                          <commonName>Peixes osseos</commonName>
                    </taxonomicClassification>
                    <taxonomicClassification>
                          <taxonRankName>Class</taxonRankName>
                        <taxonRankValue>Sarcopterygii</taxonRankValue>
                          <commonName>Peixes pulmonados</commonName>
                    </taxonomicClassification>
                    <taxonomicClassification>
                          <taxonRankName>Class</taxonRankName>
                        <taxonRankValue>Chondrichthyes</taxonRankValue>
                          <commonName>Peixes cartilaginosos</commonName>
                    </taxonomicClassification>
                    <taxonomicClassification>
                          <taxonRankName>Class</taxonRankName>
                        <taxonRankValue>Cephalochordata</taxonRankValue>
                          <commonName>Anfioxos</commonName>
                    </taxonomicClassification>
              </taxonomicCoverage>
      </coverage>
      <maintenance>
          <description>
              <para></para>
          </description>
          <maintenanceUpdateFrequency>irregular</maintenanceUpdateFrequency>
      </maintenance>
      <contact>
    <individualName>
<givenName>Paulo Andreas</givenName>          <surName>Buckup</surName>
    </individualName>
<organizationName>Universidade Federal do Rio de Janeiro</organizationName><positionName>Professor Associado</positionName>    <address>
<deliveryPoint>Museu Nacional, Quinta da Boa Vista</deliveryPoint><city>Rio de Janeiro</city><administrativeArea>RJ</administrativeArea><postalCode>20940-040</postalCode><country>BRAZIL</country>    </address>
<phone>+55(21)39381197</phone><electronicMailAddress>buckup@acd.ufrj.br</electronicMailAddress><onlineUrl>http://www.mnrj.ufrj.br</onlineUrl>      </contact>

      <project >
          <title>As Coleções Científicas de Invertebrados e Vertebrados do Museu Nacional/MNRJ digitalização, informatização e disponibilização dos dados no Sistema de Informação sobre a Biodiversidade Brasileira SiBBr</title>
          <personnel>
    <individualName>
<givenName>Paulo Andreas</givenName>          <surName>Buckup</surName>
    </individualName>
    <role>CONTENT_PROVIDER</role>
          </personnel>
          <abstract>
              <para></para>
          </abstract>
          <funding>
              <para>CNPq</para>
          </funding>
            <studyAreaDescription>
                <descriptor name="generic" citableClassificationSystem="false">
                    <descriptorValue>Ictiologia</descriptorValue>
                </descriptor>
            </studyAreaDescription>
      </project>
</dataset>

<additionalMetadata>
    <metadata>
      <gbif>
        <dateStamp>2020-10-13T08:40:00Z</dateStamp>
      <citation>Buckup P A (2020). Coleção Ictiológica (MNRJ), Museu Nacional (MN), Universidade Federal do Rio de Janeiro(UFRJ). Version 157.1029. Museu Nacional / UFRJ. Occurrence dataset https://doi.org/10.15468/lluzfl accessed via GBIF.org on 2020-10-13.</citation>
              <resourceLogoUrl>http://ipt.sibbr.gov.br/mnrj/logo.do?r=mnrj_ictiologia</resourceLogoUrl>
              <collection>
                <parentCollectionIdentifier>Not applicable</parentCollectionIdentifier>
                <collectionIdentifier>MNRJ</collectionIdentifier>
                <collectionName>Coleção Ictiológica do Museu Nacional</collectionName>
              </collection>
              <formationPeriod>Final do Século XIX</formationPeriod>
                <specimenPreservationMethod>ALCOHOL</specimenPreservationMethod>
              <livingTimePeriod>1875 até o presente</livingTimePeriod>
        </gbif>
    </metadata>
</additionalMetadata>

</eml:eml>
