<?xml version="1.0" encoding="utf-8"?>
<eml:eml xmlns:eml="eml://ecoinformatics.org/eml-2.1.1" xmlns:xsi="http://www.w3.org/2001/XMLSchema-instance"
         xsi:schemaLocation="eml://ecoinformatics.org/eml-2.1.1 http://rs.gbif.org/schema/eml-gbif-profile/1.1/eml.xsd"
        packageId="10.15468/dl.t5nmtc"  system="http://gbif.org" scope="system"
  xml:lang="en">

<dataset>
        <alternateIdentifier>0078422-200613084148143</alternateIdentifier>
    <title>GBIF Occurrence Download 10.15468/dl.t5nmtc</title>
    <creator>
    <individualName>
          <surName>GBIF Download Service</surName>
    </individualName>
<electronicMailAddress>support@gbif.org</electronicMailAddress>    </creator>
    <metadataProvider>
    <individualName>
          <surName>GBIF Download Service</surName>
    </individualName>
<electronicMailAddress>support@gbif.org</electronicMailAddress>    </metadataProvider>
      <pubDate>
      2020-10-08
      </pubDate>
    <language>ENGLISH</language>
    <abstract>
        <para>A dataset containing all occurrences available in GBIF matching the query:
{
  &quot;and&quot; : [
    &quot;TaxonKey is Hymenocephalus italicus Giglioli, 1884&quot;,
    &quot;HasCoordinate is true&quot;,
    &quot;HasGeospatialIssue is false&quot;
  ]
}
The dataset includes records from the following constituent datasets. The full metadata for each constituent is also included in this archive:
1 records from Atlantic Reference Centre Museum of Canadian Atlantic Organisms - Invertebrates and Fishes Data
1 records from CNPE/Coleccion Nacional de Peces
1 records from IndOBIS, Indian Ocean Node of OBIS
1 records from Vertebrate Zoology Division - Ichthyology, Yale Peabody Museum
1 records from Fishes MZS
1 records from SIO Marine Vertebrate Collection
1 records from Fishes of Ghana
1 records from Ichthyologie ZMK
3 records from Collection Pisces SMF
3 records from Geographically tagged INSDC sequences
3 records from AUM Fish Collection
4 records from International Barcode of Life project (iBOL)
4 records from The Fish Collection at the Zoologische Staatssammlung München
4 records from Museu de Ciències Naturals de Barcelona: MCNB-Cord
8 records from Occurrence records of southern African aquatic biodiversity
8 records from Biological Reference Collections ICM-CSIC
10 records from Colección de referencia de otolitos, Instituto de Ciencias del Mar-CSIC
10 records from FBIP: IZIKO Marine Bony Fish (1884-2013)
13 records from NCSM Ichthyology Collection
15 records from NMNH Extant Specimen Records
15 records from Données naturalistes de Jean-Jacques RIUTORT
15 records from The fishes collection (IC) of the Muséum national d&apos;Histoire naturelle (MNHN - Paris)
16 records from Museum of Comparative Zoology, Harvard University
18 records from CAS Ichthyology (ICH)
18 records from Natural History Museum (London) Collection Specimens
25 records from Biodiversity Research and Teaching Collections - TCWC Vertebrates
35 records from Field Museum of Natural History (Zoology) Fish Collection
87 records from UF FLMNH Ichthyology
120 records from Banco de Datos de la Biodiversidad de la Comunitat Valenciana
629 records from Fishbase
</para>
    </abstract>
      <contact>
    <individualName>
          <surName>GBIF Download Service</surName>
    </individualName>
<electronicMailAddress>support@gbif.org</electronicMailAddress>      </contact>

</dataset>

<additionalMetadata>
    <metadata>
      <gbif>
        <dateStamp>2020-10-08T15:06:51Z</dateStamp>
      <citation identifier="10.15468/dl.t5nmtc">GBIF Occurrence Download 10.15468/dl.t5nmtc</citation>
              <physical>
                  <objectName>Darwin Core Archive</objectName>
                  <characterEncoding>UTF-8</characterEncoding>
                  <dataFormat>
                      <externallyDefinedFormat>
                          <formatName>Darwin Core Archive</formatName>
                      </externallyDefinedFormat>
                  </dataFormat>
                  <distribution>
                      <online>
                          <url function="download">http://api.gbif.org/v1/occurrence/download/request/0078422-200613084148143.zip</url>
                      </online>
                  </distribution>
              </physical>
        </gbif>
    </metadata>
</additionalMetadata>

</eml:eml>
