<?xml version="1.0" encoding="utf-8"?>
<eml:eml xmlns:eml="eml://ecoinformatics.org/eml-2.1.1" xmlns:xsi="http://www.w3.org/2001/XMLSchema-instance"
         xsi:schemaLocation="eml://ecoinformatics.org/eml-2.1.1 http://rs.gbif.org/schema/eml-gbif-profile/1.1/eml.xsd"
        packageId="10.15468/dl.suzzsq"  system="http://gbif.org" scope="system"
  xml:lang="en">

<dataset>
        <alternateIdentifier>0068323-200613084148143</alternateIdentifier>
    <title>GBIF Occurrence Download 10.15468/dl.suzzsq</title>
    <creator>
    <individualName>
          <surName>GBIF Download Service</surName>
    </individualName>
<electronicMailAddress>support@gbif.org</electronicMailAddress>    </creator>
    <metadataProvider>
    <individualName>
          <surName>GBIF Download Service</surName>
    </individualName>
<electronicMailAddress>support@gbif.org</electronicMailAddress>    </metadataProvider>
      <pubDate>
      2020-09-24
      </pubDate>
    <language>ENGLISH</language>
    <abstract>
        <para>A dataset containing all occurrences available in GBIF matching the query:
{
  &quot;and&quot; : [ &quot;TaxonKey is Peprilus paru (Linnaeus, 1758)&quot;, &quot;HasCoordinate is true&quot;, &quot;HasGeospatialIssue is false&quot; ]
}
The dataset includes records from the following constituent datasets. The full metadata for each constituent is also included in this archive:
1 records from Ohio State University Fish Division (OSUM)
1 records from Banco de datos de la ictiofauna del Río Bravo desde 1902 a 1992 en la colección ictiológica de la UANL
1 records from Colección de Peces de la Universidad de Antioquia
1 records from Coleccion de Ictiología del Instituto de Ciencias Naturales (ICN-MHN-Ic)
1 records from Occurrence records of southern African aquatic biodiversity
1 records from MCNH Museum of Cultural and Natural History Fish Collection
1 records from UWIZM Fish Collections
1 records from Colección Ictiológica del CENPAT-CONICET
1 records from Natural History Museum (London) Collection Specimens
2 records from Diversidad de peces de las lagunas costeras de Pueblo Viejo y el Mango, Veracruz
2 records from Coleção Ictiológica (MNRJ), Museu Nacional (MN), Universidade Federal do Rio de Janeiro(UFRJ)
2 records from Colección de peces marinos del mar argentino y aguas adyacentes del INIDEP
2 records from TPWD HARC Texas Coastal Fisheries Matagorda Bay Bag Seine
2 records from TPWD HARC Texas Coastal Fisheries Sabine Lake Bag Seine
2 records from Données d&apos;occurrences Espèces issues de l&apos;inventaire des ZNIEFF
2 records from UEL - Coleção de Peixes - Museu de Zoologia da Universidade Estadual de Londrina
3 records from Canadian Museum of Nature Fish Collection
3 records from Interannual variability of ichthyoplankton diversity in the Patos Lagoon estuary Southern Brazil
3 records from Estado actual, identificación de riesgos y propuestas para el manejo de las especies invasoras presentes en las regiones hidrológicas prioritarias, confluencia de las Huastecas, Media Luna y Cabecera del río de La Laja
3 records from TPWD HARC Texas Coastal Fisheries Sabine Lake Gill Net
3 records from KUBI Ichthyology Tissue Collection
3 records from University of Michigan Museum of Zoology, Division of Fishes
4 records from SIO Marine Vertebrate Collection
5 records from KUBI Ichthyology Collection
5 records from Bell Museum fishes
6 records from South Caribbean Diversity
6 records from Base de dados da Coleção Ictiológica do LEP-UFRRJ
6 records from Ichthyology Collection - Royal Ontario Museum
7 records from CNPE/Coleccion Nacional de Peces
7 records from MMNS Ichthyology Collection
7 records from Computarización de la Colección Nacional de Peces del Instituto de Biología UNAM
8 records from Vertebrate Zoology Division - Ichthyology, Yale Peabody Museum
8 records from AUM Fish Collection
10 records from CAS Ichthyology (ICH)
11 records from The fishes collection (IC) of the Muséum national d&apos;Histoire naturelle (MNHN - Paris)
11 records from International Barcode of Life project (iBOL)
11 records from iNaturalist Research-grade Observations
11 records from Base de datos sobre ictioplancton para la Bahía de Campeche, México
14 records from Geographically tagged INSDC sequences
14 records from LACM Vertebrate Collection
16 records from MBML-Peixes - Coleção de Peixes
16 records from Estudio taxonómico y zoogeográfico de áreas selectas de peces marinos en Laguna Madre y Costas de Tamaulipas, Veracruz y Campeche, México
19 records from CUMV Fish Collection
20 records from Field Museum of Natural History (Zoology) Fish Collection
21 records from LSUMZ (LSU MNS) Fishes Collection
21 records from Fishbase
31 records from NCSM Ichthyology Collection
31 records from Museum of Comparative Zoology, Harvard University
32 records from NMNH Extant Specimen Records
34 records from UAIC Ichthyological Collection
43 records from Biodiversity Research and Teaching Collections - TCWC Vertebrates
44 records from University of Texas, Biodiversity Center, Ichthyology Collection (TNHCi)
61 records from TPWD HARC Texas Coastal Fisheries Sabine Lake Bay Trawl
72 records from TPWD HARC Texas Coastal Fisheries Matagorda Bay Gill Net
80 records from Fishes of Texas Project (FoTX) Database - Darwin Core
107 records from UF FLMNH Ichthyology
138 records from Northeast Area Monitoring and Assessment Program Near Shore Trawl Survey (NEAMAP)
271 records from Northeast Fisheries Science Center Bottom Trawl Survey Data
457 records from TPWD HARC Texas Coastal Fisheries Matagorda Bay Trawl
786 records from VIMS Chesapeake Bay Multispecies Monitoring and Assessment Program
</para>
    </abstract>
      <contact>
    <individualName>
          <surName>GBIF Download Service</surName>
    </individualName>
<electronicMailAddress>support@gbif.org</electronicMailAddress>      </contact>

</dataset>

<additionalMetadata>
    <metadata>
      <gbif>
        <dateStamp>2020-09-24T12:08:48Z</dateStamp>
      <citation identifier="10.15468/dl.suzzsq">GBIF Occurrence Download 10.15468/dl.suzzsq</citation>
              <physical>
                  <objectName>Darwin Core Archive</objectName>
                  <characterEncoding>UTF-8</characterEncoding>
                  <dataFormat>
                      <externallyDefinedFormat>
                          <formatName>Darwin Core Archive</formatName>
                      </externallyDefinedFormat>
                  </dataFormat>
                  <distribution>
                      <online>
                          <url function="download">http://api.gbif.org/v1/occurrence/download/request/0068323-200613084148143.zip</url>
                      </online>
                  </distribution>
              </physical>
        </gbif>
    </metadata>
</additionalMetadata>

</eml:eml>
