<?xml version="1.0" encoding="utf-8"?>
<eml:eml xmlns:eml="eml://ecoinformatics.org/eml-2.1.1" xmlns:xsi="http://www.w3.org/2001/XMLSchema-instance"
         xsi:schemaLocation="eml://ecoinformatics.org/eml-2.1.1 http://rs.gbif.org/schema/eml-gbif-profile/1.1/eml.xsd"
        packageId="10.15468/dl.sqs2ah"  system="http://gbif.org" scope="system"
  xml:lang="en">

<dataset>
        <alternateIdentifier>0078445-200613084148143</alternateIdentifier>
    <title>GBIF Occurrence Download 10.15468/dl.sqs2ah</title>
    <creator>
    <individualName>
          <surName>GBIF Download Service</surName>
    </individualName>
<electronicMailAddress>support@gbif.org</electronicMailAddress>    </creator>
    <metadataProvider>
    <individualName>
          <surName>GBIF Download Service</surName>
    </individualName>
<electronicMailAddress>support@gbif.org</electronicMailAddress>    </metadataProvider>
      <pubDate>
      2020-10-08
      </pubDate>
    <language>ENGLISH</language>
    <abstract>
        <para>A dataset containing all occurrences available in GBIF matching the query:
{
  &quot;and&quot; : [
    &quot;TaxonKey is Lepidion lepidion (Risso, 1810)&quot;,
    &quot;HasCoordinate is true&quot;,
    &quot;HasGeospatialIssue is false&quot;
  ]
}
The dataset includes records from the following constituent datasets. The full metadata for each constituent is also included in this archive:
1 records from The Ichthyology Collection at the Staatliches Museum für Naturkunde Stuttgart
2 records from Paleobiology Database
2 records from Museum of Comparative Zoology, Harvard University
4 records from Ifremer BIOCEAN database (Deep Sea Benthic Fauna)
6 records from The fishes collection (IC) of the Muséum national d&apos;Histoire naturelle (MNHN - Paris)
7 records from Megafaunal data from the 2009 BIOFUN trans-Mediterranean deep-sea cruise
8 records from Museu de Ciències Naturals de Barcelona: MCNB-Cord
11 records from Biological Reference Collections ICM-CSIC
12 records from Fishbase
13 records from Colección de referencia de otolitos, Instituto de Ciencias del Mar-CSIC
24 records from Banco de Datos de la Biodiversidad de la Comunitat Valenciana
140 records from Geographically tagged INSDC sequences
</para>
    </abstract>
      <contact>
    <individualName>
          <surName>GBIF Download Service</surName>
    </individualName>
<electronicMailAddress>support@gbif.org</electronicMailAddress>      </contact>

</dataset>

<additionalMetadata>
    <metadata>
      <gbif>
        <dateStamp>2020-10-08T15:23:08Z</dateStamp>
      <citation identifier="10.15468/dl.sqs2ah">GBIF Occurrence Download 10.15468/dl.sqs2ah</citation>
              <physical>
                  <objectName>Darwin Core Archive</objectName>
                  <characterEncoding>UTF-8</characterEncoding>
                  <dataFormat>
                      <externallyDefinedFormat>
                          <formatName>Darwin Core Archive</formatName>
                      </externallyDefinedFormat>
                  </dataFormat>
                  <distribution>
                      <online>
                          <url function="download">http://api.gbif.org/v1/occurrence/download/request/0078445-200613084148143.zip</url>
                      </online>
                  </distribution>
              </physical>
        </gbif>
    </metadata>
</additionalMetadata>

</eml:eml>
