<?xml version="1.0" encoding="utf-8"?>
<eml:eml xmlns:eml="eml://ecoinformatics.org/eml-2.1.1" xmlns:xsi="http://www.w3.org/2001/XMLSchema-instance"
         xsi:schemaLocation="eml://ecoinformatics.org/eml-2.1.1 http://rs.gbif.org/schema/eml-gbif-profile/1.1/eml.xsd"
        packageId="10.15468/dl.vwqh3h"  system="http://gbif.org" scope="system"
  xml:lang="en">

<dataset>
        <alternateIdentifier>0081554-200613084148143</alternateIdentifier>
    <title>GBIF Occurrence Download 10.15468/dl.vwqh3h</title>
    <creator>
    <individualName>
          <surName>GBIF Download Service</surName>
    </individualName>
<electronicMailAddress>support@gbif.org</electronicMailAddress>    </creator>
    <metadataProvider>
    <individualName>
          <surName>GBIF Download Service</surName>
    </individualName>
<electronicMailAddress>support@gbif.org</electronicMailAddress>    </metadataProvider>
      <pubDate>
      2020-10-13
      </pubDate>
    <language>ENGLISH</language>
    <abstract>
        <para>A dataset containing all occurrences available in GBIF matching the query:
{
  &quot;and&quot; : [
    &quot;TaxonKey is Urophycis brasiliensis (Kaup, 1858)&quot;,
    &quot;HasCoordinate is true&quot;,
    &quot;HasGeospatialIssue is false&quot;
  ]
}
The dataset includes records from the following constituent datasets. The full metadata for each constituent is also included in this archive:
1 records from MBML-Peixes - Coleção de Peixes
1 records from Coleção Ictiológica (MNRJ), Museu Nacional (MN), Universidade Federal do Rio de Janeiro(UFRJ)
1 records from Colección de peces marinos del mar argentino y aguas adyacentes del INIDEP
1 records from SIO Marine Vertebrate Collection
1 records from The Fish Collection at the Zoologische Staatssammlung München
1 records from Natural History Museum (London) Collection Specimens
2 records from Fishbase
2 records from Museum of Comparative Zoology, Harvard University
2 records from Colección Ictiológica del CENPAT-CONICET
2 records from Redescription of Urophycis brasiliensis (Kaup 1858), a senior synonym of Urophycis latus Miranda Ribeiro 1903 (Gadiformes: Phycidae)
3 records from CAS Ichthyology (ICH)
6 records from Geographically tagged INSDC sequences
6 records from iNaturalist Research-grade Observations
9 records from Fishes in the Argentine Sea from 1967 to the present time
9 records from The fishes collection (IC) of the Muséum national d&apos;Histoire naturelle (MNHN - Paris)
10 records from International Barcode of Life project (iBOL)
761 records from Programa de Observadores a Bordo (POBCh) de la Secretaria de Pesca de la Provincia del Chubut, Argentina . Observer On board Program -Fisheries Secretariat of the Province of Chubut-Argentina (OOBPPCh)
</para>
    </abstract>
      <contact>
    <individualName>
          <surName>GBIF Download Service</surName>
    </individualName>
<electronicMailAddress>support@gbif.org</electronicMailAddress>      </contact>

</dataset>

<additionalMetadata>
    <metadata>
      <gbif>
        <dateStamp>2020-10-13T08:10:48Z</dateStamp>
      <citation identifier="10.15468/dl.vwqh3h">GBIF Occurrence Download 10.15468/dl.vwqh3h</citation>
              <physical>
                  <objectName>Darwin Core Archive</objectName>
                  <characterEncoding>UTF-8</characterEncoding>
                  <dataFormat>
                      <externallyDefinedFormat>
                          <formatName>Darwin Core Archive</formatName>
                      </externallyDefinedFormat>
                  </dataFormat>
                  <distribution>
                      <online>
                          <url function="download">http://api.gbif.org/v1/occurrence/download/request/0081554-200613084148143.zip</url>
                      </online>
                  </distribution>
              </physical>
        </gbif>
    </metadata>
</additionalMetadata>

</eml:eml>
