<?xml version="1.0" encoding="utf-8"?>
<eml:eml xmlns:eml="eml://ecoinformatics.org/eml-2.1.1" xmlns:xsi="http://www.w3.org/2001/XMLSchema-instance"
         xsi:schemaLocation="eml://ecoinformatics.org/eml-2.1.1 http://rs.gbif.org/schema/eml-gbif-profile/1.1/eml.xsd"
        packageId="dc3bfd08-0141-45ae-9603-91ac50cdc33b"  system="http://gbif.org" scope="system"
  xml:lang="en">

<dataset>
      <alternateIdentifier>10.15468/bm8amw</alternateIdentifier>
        <alternateIdentifier>830b4af8-f762-11e1-a439-00145eb45e9a</alternateIdentifier>
        <alternateIdentifier>dc3bfd08-0141-45ae-9603-91ac50cdc33b</alternateIdentifier>
        <alternateIdentifier>http://ipt.nature.ca/resource?r=cmn_fish</alternateIdentifier>
    <title>Canadian Museum of Nature Fish Collection</title>
    <creator>
    <individualName>
<givenName>Kamal</givenName>          <surName>Khidas</surName>
    </individualName>
<organizationName>Canadian Museum of Nature</organizationName><positionName>Curator, Vertebrate Zoology</positionName>    <address>
<city>Ottawa</city><administrativeArea>Ontario</administrativeArea><country>CANADA</country>    </address>
<phone>1-613-364-4098</phone><electronicMailAddress>kkhidas@nature.ca</electronicMailAddress><onlineUrl>https://nature.ca/en/research-collections/science-experts/kamal-khidas</onlineUrl>    </creator>
    <metadataProvider>
    <individualName>
<givenName>John</givenName>          <surName>Torgersen</surName>
    </individualName>
<organizationName>Canadian Museum of Nature</organizationName><positionName>Assistant Collections Information Manager</positionName>    <address>
<city>Ottawa</city><administrativeArea>Ontario</administrativeArea><country>CANADA</country>    </address>
<electronicMailAddress>jtorgersen@nature.ca</electronicMailAddress>    </metadataProvider>
    <associatedParty>
    <individualName>
<givenName>Stéphanie</givenName>          <surName>Tessier</surName>
    </individualName>
<organizationName>Canadian Museum of Nature</organizationName><positionName>Assistant Collection Manager</positionName>    <address>
<city>Ottawa</city><administrativeArea>Ontario</administrativeArea><country>CANADA</country>    </address>
<electronicMailAddress>stessier@nature.ca</electronicMailAddress>    <role>POINT_OF_CONTACT</role>
    </associatedParty>
    <associatedParty>
    <individualName>
<givenName>Kamal</givenName>          <surName>Khidas</surName>
    </individualName>
<organizationName>Canadian Museum of Nature</organizationName><positionName>Curator, Vertebrate Zoology</positionName>    <address>
<city>Ottawa</city><administrativeArea>Ontario</administrativeArea><country>CANADA</country>    </address>
<phone>613-364-4098</phone><electronicMailAddress>kkhidas@nature.ca</electronicMailAddress><onlineUrl>https://nature.ca/en/research-collections/science-experts/kamal-khidas</onlineUrl>    <role>CURATOR</role>
    </associatedParty>
    <associatedParty>
    <individualName>
<givenName>Marie-Hélène</givenName>          <surName>Hubert</surName>
    </individualName>
<organizationName>Canadian Museum of Nature</organizationName><positionName>Collection Technician</positionName>    <address>
<city>Ottawa</city><administrativeArea>Ontario</administrativeArea><country>CANADA</country>    </address>
<electronicMailAddress>mhhubert@nature.ca</electronicMailAddress>    <role>PROCESSOR</role>
    </associatedParty>
    <associatedParty>
    <individualName>
<givenName>Gregory</givenName>          <surName>Rand</surName>
    </individualName>
<organizationName>Canadian Museum of Nature</organizationName><positionName>Assistant Collection Manager</positionName>    <address>
<city>Ottawa</city><administrativeArea>Ontario</administrativeArea><country>CANADA</country>    </address>
<electronicMailAddress>grand@nature.ca</electronicMailAddress>    <role>PROCESSOR</role>
    </associatedParty>
      <pubDate>
      2020-10-07
      </pubDate>
    <language>ENGLISH</language>
    <abstract>
        <para>Our Fish Collection contains more than 754 190 specimens in 63 655 lots of fluid-preserved specimens. We have about 1740 type specimens that are mainly paratypes. We have a good representation of freshwater and marine species, predominately from North American high latitudes. The museum holds the best Canadian Arctic and lamprey collection in the world.</para>
    </abstract>
        <keywordSet>
              <keyword>Occurrence</keyword>
              <keywordThesaurus>GBIF Dataset Type Vocabulary: http://rs.gbif.org/vocabulary/gbif/dataset_type.xml</keywordThesaurus>
        </keywordSet>
        <keywordSet>
              <keyword>Specimen</keyword>
              <keywordThesaurus>GBIF Dataset Subtype Vocabulary: http://rs.gbif.org/vocabulary/gbif/dataset_subtype.xml</keywordThesaurus>
        </keywordSet>
      <intellectualRights>
        <para>This work is licensed under a <ulink url="http://creativecommons.org/licenses/by/4.0/legalcode"><citetitle>Creative Commons Attribution (CC-BY) 4.0 License</citetitle></ulink>.</para>
      </intellectualRights>
      <distribution scope="document">
          <online>
              <url function="information">https://nature.ca/en/research-collections/collections</url>
          </online>
      </distribution>
      <maintenance>
          <description>
              <para></para>
          </description>
          <maintenanceUpdateFrequency>irregular</maintenanceUpdateFrequency>
      </maintenance>
      <contact>
    <individualName>
<givenName>Kamal</givenName>          <surName>Khidas</surName>
    </individualName>
<organizationName>Canadian Museum of Nature</organizationName><positionName>Curator, Vertebrate Zoology</positionName>    <address>
<city>Ottawa</city><administrativeArea>Ontario</administrativeArea><country>CANADA</country>    </address>
<phone>1-613-364-4098</phone><electronicMailAddress>kkhidas@nature.ca</electronicMailAddress><onlineUrl>https://nature.ca/en/research-collections/science-experts/kamal-khidas</onlineUrl>      </contact>
      <contact>
    <individualName>
<givenName>Stéphanie</givenName>          <surName>Tessier</surName>
    </individualName>
<organizationName>Canadian Museum of Nature</organizationName><positionName>Manager, Fish Collection</positionName>    <address>
<city>Ottawa</city><administrativeArea>Ontario</administrativeArea><country>CANADA</country>    </address>
<phone>1-613-364-4087</phone><electronicMailAddress>stessier@nature.ca</electronicMailAddress>      </contact>
      <methods>
            <methodStep>
                <description>
                    <para></para>
                </description>
            </methodStep>
      </methods>

</dataset>

<additionalMetadata>
    <metadata>
      <gbif>
        <dateStamp>2020-10-12T14:51:28Z</dateStamp>
      <citation>Khidas K, Torgersen J (2020). Canadian Museum of Nature Fish Collection. Version 1.94. Canadian Museum of Nature. Occurrence dataset https://doi.org/10.15468/bm8amw accessed via GBIF.org on 2020-10-12.</citation>
              <resourceLogoUrl>http://ipt.nature.ca/logo.do?r=cmn_fish</resourceLogoUrl>
        </gbif>
    </metadata>
</additionalMetadata>

</eml:eml>
