<?xml version="1.0" encoding="utf-8"?>
<eml:eml xmlns:eml="eml://ecoinformatics.org/eml-2.1.1" xmlns:xsi="http://www.w3.org/2001/XMLSchema-instance"
         xsi:schemaLocation="eml://ecoinformatics.org/eml-2.1.1 http://rs.gbif.org/schema/eml-gbif-profile/1.1/eml.xsd"
        packageId="10.15468/dl.ukknqb"  system="http://gbif.org" scope="system"
  xml:lang="en">

<dataset>
        <alternateIdentifier>0080682-200613084148143</alternateIdentifier>
    <title>GBIF Occurrence Download 10.15468/dl.ukknqb</title>
    <creator>
    <individualName>
          <surName>GBIF Download Service</surName>
    </individualName>
<electronicMailAddress>support@gbif.org</electronicMailAddress>    </creator>
    <metadataProvider>
    <individualName>
          <surName>GBIF Download Service</surName>
    </individualName>
<electronicMailAddress>support@gbif.org</electronicMailAddress>    </metadataProvider>
      <pubDate>
      2020-10-12
      </pubDate>
    <language>ENGLISH</language>
    <abstract>
        <para>A dataset containing all occurrences available in GBIF matching the query:
{
  &quot;and&quot; : [
    &quot;TaxonKey is Melanonus gracilis Günther, 1878&quot;,
    &quot;HasCoordinate is true&quot;,
    &quot;HasGeospatialIssue is false&quot;
  ]
}
The dataset includes records from the following constituent datasets. The full metadata for each constituent is also included in this archive:
1 records from Colección de peces marinos del mar argentino y aguas adyacentes del INIDEP
1 records from South Australian Museum Australia provider for OZCAM
1 records from CUMV Fish Collection
1 records from Marine biological observation data from coastal and offshore surveys around New Zealand
2 records from Fish catch from 1996/97 Voyage 1 WASTE (WOCE Antarctic Southern Transect Expedition)
2 records from Geographically tagged INSDC sequences
2 records from SIO Marine Vertebrate Collection
3 records from NMNH Extant Specimen Records
3 records from LACM Vertebrate Collection
4 records from NORFANZ Biological Survey, Tasman Sea, Australia - New Zealand 2003
5 records from Museum of Comparative Zoology, Harvard University
6 records from Biological observations from the Discovery Investigations 1925-1952
6 records from BIOLOGICAL SCIENCES DATA
6 records from International Barcode of Life project (iBOL)
6 records from CAS Ichthyology (ICH)
7 records from Pelagic Fish Observations 1968-1999
8 records from Occurrence records of southern African aquatic biodiversity
10 records from Marine Commercial Fish Survey (FV Kapala, FV Trader Horn, FV Shelley, FV Kirrawa, FV May Bell) in the East and South East Australian Region from 1975 to 2008
12 records from Australian Museum provider for OZCAM
14 records from CSIRO Ichthyology provider for OZCAM
19 records from Catch data from New Zealand research trawls since 2008
20 records from Natural History Museum (London) Collection Specimens
25 records from The fishes collection (IC) of the Muséum national d&apos;Histoire naturelle (MNHN - Paris)
26 records from Fishbase
33 records from Museums Victoria provider for OZCAM
34 records from FBIP: IZIKO Marine Bony Fish (1884-2013)
147 records from New Zealand fish and squid distributions from research bottom trawls 1964-2008
</para>
    </abstract>
      <contact>
    <individualName>
          <surName>GBIF Download Service</surName>
    </individualName>
<electronicMailAddress>support@gbif.org</electronicMailAddress>      </contact>

</dataset>

<additionalMetadata>
    <metadata>
      <gbif>
        <dateStamp>2020-10-12T09:30:46Z</dateStamp>
      <citation identifier="10.15468/dl.ukknqb">GBIF Occurrence Download 10.15468/dl.ukknqb</citation>
              <physical>
                  <objectName>Darwin Core Archive</objectName>
                  <characterEncoding>UTF-8</characterEncoding>
                  <dataFormat>
                      <externallyDefinedFormat>
                          <formatName>Darwin Core Archive</formatName>
                      </externallyDefinedFormat>
                  </dataFormat>
                  <distribution>
                      <online>
                          <url function="download">http://api.gbif.org/v1/occurrence/download/request/0080682-200613084148143.zip</url>
                      </online>
                  </distribution>
              </physical>
        </gbif>
    </metadata>
</additionalMetadata>

</eml:eml>
