<?xml version="1.0" encoding="utf-8"?>
<eml:eml xmlns:eml="eml://ecoinformatics.org/eml-2.1.1" xmlns:xsi="http://www.w3.org/2001/XMLSchema-instance"
         xsi:schemaLocation="eml://ecoinformatics.org/eml-2.1.1 http://rs.gbif.org/schema/eml-gbif-profile/1.1/eml.xsd"
        packageId="10.15468/dl.mxhntr"  system="http://gbif.org" scope="system"
  xml:lang="en">

<dataset>
        <alternateIdentifier>0078151-200613084148143</alternateIdentifier>
    <title>GBIF Occurrence Download 10.15468/dl.mxhntr</title>
    <creator>
    <individualName>
          <surName>GBIF Download Service</surName>
    </individualName>
<electronicMailAddress>support@gbif.org</electronicMailAddress>    </creator>
    <metadataProvider>
    <individualName>
          <surName>GBIF Download Service</surName>
    </individualName>
<electronicMailAddress>support@gbif.org</electronicMailAddress>    </metadataProvider>
      <pubDate>
      2020-10-08
      </pubDate>
    <language>ENGLISH</language>
    <abstract>
        <para>A dataset containing all occurrences available in GBIF matching the query:
{
  &quot;and&quot; : [
    &quot;TaxonKey is Thunnus maccoyii (Castelnau, 1872)&quot;,
    &quot;HasCoordinate is true&quot;,
    &quot;HasGeospatialIssue is false&quot;
  ]
}
The dataset includes records from the following constituent datasets. The full metadata for each constituent is also included in this archive:
1 records from NMNH Extant Specimen Records
1 records from Occurrence and distribution of marine wildlife in the Bremer Bay region, Western Australia, Australia (2017)
1 records from Investigation of School and Gummy Shark Nursery Areas in South East Tasmania, Australia, 1991-1997
2 records from Queensland Museum provider for OZCAM
2 records from Queen Victoria Museum Art Gallery provider for OZCAM
2 records from Earth Guardians Weekly Feed
2 records from Diveboard - Scuba diving citizen science observations
3 records from Australian Museum provider for OZCAM
3 records from Victorian Biodiversity Atlas
3 records from iNaturalist Research-grade Observations
4 records from Soviet Trawl Fishery Data (New Zealand Waters) 1964-1987
5 records from Geographically tagged INSDC sequences
5 records from European Molecular Biology Laboratory Australian Mirror
6 records from ecoscope_observation_database
6 records from Museums Victoria provider for OZCAM
7 records from FBIP: IZIKO Marine Bony Fish (1884-2013)
8 records from ASEAN Fish Occurrences Literature
9 records from CSIRO Ichthyology provider for OZCAM
10 records from New Zealand fish and squid distributions from research bottom trawls 1964-2008
11 records from South Australian Museum Australia provider for OZCAM
11 records from Western Australian Museum provider for OZCAM
39 records from New Zealand research tagging database
267 records from Bureau of Rural Sciences, Commercial Fisheries Presence, Australia, 2000-2002
345 records from IMOS - Animal Tracking Facility - Acoustic Tracking - Quality Controlled Detections (2007 -2017)
</para>
    </abstract>
      <contact>
    <individualName>
          <surName>GBIF Download Service</surName>
    </individualName>
<electronicMailAddress>support@gbif.org</electronicMailAddress>      </contact>

</dataset>

<additionalMetadata>
    <metadata>
      <gbif>
        <dateStamp>2020-10-08T09:16:51Z</dateStamp>
      <citation identifier="10.15468/dl.mxhntr">GBIF Occurrence Download 10.15468/dl.mxhntr</citation>
              <physical>
                  <objectName>Darwin Core Archive</objectName>
                  <characterEncoding>UTF-8</characterEncoding>
                  <dataFormat>
                      <externallyDefinedFormat>
                          <formatName>Darwin Core Archive</formatName>
                      </externallyDefinedFormat>
                  </dataFormat>
                  <distribution>
                      <online>
                          <url function="download">http://api.gbif.org/v1/occurrence/download/request/0078151-200613084148143.zip</url>
                      </online>
                  </distribution>
              </physical>
        </gbif>
    </metadata>
</additionalMetadata>

</eml:eml>
