<?xml version="1.0" encoding="utf-8"?>
<eml:eml xmlns:eml="eml://ecoinformatics.org/eml-2.1.1" xmlns:xsi="http://www.w3.org/2001/XMLSchema-instance"
         xsi:schemaLocation="eml://ecoinformatics.org/eml-2.1.1 http://rs.gbif.org/schema/eml-gbif-profile/1.1/eml.xsd"
        packageId="10.15468/dl.e4h35h"  system="http://gbif.org" scope="system"
  xml:lang="en">

<dataset>
        <alternateIdentifier>0068307-200613084148143</alternateIdentifier>
    <title>GBIF Occurrence Download 10.15468/dl.e4h35h</title>
    <creator>
    <individualName>
          <surName>GBIF Download Service</surName>
    </individualName>
<electronicMailAddress>support@gbif.org</electronicMailAddress>    </creator>
    <metadataProvider>
    <individualName>
          <surName>GBIF Download Service</surName>
    </individualName>
<electronicMailAddress>support@gbif.org</electronicMailAddress>    </metadataProvider>
      <pubDate>
      2020-09-24
      </pubDate>
    <language>ENGLISH</language>
    <abstract>
        <para>A dataset containing all occurrences available in GBIF matching the query:
{
  &quot;and&quot; : [ &quot;TaxonKey is Nomeus gronovii (Gmelin, 1789)&quot;, &quot;HasCoordinate is true&quot;, &quot;HasGeospatialIssue is false&quot; ]
}
The dataset includes records from the following constituent datasets. The full metadata for each constituent is also included in this archive:
1 records from KUBI Ichthyology Collection
1 records from Bell Museum fishes
1 records from Biological observations from the Discovery Investigations 1925-1952
1 records from Oregon State Ichthyology Collection
1 records from AUM Fish Collection
1 records from Canadian Museum of Nature Fish Collection
1 records from UAIC Ichthyological Collection
1 records from CSIRO, Soviet Fishery Data, Australia, 1965-1978
1 records from Estudio taxonómico y zoogeográfico de áreas selectas de peces marinos en Laguna Madre y Costas de Tamaulipas, Veracruz y Campeche, México
1 records from Inventario de Peces del SFF Isla Malpelo, Proyecto Colombia Bio
1 records from Registros ictiofaunísticos de localidades selectas de 10 regiones marinas prioritarias del Pacífico Mexicano
1 records from Natural History Museum (London) Collection Specimens
2 records from Fish specimens of Kagoshima University Museum
2 records from ALA species sightings and OzAtlas
2 records from Naturalis Biodiversity Center (NL) - Pisces
2 records from University of Michigan Museum of Zoology, Division of Fishes
2 records from Western Australian Museum provider for OZCAM
3 records from Fish collection of National Museum of Nature and Science
3 records from Geographically tagged INSDC sequences
3 records from Formación de una base de datos de la biodiversidad de fauna marina y costera en el Golfo de California
3 records from CSIRO Ichthyology provider for OZCAM
3 records from CAS Ichthyology (ICH)
4 records from Bernice P. Bishop Museum
4 records from Fishes of Texas Project (FoTX) Database - Darwin Core
4 records from University of Texas, Biodiversity Center, Ichthyology Collection (TNHCi)
5 records from Fortalecimiento de las colecciones de ECOSUR. Primera fase (Ictioplancton Chetumal)
6 records from Fishbase
6 records from CUMV Fish Collection
8 records from Biodiversity Research and Teaching Collections - TCWC Vertebrates
8 records from The fishes collection (IC) of the Muséum national d&apos;Histoire naturelle (MNHN - Paris)
8 records from LACM Vertebrate Collection
9 records from Field Museum of Natural History (Zoology) Fish Collection
9 records from International Barcode of Life project (iBOL)
10 records from NMNH Extant Specimen Records
10 records from Ichthyology Collection - Royal Ontario Museum
11 records from Queensland Museum provider for OZCAM
11 records from FBIP: IZIKO Marine Bony Fish (1884-2013)
16 records from iNaturalist Research-grade Observations
22 records from Occurrence records of southern African aquatic biodiversity
26 records from Vertebrate Zoology Division - Ichthyology, Yale Peabody Museum
26 records from SIO Marine Vertebrate Collection
46 records from Museum of Comparative Zoology, Harvard University
50 records from Australian Museum provider for OZCAM
71 records from UF FLMNH Ichthyology
</para>
    </abstract>
      <contact>
    <individualName>
          <surName>GBIF Download Service</surName>
    </individualName>
<electronicMailAddress>support@gbif.org</electronicMailAddress>      </contact>

</dataset>

<additionalMetadata>
    <metadata>
      <gbif>
        <dateStamp>2020-09-24T11:55:27Z</dateStamp>
      <citation identifier="10.15468/dl.e4h35h">GBIF Occurrence Download 10.15468/dl.e4h35h</citation>
              <physical>
                  <objectName>Darwin Core Archive</objectName>
                  <characterEncoding>UTF-8</characterEncoding>
                  <dataFormat>
                      <externallyDefinedFormat>
                          <formatName>Darwin Core Archive</formatName>
                      </externallyDefinedFormat>
                  </dataFormat>
                  <distribution>
                      <online>
                          <url function="download">http://api.gbif.org/v1/occurrence/download/request/0068307-200613084148143.zip</url>
                      </online>
                  </distribution>
              </physical>
        </gbif>
    </metadata>
</additionalMetadata>

</eml:eml>
