<?xml version="1.0" encoding="utf-8"?>
<eml:eml xmlns:eml="eml://ecoinformatics.org/eml-2.1.1" xmlns:xsi="http://www.w3.org/2001/XMLSchema-instance"
         xsi:schemaLocation="eml://ecoinformatics.org/eml-2.1.1 http://rs.gbif.org/schema/eml-gbif-profile/1.1/eml.xsd"
        packageId="10.15468/dl.kazgyg"  system="http://gbif.org" scope="system"
  xml:lang="en">

<dataset>
        <alternateIdentifier>0081599-200613084148143</alternateIdentifier>
    <title>GBIF Occurrence Download 10.15468/dl.kazgyg</title>
    <creator>
    <individualName>
          <surName>GBIF Download Service</surName>
    </individualName>
<electronicMailAddress>support@gbif.org</electronicMailAddress>    </creator>
    <metadataProvider>
    <individualName>
          <surName>GBIF Download Service</surName>
    </individualName>
<electronicMailAddress>support@gbif.org</electronicMailAddress>    </metadataProvider>
      <pubDate>
      2020-10-13
      </pubDate>
    <language>ENGLISH</language>
    <abstract>
        <para>A dataset containing all occurrences available in GBIF matching the query:
{
  &quot;and&quot; : [
    &quot;TaxonKey is Euleptorhamphus viridis (van Hasselt, 1823)&quot;,
    &quot;HasCoordinate is true&quot;,
    &quot;HasGeospatialIssue is false&quot;
  ]
}
The dataset includes records from the following constituent datasets. The full metadata for each constituent is also included in this archive:
1 records from ALA species sightings and OzAtlas
1 records from Vertebrate Zoology Division - Ichthyology, Yale Peabody Museum
1 records from The Fish Database of Taiwan
1 records from Oregon State Ichthyology Collection
1 records from FBIP: IZIKO Marine Bony Fish (1884-2013)
1 records from Diversidade e ocorrência de peixes em Inhambane (2009-2017)
1 records from Inventario de Peces del SFF Isla Malpelo, Proyecto Colombia Bio
1 records from Northern Territory Museum and Art Gallery provider for OZCAM
2 records from Fish collection of National Museum of Nature and Science
2 records from Taiwan Fisheries Research Institute – Digital archives of coastal and offshore specimens
2 records from Asia-Pacific Dataset
2 records from Diversidade e ocorrência de peixes na Zambézia (2003-2016)
2 records from Natural History Museum (London) Collection Specimens
3 records from Fisheries Research Laboratory, Mie University
3 records from Field Museum of Natural History (Zoology) Fish Collection
3 records from Formación de una base de datos de la biodiversidad de fauna marina y costera en el Golfo de California
3 records from UF FLMNH Ichthyology
3 records from Occurrence records of southern African aquatic biodiversity
4 records from NMNH Extant Specimen Records
4 records from Canadian Museum of Nature Fish Collection
4 records from CSIRO Ichthyology provider for OZCAM
5 records from Inventario de corales pétreos, anélidos, crustáceos decápodos, moluscos, equinodermos y peces óseos de los arrecifes coralinos de Guerrero y Oaxaca
5 records from Fishbase
5 records from Museum of Comparative Zoology, Harvard University
6 records from Queensland Museum provider for OZCAM
6 records from Bernice P. Bishop Museum
7 records from The fishes collection (IC) of the Muséum national d&apos;Histoire naturelle (MNHN - Paris)
9 records from Fish Collection of Coastal Branch of Natural History Museum and Institute, Chiba
11 records from Western Australian Museum provider for OZCAM
17 records from CAS Ichthyology (ICH)
18 records from LACM Vertebrate Collection
25 records from Australian Museum provider for OZCAM
26 records from Fish specimens of Kagoshima University Museum
39 records from SIO Marine Vertebrate Collection
</para>
    </abstract>
      <contact>
    <individualName>
          <surName>GBIF Download Service</surName>
    </individualName>
<electronicMailAddress>support@gbif.org</electronicMailAddress>      </contact>

</dataset>

<additionalMetadata>
    <metadata>
      <gbif>
        <dateStamp>2020-10-13T09:12:39Z</dateStamp>
      <citation identifier="10.15468/dl.kazgyg">GBIF Occurrence Download 10.15468/dl.kazgyg</citation>
              <physical>
                  <objectName>Darwin Core Archive</objectName>
                  <characterEncoding>UTF-8</characterEncoding>
                  <dataFormat>
                      <externallyDefinedFormat>
                          <formatName>Darwin Core Archive</formatName>
                      </externallyDefinedFormat>
                  </dataFormat>
                  <distribution>
                      <online>
                          <url function="download">http://api.gbif.org/v1/occurrence/download/request/0081599-200613084148143.zip</url>
                      </online>
                  </distribution>
              </physical>
        </gbif>
    </metadata>
</additionalMetadata>

</eml:eml>
