<?xml version="1.0" encoding="utf-8"?>
<eml:eml xmlns:eml="eml://ecoinformatics.org/eml-2.1.1" xmlns:xsi="http://www.w3.org/2001/XMLSchema-instance"
         xsi:schemaLocation="eml://ecoinformatics.org/eml-2.1.1 http://rs.gbif.org/schema/eml-gbif-profile/1.1/eml.xsd"
        packageId="10.15468/dl.su2ner"  system="http://gbif.org" scope="system"
  xml:lang="en">

<dataset>
        <alternateIdentifier>0081698-200613084148143</alternateIdentifier>
    <title>GBIF Occurrence Download 10.15468/dl.su2ner</title>
    <creator>
    <individualName>
          <surName>GBIF Download Service</surName>
    </individualName>
<electronicMailAddress>support@gbif.org</electronicMailAddress>    </creator>
    <metadataProvider>
    <individualName>
          <surName>GBIF Download Service</surName>
    </individualName>
<electronicMailAddress>support@gbif.org</electronicMailAddress>    </metadataProvider>
      <pubDate>
      2020-10-13
      </pubDate>
    <language>ENGLISH</language>
    <abstract>
        <para>A dataset containing all occurrences available in GBIF matching the query:
{
  &quot;and&quot; : [
    &quot;TaxonKey is Parexocoetus mento (Valenciennes, 1847)&quot;,
    &quot;HasCoordinate is true&quot;,
    &quot;HasGeospatialIssue is false&quot;
  ]
}
The dataset includes records from the following constituent datasets. The full metadata for each constituent is also included in this archive:
1 records from UWFC Ichthyology Collection
1 records from Fish collection of National Museum of Nature and Science
1 records from KUBI Ichthyology Collection
1 records from Collection Pisces SMF
1 records from The Fish Database of Taiwan
1 records from Bernice P. Bishop Museum
1 records from CSIRO, Fish Survey, Albatross Bay - Gulf of Capentaria, North Australia, 1986-1988
1 records from National Taiwan Museum
1 records from The Ichthyology Collection at the Staatliches Museum für Naturkunde Stuttgart
1 records from Colección de referencia de otolitos, Instituto de Ciencias del Mar-CSIC
1 records from Taiwan Fisheries Research Institute – Digital archives of coastal and offshore specimens
1 records from Fishbase
1 records from National Museum of Marine Biology and Aquarium
1 records from FBIP: Actinopterygii and Elasmobranchii occurrence record throughout South Africa
1 records from Museums Victoria provider for OZCAM
1 records from University of Michigan Museum of Zoology, Division of Fishes
1 records from SysTax -  Zoological Collections
1 records from Natural History Museum (London) Collection Specimens
2 records from Biological observations from the Dana Expedition Reports
2 records from The Pisces Collection at the Staatssammlung für Anthropologie und Paläoanatomie München
2 records from CSIRO, Benthic Plant Invertebrate and Fish Biodiversity, Great Barrier Reef, Northeast Australia, 2003-2006
2 records from Museum of Comparative Zoology, Harvard University
2 records from Diveboard - Scuba diving citizen science observations
3 records from The fishes collection (IC) of the Muséum national d&apos;Histoire naturelle (MNHN - Paris)
4 records from Fisheries Research Laboratory, Mie University
4 records from Geographically tagged INSDC sequences
4 records from FBIP: IZIKO Marine Bony Fish (1884-2013)
4 records from LACM Vertebrate Collection
4 records from Western Australian Museum provider for OZCAM
5 records from Ichthyology Collection - Royal Ontario Museum
7 records from SIO Marine Vertebrate Collection
10 records from NMNH Extant Specimen Records
12 records from International Barcode of Life project (iBOL)
16 records from Queensland Museum provider for OZCAM
18 records from Occurrence records of southern African aquatic biodiversity
19 records from Northern Territory Museum and Art Gallery provider for OZCAM
24 records from CSIRO Ichthyology provider for OZCAM
39 records from Australian Museum provider for OZCAM
62 records from CAS Ichthyology (ICH)
70 records from Fish specimens of Kagoshima University Museum
</para>
    </abstract>
      <contact>
    <individualName>
          <surName>GBIF Download Service</surName>
    </individualName>
<electronicMailAddress>support@gbif.org</electronicMailAddress>      </contact>

</dataset>

<additionalMetadata>
    <metadata>
      <gbif>
        <dateStamp>2020-10-13T10:38:05Z</dateStamp>
      <citation identifier="10.15468/dl.su2ner">GBIF Occurrence Download 10.15468/dl.su2ner</citation>
              <physical>
                  <objectName>Darwin Core Archive</objectName>
                  <characterEncoding>UTF-8</characterEncoding>
                  <dataFormat>
                      <externallyDefinedFormat>
                          <formatName>Darwin Core Archive</formatName>
                      </externallyDefinedFormat>
                  </dataFormat>
                  <distribution>
                      <online>
                          <url function="download">http://api.gbif.org/v1/occurrence/download/request/0081698-200613084148143.zip</url>
                      </online>
                  </distribution>
              </physical>
        </gbif>
    </metadata>
</additionalMetadata>

</eml:eml>
