<?xml version="1.0" encoding="utf-8"?>
<eml:eml xmlns:eml="eml://ecoinformatics.org/eml-2.1.1" xmlns:xsi="http://www.w3.org/2001/XMLSchema-instance"
         xsi:schemaLocation="eml://ecoinformatics.org/eml-2.1.1 http://rs.gbif.org/schema/eml-gbif-profile/1.1/eml.xsd"
        packageId="e3004062-f320-4d91-8192-3ec889e468dc"  system="http://gbif.org" scope="system"
  xml:lang="en">

<dataset>
      <alternateIdentifier>10.15468/zyxxue</alternateIdentifier>
        <alternateIdentifier>https://registry.nbnatlas.org/public/show/dr1767</alternateIdentifier>
        <alternateIdentifier>7e68b430-a321-3b9b-85c5-aaaf37af43a7</alternateIdentifier>
    <title>Kent Wildlife Trust Shoresearch Intertidal Survey 2004 onwards</title>
    <creator>
<organizationName>Kent Wildlife Trust</organizationName>    <address>
<deliveryPoint>Tyland Barn, Sandling</deliveryPoint><city>Maidstone</city><administrativeArea>Kent</administrativeArea><postalCode>ME14 3BD</postalCode>    </address>
<onlineUrl>http://www.kentwildlifetrust.org.uk</onlineUrl>    </creator>
    <metadataProvider>
<organizationName>Kent Wildlife Trust</organizationName>    <address>
<deliveryPoint>Tyland Barn, Sandling</deliveryPoint><city>Maidstone</city><administrativeArea>Kent</administrativeArea><postalCode>ME14 3BD</postalCode>    </address>
<onlineUrl>http://www.kentwildlifetrust.org.uk</onlineUrl>    </metadataProvider>
    <associatedParty>
<organizationName>NBN Atlas</organizationName>    <address>
<deliveryPoint>Unit F, 14 - 18 St Mary&apos;s Gate, Lace Market</deliveryPoint><city>Nottingham</city><administrativeArea>Nottinghamshire</administrativeArea><postalCode>NG1 1PF</postalCode><country>UNITED_KINGDOM</country>    </address>
<electronicMailAddress>admin@nbnatlas.org</electronicMailAddress>    <role>DISTRIBUTOR</role>
    </associatedParty>
      <pubDate>
      2018-07-02
      </pubDate>
    <language>ENGLISH</language>
    <abstract>
        <para>This dataset consists of intertidal habitat and species records made by Kent Wildlife Trust and its trained Shoresearch volunteer surveyors.  The data collection follows Kent Wildlife Trust&amp;#39;s Shoresearch survey methods which range from walkover biodiversity surveys to transect and quadrat surveys, with species abundance normally recorded using the semi-quantitative SACFOR scale.  Data has been entered and verified by Kent Wildlife Trust.</para>
    </abstract>
      <additionalInfo>
          <para>Full data are held in the national Marine Recorder database, both centrally with JNCC (public snapshot: http://jncc.defra.gov.uk/page-1599), and locally at Kent Wildlife Trust.  This contains further survey and habitat data relating to the species records. Further information is available from the marine team at Kent Wildlife Trust, via info@kentwildlife.org.uk and our website: www.kentwildlifetrust.org.uk.</para>
      </additionalInfo>
      <intellectualRights>
        <para>This work is licensed under a <ulink url="http://creativecommons.org/licenses/by-nc/4.0/legalcode"><citetitle>Creative Commons Attribution Non Commercial (CC-BY-NC) 4.0 License</citetitle></ulink>.</para>
      </intellectualRights>
      <distribution scope="document">
          <online>
              <url function="information">https://registry.nbnatlas.org/public/show/dr1767</url>
          </online>
      </distribution>
      <purpose>
          <para>To provide reliable data on intertidal habitats and species around the Kent coast.</para>
      </purpose>
      <contact>
    <individualName>
<givenName>Bryony</givenName>          <surName>Chapman</surName>
    </individualName>
<electronicMailAddress>bryony.chapman@kentwildlife.org.uk</electronicMailAddress>      </contact>
      <methods>
            <methodStep>
                <description>
                    <para>Data collection is carried out using a suite of standard Kent Wildlife Trust Shoresearch survey methods designed to collect records of the species present within each habitat or biotope zone on the shore: Walkover biodiversity survey, recording as far as possible the full range of species present on the shore (identifiable in the field) with an abundance rating; Transect survey, recording the extent of each biotope zone down the shore, and the abundance of the characterising and other species in each zone in a 20m wide strip down the shore;  Quadrat surveys, recording the physical habitat and abundance of all species within 1m2 quadrats in each biotope zone.  Timed species searches are undertaken for key species (invasive non-native and climate change indicator species).  Marine biologist staff train and guide volunteers in species identification, and verify all records on site and/or during data entry to Marine Recorder database.</para>
                </description>
            </methodStep>
            <qualityControl>
                <description>
                    <para>Data have been collected on events attended by Kent Wildlife Trust&apos;s marine staff, with the help of volunteers who include professional experts (eg NHM algae expert), and citizen scientists, some of whom are very knowledgeable amateurs.  Volunteers receive formal training and coaching in the field.   Older data have not been reassessed in light of subsequent taxonomic changes, though they are modified through the species dictionaries contained within Marine Recorder. Species not previously recorded in Kent are checked with experts. The dataset has been checked using NBN Record Cleaner and records checked as being outside their known range have been confirmed by KWT as having been checked by local experts.  Some records have been included in the dataset with an &apos;uncertain&apos; flag, so this should be checked for any unusual species.  In addition, several records are of dead animals, drift species or empty shells, and these are routinely flagged up as &apos;dead&apos; from 2010 onwards, but the Marine Recorder&apos;s species &apos;qualifer&apos; field containing this information for records prior to 2010 has been omitted in the export tool. Reference can be made to JNCC&apos;s Marine Recorder public snapshot for full details: http://jncc.defra.gov.uk/page-1599.</para>
                </description>
            </qualityControl>
      </methods>

</dataset>

<additionalMetadata>
    <metadata>
      <gbif>
        <dateStamp>2020-10-08T10:32:43Z</dateStamp>
      <citation>Kent Wildlife Trust (2018). Kent Wildlife Trust Shoresearch Intertidal Survey 2004 onwards. Occurrence dataset https://doi.org/10.15468/zyxxue accessed via GBIF.org on 2020-10-08.</citation>
              <resourceLogoUrl>https://registry.nbnatlas.org/data/dataProvider/KWT_cmyk.jpg</resourceLogoUrl>
        </gbif>
    </metadata>
</additionalMetadata>

</eml:eml>
