<?xml version="1.0" encoding="utf-8"?>
<eml:eml xmlns:eml="eml://ecoinformatics.org/eml-2.1.1" xmlns:xsi="http://www.w3.org/2001/XMLSchema-instance"
         xsi:schemaLocation="eml://ecoinformatics.org/eml-2.1.1 http://rs.gbif.org/schema/eml-gbif-profile/1.1/eml.xsd"
        packageId="80540bc4-f762-11e1-a439-00145eb45e9a"  system="http://gbif.org" scope="system"
  xml:lang="es">

<dataset>
      <alternateIdentifier>10.15468/i29dpq</alternateIdentifier>
        <alternateIdentifier>http://www.snib.mx/iptconabio/resource?r=SNIB-H128</alternateIdentifier>
        <alternateIdentifier>http://www.snib.mx/iptconabio/resource?r=SNIB-H128-H128710F-ND</alternateIdentifier>
        <alternateIdentifier>80540bc4-f762-11e1-a439-00145eb45e9a</alternateIdentifier>
        <alternateIdentifier>13295</alternateIdentifier>
    <title>Diversidad de peces de las lagunas costeras de Pueblo Viejo y el Mango, Veracruz</title>
    <creator>
    <individualName>
<givenName>Manuel</givenName>          <surName>Castillo Rivera</surName>
    </individualName>
<organizationName>Universidad Autónoma MetropolitanaUnidad IztapalapaDivisión de Ciencias Biológicas y de la SaludDepartamento de Biología</organizationName><positionName>Responsable</positionName>    <address>
<city>de México</city><administrativeArea>Distrito Federal</administrativeArea><postalCode>09340</postalCode><country>MEXICO</country>    </address>
<phone>58046488</phone><electronicMailAddress>crma@xanum.uam.mx</electronicMailAddress>    </creator>
    <metadataProvider>
    <individualName>
<givenName>CONABIO</givenName>          <surName>Comisión nacional para el conocimiento y uso de la biodiversidad</surName>
    </individualName>
<organizationName>Comisión Nacional para el Conocimiento y Uso de la Biodiversidad</organizationName><positionName>Dirección General de Sistemas</positionName>    <address>
<deliveryPoint>Liga Periférico-Insurgentes Sur No. 4903, Col. Parques del Pedregal</deliveryPoint><city>MÉXICO</city><administrativeArea>Tlalpan</administrativeArea><postalCode>14010</postalCode><country>MEXICO</country>    </address>
<phone>50045000</phone><electronicMailAddress>patricia.ramos@conabio.gob.mx</electronicMailAddress><onlineUrl>https://www.gob.mx/conabio</onlineUrl>    </metadataProvider>
      <pubDate>
      2020-05-30
      </pubDate>
    <language>SPANISH</language>
    <abstract>
        <para>&lt;p&gt;Durante el desarrollo del proyecto, se estudiaron las ictiofaunas de la laguna de Pueblo Viejo y el Mango, en el norte del estado de Veracruz. Por su ubicación en la República Mexicana, ambas lagunas presentan un enorme interés zoogeográfico, dado que se encuentran cercanas al límite entre la provincia carolineana (Región Templada del Atlántico Norteamericano) y la caribeña (Región Tropical del Atlántico Occidental). El estudio comprendió muestreos diurnos mensuales durante 19 meses y muestreos bimestrales en ciclos de 24 horas en ambientes con vegetación sumergida, durante un año más. En la laguna El Mango, se capturaron un total de 23 especies correspondiendo a 20 géneros, 13 familias y 7 órdenes. En esta laguna las familias mejor representadas  fueron, Sciaenidae, Gerreidae, Clupeidae y Ariidae. Las familias restantes tuvieron un género y una sola especie. En la laguna de Pueblo Viejo, se capturaron un total de 76 especies, correspondiendo a  61 géneros, 35 familias y 14 órdenes. Las familias mejor representadas fueron, Sciaenidae, Gobiidae, Carangidae, Eleotridae y Gerreidae. Las familias menos representadas fueron Dasyatidae, Elopidae, Characidae, Hemirhamphidae, Cyprinodontidae, Poeciliidae, Serranidae, Lutjanidae, Ephippidae, Cichlidae, Blenniidae, Trichiuridae, Scombridae, Stromateidae, Bothidae, Soleidae y Tetraodontidae, las cuales tuvieron un género y una sola especie. En algunos casos, se discuten problemas de determinación taxonómica y sinonimias. Con relación a los principales componentes ecológicos, se encontraron los tres más importantes, el dulceacuícola (Characidae, Cyprinodontidae, Poeciliidae y Cichlidae), el estuarino (Ariidae y Gerreidae) y el marino (Serranidae, Bothidae y Soleidae). Asimismo, en las lagunas existen representantes típicos tanto de zonas cálido templadas (Sparidae, Sciaenidae y Haemulidae), como tropicales (Gobiidae). Adicionalmente se presentan un &amp;#34;Análisis zoogeográfico y análisis del comportamiento espacio-temporal de la diversidad de las ictiofaunas estudiadas&amp;#34;. En estos análisis, se puede apreciar que el ambiente físico presenta poca influencia directa sobre los parámetros de la comunidad de peces. Espacialmente, la riqueza y diversidad de especies, fueron  mayores en las zonas con R. marítima y cercanas a la boca de la laguna, y bajo condiciones de estabilidad ambiental. Estos parámetros permanecieron relativamente estables estacionalmente, influenciándolos ligeramente la temperatura, precipitación, procesos productivos y estabilidad ambiental. Así, la composición de especies, tendió a ser más estable estacionalmente y a mostrar mayores variaciones espacialmente, lo que indica que los factores que principalmente influyen a la comunidad espacialmente (como la vegetación sumergida), juegan un papel mas importante en la determinación de la estructura de la comunidad, que aquellos que tienen una incidencia estacional.&lt;/p&gt;
&lt;p&gt;Reino: 1
Filo: 1
Clase: 2
Orden: 23
Familia: 35
Género: 61
Especie: 73&lt;/p&gt;</para>
    </abstract>
        <keywordSet>
              <keyword>Occurrence</keyword>
              <keywordThesaurus>GBIF Dataset Type Vocabulary: http://rs.gbif.org/vocabulary/gbif/dataset_type.xml</keywordThesaurus>
        </keywordSet>
        <keywordSet>
              <keyword>Specimen</keyword>
              <keywordThesaurus>GBIF Dataset Subtype Vocabulary: http://rs.gbif.org/vocabulary/gbif/dataset_subtype.xml</keywordThesaurus>
        </keywordSet>
        <keywordSet>
              <keyword>Peces</keyword>
              <keywordThesaurus>N/A</keywordThesaurus>
        </keywordSet>
      <intellectualRights>
        <para>This work is licensed under a <ulink url="http://creativecommons.org/licenses/by/4.0/legalcode"><citetitle>Creative Commons Attribution (CC-BY) 4.0 License</citetitle></ulink>.</para>
      </intellectualRights>
      <distribution scope="document">
          <online>
              <url function="information">http://www.snib.mx/proyectos/cgi-bin/datos2.cgi?Letras=H&amp;Numero=128</url>
          </online>
      </distribution>
      <coverage>
            <geographicCoverage>
                  <geographicDescription>País: MEXICO (VERACRUZ DE IGNACIO DE LA LLAVE)</geographicDescription>
                  <boundingCoordinates>
                      <westBoundingCoordinate>-97.926</westBoundingCoordinate>
                      <eastBoundingCoordinate>-97.812</eastBoundingCoordinate>
                      <northBoundingCoordinate>22.228</northBoundingCoordinate>
                      <southBoundingCoordinate>22.093</southBoundingCoordinate>
                  </boundingCoordinates>
            </geographicCoverage>
          <temporalCoverage>
            <rangeOfDates>
              <beginDate>
                <calendarDate>      1987-08-22
</calendarDate>
              </beginDate>
              <endDate>
                <calendarDate>      1990-08-04
</calendarDate>
              </endDate>
            </rangeOfDates>
          </temporalCoverage>
              <taxonomicCoverage>
                    <generalTaxonomicCoverage>Reino: Animalia
Filo: Chordata
Clase: Osteichthyes, Chondrichthyes
Orden: Clupeiformes, Mugiliformes, Acanthuriformes, Perciformes, Pleuronectiformes, Beloniformes, Cyprinodontiformes, Gobiiformes, Atheriniformes, Carangiformes, Siluriformes, Syngnathiformes, Cichliformes, Spariformes, Batrachoidiformes, Scombriformes, Elopiformes, Anguilliformes, Tetraodontiformes, Moroniformes, Blenniiformes, Myliobatiformes, Characiformes
Familia: Clupeidae, Mugilidae, Sciaenidae, Gerreidae, Paralichthyidae, Centropomidae, Belonidae, Engraulidae, Fundulidae, Gobiidae, Atherinopsidae, Eleotridae, Carangidae, Haemulidae, Ariidae, Syngnathidae, Cichlidae, Cynoglossidae, Sparidae, Batrachoididae, Stromateidae, Trichiuridae, Lutjanidae, Elopidae, Ophichthidae, Tetraodontidae, Hemiramphidae, Ephippidae, Blenniidae, Dasyatidae, Poeciliidae, Achiridae, Scombridae, Serranidae, Characidae</generalTaxonomicCoverage>
                    <taxonomicClassification>
                          <taxonRankName>Kingdom</taxonRankName>
                        <taxonRankValue>Animalia</taxonRankValue>
                    </taxonomicClassification>
                    <taxonomicClassification>
                          <taxonRankName>Phylum</taxonRankName>
                        <taxonRankValue>Chordata</taxonRankValue>
                    </taxonomicClassification>
                    <taxonomicClassification>
                          <taxonRankName>Class</taxonRankName>
                        <taxonRankValue>Osteichthyes</taxonRankValue>
                    </taxonomicClassification>
                    <taxonomicClassification>
                          <taxonRankName>Class</taxonRankName>
                        <taxonRankValue>Chondrichthyes</taxonRankValue>
                    </taxonomicClassification>
                    <taxonomicClassification>
                          <taxonRankName>Order</taxonRankName>
                        <taxonRankValue>Clupeiformes</taxonRankValue>
                    </taxonomicClassification>
                    <taxonomicClassification>
                          <taxonRankName>Order</taxonRankName>
                        <taxonRankValue>Mugiliformes</taxonRankValue>
                    </taxonomicClassification>
                    <taxonomicClassification>
                          <taxonRankName>Order</taxonRankName>
                        <taxonRankValue>Acanthuriformes</taxonRankValue>
                    </taxonomicClassification>
                    <taxonomicClassification>
                          <taxonRankName>Order</taxonRankName>
                        <taxonRankValue>Perciformes</taxonRankValue>
                    </taxonomicClassification>
                    <taxonomicClassification>
                          <taxonRankName>Order</taxonRankName>
                        <taxonRankValue>Pleuronectiformes</taxonRankValue>
                    </taxonomicClassification>
                    <taxonomicClassification>
                          <taxonRankName>Order</taxonRankName>
                        <taxonRankValue>Beloniformes</taxonRankValue>
                    </taxonomicClassification>
                    <taxonomicClassification>
                          <taxonRankName>Order</taxonRankName>
                        <taxonRankValue>Cyprinodontiformes</taxonRankValue>
                    </taxonomicClassification>
                    <taxonomicClassification>
                          <taxonRankName>Order</taxonRankName>
                        <taxonRankValue>Gobiiformes</taxonRankValue>
                    </taxonomicClassification>
                    <taxonomicClassification>
                          <taxonRankName>Order</taxonRankName>
                        <taxonRankValue>Atheriniformes</taxonRankValue>
                    </taxonomicClassification>
                    <taxonomicClassification>
                          <taxonRankName>Order</taxonRankName>
                        <taxonRankValue>Carangiformes</taxonRankValue>
                    </taxonomicClassification>
                    <taxonomicClassification>
                          <taxonRankName>Order</taxonRankName>
                        <taxonRankValue>Siluriformes</taxonRankValue>
                    </taxonomicClassification>
                    <taxonomicClassification>
                          <taxonRankName>Order</taxonRankName>
                        <taxonRankValue>Syngnathiformes</taxonRankValue>
                    </taxonomicClassification>
                    <taxonomicClassification>
                          <taxonRankName>Order</taxonRankName>
                        <taxonRankValue>Cichliformes</taxonRankValue>
                    </taxonomicClassification>
                    <taxonomicClassification>
                          <taxonRankName>Order</taxonRankName>
                        <taxonRankValue>Spariformes</taxonRankValue>
                    </taxonomicClassification>
                    <taxonomicClassification>
                          <taxonRankName>Order</taxonRankName>
                        <taxonRankValue>Batrachoidiformes</taxonRankValue>
                    </taxonomicClassification>
                    <taxonomicClassification>
                          <taxonRankName>Order</taxonRankName>
                        <taxonRankValue>Scombriformes</taxonRankValue>
                    </taxonomicClassification>
                    <taxonomicClassification>
                          <taxonRankName>Order</taxonRankName>
                        <taxonRankValue>Elopiformes</taxonRankValue>
                    </taxonomicClassification>
                    <taxonomicClassification>
                          <taxonRankName>Order</taxonRankName>
                        <taxonRankValue>Anguilliformes</taxonRankValue>
                    </taxonomicClassification>
                    <taxonomicClassification>
                          <taxonRankName>Order</taxonRankName>
                        <taxonRankValue>Tetraodontiformes</taxonRankValue>
                    </taxonomicClassification>
                    <taxonomicClassification>
                          <taxonRankName>Order</taxonRankName>
                        <taxonRankValue>Moroniformes</taxonRankValue>
                    </taxonomicClassification>
                    <taxonomicClassification>
                          <taxonRankName>Order</taxonRankName>
                        <taxonRankValue>Blenniiformes</taxonRankValue>
                    </taxonomicClassification>
                    <taxonomicClassification>
                          <taxonRankName>Order</taxonRankName>
                        <taxonRankValue>Myliobatiformes</taxonRankValue>
                    </taxonomicClassification>
                    <taxonomicClassification>
                          <taxonRankName>Order</taxonRankName>
                        <taxonRankValue>Characiformes</taxonRankValue>
                    </taxonomicClassification>
                    <taxonomicClassification>
                          <taxonRankName>Family</taxonRankName>
                        <taxonRankValue>Clupeidae</taxonRankValue>
                    </taxonomicClassification>
                    <taxonomicClassification>
                          <taxonRankName>Family</taxonRankName>
                        <taxonRankValue>Mugilidae</taxonRankValue>
                    </taxonomicClassification>
                    <taxonomicClassification>
                          <taxonRankName>Family</taxonRankName>
                        <taxonRankValue>Sciaenidae</taxonRankValue>
                    </taxonomicClassification>
                    <taxonomicClassification>
                          <taxonRankName>Family</taxonRankName>
                        <taxonRankValue>Gerreidae</taxonRankValue>
                    </taxonomicClassification>
                    <taxonomicClassification>
                          <taxonRankName>Family</taxonRankName>
                        <taxonRankValue>Paralichthyidae</taxonRankValue>
                    </taxonomicClassification>
                    <taxonomicClassification>
                          <taxonRankName>Family</taxonRankName>
                        <taxonRankValue>Centropomidae</taxonRankValue>
                    </taxonomicClassification>
                    <taxonomicClassification>
                          <taxonRankName>Family</taxonRankName>
                        <taxonRankValue>Belonidae</taxonRankValue>
                    </taxonomicClassification>
                    <taxonomicClassification>
                          <taxonRankName>Family</taxonRankName>
                        <taxonRankValue>Engraulidae</taxonRankValue>
                    </taxonomicClassification>
                    <taxonomicClassification>
                          <taxonRankName>Family</taxonRankName>
                        <taxonRankValue>Fundulidae</taxonRankValue>
                    </taxonomicClassification>
                    <taxonomicClassification>
                          <taxonRankName>Family</taxonRankName>
                        <taxonRankValue>Gobiidae</taxonRankValue>
                    </taxonomicClassification>
                    <taxonomicClassification>
                          <taxonRankName>Family</taxonRankName>
                        <taxonRankValue>Atherinopsidae</taxonRankValue>
                    </taxonomicClassification>
                    <taxonomicClassification>
                          <taxonRankName>Family</taxonRankName>
                        <taxonRankValue>Eleotridae</taxonRankValue>
                    </taxonomicClassification>
                    <taxonomicClassification>
                          <taxonRankName>Family</taxonRankName>
                        <taxonRankValue>Carangidae</taxonRankValue>
                    </taxonomicClassification>
                    <taxonomicClassification>
                          <taxonRankName>Family</taxonRankName>
                        <taxonRankValue>Haemulidae</taxonRankValue>
                    </taxonomicClassification>
                    <taxonomicClassification>
                          <taxonRankName>Family</taxonRankName>
                        <taxonRankValue>Ariidae</taxonRankValue>
                    </taxonomicClassification>
                    <taxonomicClassification>
                          <taxonRankName>Family</taxonRankName>
                        <taxonRankValue>Syngnathidae</taxonRankValue>
                    </taxonomicClassification>
                    <taxonomicClassification>
                          <taxonRankName>Family</taxonRankName>
                        <taxonRankValue>Cichlidae</taxonRankValue>
                    </taxonomicClassification>
                    <taxonomicClassification>
                          <taxonRankName>Family</taxonRankName>
                        <taxonRankValue>Cynoglossidae</taxonRankValue>
                    </taxonomicClassification>
                    <taxonomicClassification>
                          <taxonRankName>Family</taxonRankName>
                        <taxonRankValue>Sparidae</taxonRankValue>
                    </taxonomicClassification>
                    <taxonomicClassification>
                          <taxonRankName>Family</taxonRankName>
                        <taxonRankValue>Batrachoididae</taxonRankValue>
                    </taxonomicClassification>
                    <taxonomicClassification>
                          <taxonRankName>Family</taxonRankName>
                        <taxonRankValue>Stromateidae</taxonRankValue>
                    </taxonomicClassification>
                    <taxonomicClassification>
                          <taxonRankName>Family</taxonRankName>
                        <taxonRankValue>Trichiuridae</taxonRankValue>
                    </taxonomicClassification>
                    <taxonomicClassification>
                          <taxonRankName>Family</taxonRankName>
                        <taxonRankValue>Lutjanidae</taxonRankValue>
                    </taxonomicClassification>
                    <taxonomicClassification>
                          <taxonRankName>Family</taxonRankName>
                        <taxonRankValue>Elopidae</taxonRankValue>
                    </taxonomicClassification>
                    <taxonomicClassification>
                          <taxonRankName>Family</taxonRankName>
                        <taxonRankValue>Ophichthidae</taxonRankValue>
                    </taxonomicClassification>
                    <taxonomicClassification>
                          <taxonRankName>Family</taxonRankName>
                        <taxonRankValue>Tetraodontidae</taxonRankValue>
                    </taxonomicClassification>
                    <taxonomicClassification>
                          <taxonRankName>Family</taxonRankName>
                        <taxonRankValue>Hemiramphidae</taxonRankValue>
                    </taxonomicClassification>
                    <taxonomicClassification>
                          <taxonRankName>Family</taxonRankName>
                        <taxonRankValue>Ephippidae</taxonRankValue>
                    </taxonomicClassification>
                    <taxonomicClassification>
                          <taxonRankName>Family</taxonRankName>
                        <taxonRankValue>Blenniidae</taxonRankValue>
                    </taxonomicClassification>
                    <taxonomicClassification>
                          <taxonRankName>Family</taxonRankName>
                        <taxonRankValue>Dasyatidae</taxonRankValue>
                    </taxonomicClassification>
                    <taxonomicClassification>
                          <taxonRankName>Family</taxonRankName>
                        <taxonRankValue>Poeciliidae</taxonRankValue>
                    </taxonomicClassification>
                    <taxonomicClassification>
                          <taxonRankName>Family</taxonRankName>
                        <taxonRankValue>Achiridae</taxonRankValue>
                    </taxonomicClassification>
                    <taxonomicClassification>
                          <taxonRankName>Family</taxonRankName>
                        <taxonRankValue>Scombridae</taxonRankValue>
                    </taxonomicClassification>
                    <taxonomicClassification>
                          <taxonRankName>Family</taxonRankName>
                        <taxonRankValue>Serranidae</taxonRankValue>
                    </taxonomicClassification>
                    <taxonomicClassification>
                          <taxonRankName>Family</taxonRankName>
                        <taxonRankValue>Characidae</taxonRankValue>
                    </taxonomicClassification>
                    <taxonomicClassification>
                          <taxonRankName>Genus</taxonRankName>
                        <taxonRankValue>Brevoortia</taxonRankValue>
                    </taxonomicClassification>
                    <taxonomicClassification>
                          <taxonRankName>Genus</taxonRankName>
                        <taxonRankValue>Mugil</taxonRankValue>
                    </taxonomicClassification>
                    <taxonomicClassification>
                          <taxonRankName>Genus</taxonRankName>
                        <taxonRankValue>Bairdiella</taxonRankValue>
                    </taxonomicClassification>
                    <taxonomicClassification>
                          <taxonRankName>Genus</taxonRankName>
                        <taxonRankValue>Cynoscion</taxonRankValue>
                    </taxonomicClassification>
                    <taxonomicClassification>
                          <taxonRankName>Genus</taxonRankName>
                        <taxonRankValue>Diapterus</taxonRankValue>
                    </taxonomicClassification>
                    <taxonomicClassification>
                          <taxonRankName>Genus</taxonRankName>
                        <taxonRankValue>Citharichthys</taxonRankValue>
                    </taxonomicClassification>
                    <taxonomicClassification>
                          <taxonRankName>Genus</taxonRankName>
                        <taxonRankValue>Centropomus</taxonRankValue>
                    </taxonomicClassification>
                    <taxonomicClassification>
                          <taxonRankName>Genus</taxonRankName>
                        <taxonRankValue>Strongylura</taxonRankValue>
                    </taxonomicClassification>
                    <taxonomicClassification>
                          <taxonRankName>Genus</taxonRankName>
                        <taxonRankValue>Anchoa</taxonRankValue>
                    </taxonomicClassification>
                    <taxonomicClassification>
                          <taxonRankName>Genus</taxonRankName>
                        <taxonRankValue>Fundulus</taxonRankValue>
                    </taxonomicClassification>
                    <taxonomicClassification>
                          <taxonRankName>Genus</taxonRankName>
                        <taxonRankValue>Gobionellus</taxonRankValue>
                    </taxonomicClassification>
                    <taxonomicClassification>
                          <taxonRankName>Genus</taxonRankName>
                        <taxonRankValue>Membras</taxonRankValue>
                    </taxonomicClassification>
                    <taxonomicClassification>
                          <taxonRankName>Genus</taxonRankName>
                        <taxonRankValue>Eleotris</taxonRankValue>
                    </taxonomicClassification>
                    <taxonomicClassification>
                          <taxonRankName>Genus</taxonRankName>
                        <taxonRankValue>Menidia</taxonRankValue>
                    </taxonomicClassification>
                    <taxonomicClassification>
                          <taxonRankName>Genus</taxonRankName>
                        <taxonRankValue>Caranx</taxonRankValue>
                    </taxonomicClassification>
                    <taxonomicClassification>
                          <taxonRankName>Genus</taxonRankName>
                        <taxonRankValue>Pogonias</taxonRankValue>
                    </taxonomicClassification>
                    <taxonomicClassification>
                          <taxonRankName>Genus</taxonRankName>
                        <taxonRankValue>Orthopristis</taxonRankValue>
                    </taxonomicClassification>
                    <taxonomicClassification>
                          <taxonRankName>Genus</taxonRankName>
                        <taxonRankValue>Cathorops</taxonRankValue>
                    </taxonomicClassification>
                    <taxonomicClassification>
                          <taxonRankName>Genus</taxonRankName>
                        <taxonRankValue>Bagre</taxonRankValue>
                    </taxonomicClassification>
                    <taxonomicClassification>
                          <taxonRankName>Genus</taxonRankName>
                        <taxonRankValue>Syngnathus</taxonRankValue>
                    </taxonomicClassification>
                    <taxonomicClassification>
                          <taxonRankName>Genus</taxonRankName>
                        <taxonRankValue>Oreochromis</taxonRankValue>
                    </taxonomicClassification>
                    <taxonomicClassification>
                          <taxonRankName>Genus</taxonRankName>
                        <taxonRankValue>Cetengraulis</taxonRankValue>
                    </taxonomicClassification>
                    <taxonomicClassification>
                          <taxonRankName>Genus</taxonRankName>
                        <taxonRankValue>Symphurus</taxonRankValue>
                    </taxonomicClassification>
                    <taxonomicClassification>
                          <taxonRankName>Genus</taxonRankName>
                        <taxonRankValue>Lagodon</taxonRankValue>
                    </taxonomicClassification>
                    <taxonomicClassification>
                          <taxonRankName>Genus</taxonRankName>
                        <taxonRankValue>Dorosoma</taxonRankValue>
                    </taxonomicClassification>
                    <taxonomicClassification>
                          <taxonRankName>Genus</taxonRankName>
                        <taxonRankValue>Eugerres</taxonRankValue>
                    </taxonomicClassification>
                    <taxonomicClassification>
                          <taxonRankName>Genus</taxonRankName>
                        <taxonRankValue>Opsanus</taxonRankValue>
                    </taxonomicClassification>
                    <taxonomicClassification>
                          <taxonRankName>Genus</taxonRankName>
                        <taxonRankValue>Ariopsis</taxonRankValue>
                    </taxonomicClassification>
                    <taxonomicClassification>
                          <taxonRankName>Genus</taxonRankName>
                        <taxonRankValue>Archosargus</taxonRankValue>
                    </taxonomicClassification>
                    <taxonomicClassification>
                          <taxonRankName>Genus</taxonRankName>
                        <taxonRankValue>Oligoplites</taxonRankValue>
                    </taxonomicClassification>
                    <taxonomicClassification>
                          <taxonRankName>Genus</taxonRankName>
                        <taxonRankValue>Micropogonias</taxonRankValue>
                    </taxonomicClassification>
                    <taxonomicClassification>
                          <taxonRankName>Genus</taxonRankName>
                        <taxonRankValue>Leiostomus</taxonRankValue>
                    </taxonomicClassification>
                    <taxonomicClassification>
                          <taxonRankName>Genus</taxonRankName>
                        <taxonRankValue>Evorthodus</taxonRankValue>
                    </taxonomicClassification>
                    <taxonomicClassification>
                          <taxonRankName>Genus</taxonRankName>
                        <taxonRankValue>Dormitator</taxonRankValue>
                    </taxonomicClassification>
                    <taxonomicClassification>
                          <taxonRankName>Genus</taxonRankName>
                        <taxonRankValue>Gobiosoma</taxonRankValue>
                    </taxonomicClassification>
                    <taxonomicClassification>
                          <taxonRankName>Genus</taxonRankName>
                        <taxonRankValue>Peprilus</taxonRankValue>
                    </taxonomicClassification>
                    <taxonomicClassification>
                          <taxonRankName>Genus</taxonRankName>
                        <taxonRankValue>Trichiurus</taxonRankValue>
                    </taxonomicClassification>
                    <taxonomicClassification>
                          <taxonRankName>Genus</taxonRankName>
                        <taxonRankValue>Lutjanus</taxonRankValue>
                    </taxonomicClassification>
                    <taxonomicClassification>
                          <taxonRankName>Genus</taxonRankName>
                        <taxonRankValue>Elops</taxonRankValue>
                    </taxonomicClassification>
                    <taxonomicClassification>
                          <taxonRankName>Genus</taxonRankName>
                        <taxonRankValue>Eucinostomus</taxonRankValue>
                    </taxonomicClassification>
                    <taxonomicClassification>
                          <taxonRankName>Genus</taxonRankName>
                        <taxonRankValue>Gobiomorus</taxonRankValue>
                    </taxonomicClassification>
                    <taxonomicClassification>
                          <taxonRankName>Genus</taxonRankName>
                        <taxonRankValue>Myrophis</taxonRankValue>
                    </taxonomicClassification>
                    <taxonomicClassification>
                          <taxonRankName>Genus</taxonRankName>
                        <taxonRankValue>Pomadasys</taxonRankValue>
                    </taxonomicClassification>
                    <taxonomicClassification>
                          <taxonRankName>Genus</taxonRankName>
                        <taxonRankValue>Bathygobius</taxonRankValue>
                    </taxonomicClassification>
                    <taxonomicClassification>
                          <taxonRankName>Genus</taxonRankName>
                        <taxonRankValue>Sphoeroides</taxonRankValue>
                    </taxonomicClassification>
                    <taxonomicClassification>
                          <taxonRankName>Genus</taxonRankName>
                        <taxonRankValue>Hyporhamphus</taxonRankValue>
                    </taxonomicClassification>
                    <taxonomicClassification>
                          <taxonRankName>Genus</taxonRankName>
                        <taxonRankValue>Gobioides</taxonRankValue>
                    </taxonomicClassification>
                    <taxonomicClassification>
                          <taxonRankName>Genus</taxonRankName>
                        <taxonRankValue>Chaetodipterus</taxonRankValue>
                    </taxonomicClassification>
                    <taxonomicClassification>
                          <taxonRankName>Genus</taxonRankName>
                        <taxonRankValue>Hypsoblennius</taxonRankValue>
                    </taxonomicClassification>
                    <taxonomicClassification>
                          <taxonRankName>Genus</taxonRankName>
                        <taxonRankValue>Dasyatis</taxonRankValue>
                    </taxonomicClassification>
                    <taxonomicClassification>
                          <taxonRankName>Genus</taxonRankName>
                        <taxonRankValue>Poecilia</taxonRankValue>
                    </taxonomicClassification>
                    <taxonomicClassification>
                          <taxonRankName>Genus</taxonRankName>
                        <taxonRankValue>Erotelis</taxonRankValue>
                    </taxonomicClassification>
                    <taxonomicClassification>
                          <taxonRankName>Genus</taxonRankName>
                        <taxonRankValue>Selene</taxonRankValue>
                    </taxonomicClassification>
                    <taxonomicClassification>
                          <taxonRankName>Genus</taxonRankName>
                        <taxonRankValue>Ophichthus</taxonRankValue>
                    </taxonomicClassification>
                    <taxonomicClassification>
                          <taxonRankName>Genus</taxonRankName>
                        <taxonRankValue>Achirus</taxonRankValue>
                    </taxonomicClassification>
                    <taxonomicClassification>
                          <taxonRankName>Genus</taxonRankName>
                        <taxonRankValue>Vomer</taxonRankValue>
                    </taxonomicClassification>
                    <taxonomicClassification>
                          <taxonRankName>Genus</taxonRankName>
                        <taxonRankValue>Porichthys</taxonRankValue>
                    </taxonomicClassification>
                    <taxonomicClassification>
                          <taxonRankName>Genus</taxonRankName>
                        <taxonRankValue>Scomberomorus</taxonRankValue>
                    </taxonomicClassification>
                    <taxonomicClassification>
                          <taxonRankName>Genus</taxonRankName>
                        <taxonRankValue>Mycteroperca</taxonRankValue>
                    </taxonomicClassification>
                    <taxonomicClassification>
                          <taxonRankName>Genus</taxonRankName>
                        <taxonRankValue>Anchovia</taxonRankValue>
                    </taxonomicClassification>
                    <taxonomicClassification>
                          <taxonRankName>Genus</taxonRankName>
                        <taxonRankValue>Astyanax</taxonRankValue>
                    </taxonomicClassification>
                    <taxonomicClassification>
                          <taxonRankName>Species</taxonRankName>
                        <taxonRankValue>Brevoortia patronus</taxonRankValue>
                          <commonName>lacha escamuda, sardina lacha</commonName>
                    </taxonomicClassification>
                    <taxonomicClassification>
                          <taxonRankName>Species</taxonRankName>
                        <taxonRankValue>Mugil curema</taxonRankValue>
                          <commonName>lebrancha, lisa blanca</commonName>
                    </taxonomicClassification>
                    <taxonomicClassification>
                          <taxonRankName>Species</taxonRankName>
                        <taxonRankValue>Bairdiella chrysoura</taxonRankValue>
                          <commonName>anchoa, ronco amarillo</commonName>
                    </taxonomicClassification>
                    <taxonomicClassification>
                          <taxonRankName>Species</taxonRankName>
                        <taxonRankValue>Cynoscion nebulosus</taxonRankValue>
                          <commonName>corvina pinta; trucha, corvina pinta</commonName>
                    </taxonomicClassification>
                    <taxonomicClassification>
                          <taxonRankName>Species</taxonRankName>
                        <taxonRankValue>Diapterus auratus</taxonRankValue>
                          <commonName>mojarra bandera, mojarra guacha</commonName>
                    </taxonomicClassification>
                    <taxonomicClassification>
                          <taxonRankName>Species</taxonRankName>
                        <taxonRankValue>Citharichthys spilopterus</taxonRankValue>
                          <commonName>lenguado, lenguado pardo</commonName>
                    </taxonomicClassification>
                    <taxonomicClassification>
                          <taxonRankName>Species</taxonRankName>
                        <taxonRankValue>Centropomus parallelus</taxonRankValue>
                          <commonName>róbalo chucumite, chucumite, snook chucumite</commonName>
                    </taxonomicClassification>
                    <taxonomicClassification>
                          <taxonRankName>Species</taxonRankName>
                        <taxonRankValue>Strongylura notata</taxonRankValue>
                          <commonName>agujón, agujón negro</commonName>
                    </taxonomicClassification>
                    <taxonomicClassification>
                          <taxonRankName>Species</taxonRankName>
                        <taxonRankValue>Anchoa hepsetus</taxonRankValue>
                          <commonName>anchoa, anchoa legítima</commonName>
                    </taxonomicClassification>
                    <taxonomicClassification>
                          <taxonRankName>Species</taxonRankName>
                        <taxonRankValue>Brevoortia gunteri</taxonRankValue>
                          <commonName>anguila, sardina de escamitas, sardina escamitas</commonName>
                    </taxonomicClassification>
                    <taxonomicClassification>
                          <taxonRankName>Species</taxonRankName>
                        <taxonRankValue>Fundulus grandis</taxonRankValue>
                          <commonName>bolín, sardinilla del Pánuco</commonName>
                    </taxonomicClassification>
                    <taxonomicClassification>
                          <taxonRankName>Species</taxonRankName>
                        <taxonRankValue>Strongylura marina</taxonRankValue>
                          <commonName>agujón, agujón verde</commonName>
                    </taxonomicClassification>
                    <taxonomicClassification>
                          <taxonRankName>Species</taxonRankName>
                        <taxonRankValue>Diapterus rhombeus</taxonRankValue>
                          <commonName>mojarra blanca, mojarra de estero</commonName>
                    </taxonomicClassification>
                    <taxonomicClassification>
                          <taxonRankName>Species</taxonRankName>
                        <taxonRankValue>Strongylura timucu</taxonRankValue>
                          <commonName>agujón timuco, agujón timucú</commonName>
                    </taxonomicClassification>
                    <taxonomicClassification>
                          <taxonRankName>Species</taxonRankName>
                        <taxonRankValue>Gobionellus boleosoma</taxonRankValue>
                          <commonName>gobio, madrejuile</commonName>
                    </taxonomicClassification>
                    <taxonomicClassification>
                          <taxonRankName>Species</taxonRankName>
                        <taxonRankValue>Mugil cephalus</taxonRankValue>
                          <commonName>lisa, pardete, lisa rayada</commonName>
                    </taxonomicClassification>
                    <taxonomicClassification>
                          <taxonRankName>Species</taxonRankName>
                        <taxonRankValue>Membras martinica</taxonRankValue>
                          <commonName>anchoa, pejerrey rasposo</commonName>
                    </taxonomicClassification>
                    <taxonomicClassification>
                          <taxonRankName>Species</taxonRankName>
                        <taxonRankValue>Eleotris pisonis</taxonRankValue>
                          <commonName>durmiente</commonName>
                    </taxonomicClassification>
                    <taxonomicClassification>
                          <taxonRankName>Species</taxonRankName>
                        <taxonRankValue>Menidia beryllina</taxonRankValue>
                          <commonName>charal, plateadito, plateadito salado</commonName>
                    </taxonomicClassification>
                    <taxonomicClassification>
                          <taxonRankName>Species</taxonRankName>
                        <taxonRankValue>Caranx hippos</taxonRankValue>
                          <commonName>jurel, jurel común</commonName>
                    </taxonomicClassification>
                    <taxonomicClassification>
                          <taxonRankName>Species</taxonRankName>
                        <taxonRankValue>Pogonias cromis</taxonRankValue>
                          <commonName>tambor, tambor negro</commonName>
                    </taxonomicClassification>
                    <taxonomicClassification>
                          <taxonRankName>Species</taxonRankName>
                        <taxonRankValue>Orthopristis chrysoptera</taxonRankValue>
                          <commonName>burro, corocoro armado</commonName>
                    </taxonomicClassification>
                    <taxonomicClassification>
                          <taxonRankName>Species</taxonRankName>
                        <taxonRankValue>Anchoa mitchilli</taxonRankValue>
                          <commonName>anchoa, anchoa de caleta</commonName>
                    </taxonomicClassification>
                    <taxonomicClassification>
                          <taxonRankName>Species</taxonRankName>
                        <taxonRankValue>Cathorops melanopus</taxonRankValue>
                          <commonName>bagre prieto</commonName>
                    </taxonomicClassification>
                    <taxonomicClassification>
                          <taxonRankName>Species</taxonRankName>
                        <taxonRankValue>Bagre marinus</taxonRankValue>
                          <commonName>bagre bandera</commonName>
                    </taxonomicClassification>
                    <taxonomicClassification>
                          <taxonRankName>Species</taxonRankName>
                        <taxonRankValue>Syngnathus scovelli</taxonRankValue>
                          <commonName>pipa, pez pipa del Golfo</commonName>
                    </taxonomicClassification>
                    <taxonomicClassification>
                          <taxonRankName>Species</taxonRankName>
                        <taxonRankValue>Cetengraulis edentulus</taxonRankValue>
                          <commonName>anchoveta, anchoveta rabo amarillo</commonName>
                    </taxonomicClassification>
                    <taxonomicClassification>
                          <taxonRankName>Species</taxonRankName>
                        <taxonRankValue>Symphurus plagiusa</taxonRankValue>
                          <commonName>lengüita, lengua gris</commonName>
                    </taxonomicClassification>
                    <taxonomicClassification>
                          <taxonRankName>Species</taxonRankName>
                        <taxonRankValue>Bairdiella ronchus</taxonRankValue>
                          <commonName>ronco, ronco rayado</commonName>
                    </taxonomicClassification>
                    <taxonomicClassification>
                          <taxonRankName>Species</taxonRankName>
                        <taxonRankValue>Lagodon rhomboides</taxonRankValue>
                          <commonName>sargo; chopa espina, sargo salema, xlavitia</commonName>
                    </taxonomicClassification>
                    <taxonomicClassification>
                          <taxonRankName>Species</taxonRankName>
                        <taxonRankValue>Dorosoma cepedianum</taxonRankValue>
                          <commonName>sábalo molleja, sardina molleja</commonName>
                    </taxonomicClassification>
                    <taxonomicClassification>
                          <taxonRankName>Species</taxonRankName>
                        <taxonRankValue>Eugerres plumieri</taxonRankValue>
                          <commonName>mojarra rayada</commonName>
                    </taxonomicClassification>
                    <taxonomicClassification>
                          <taxonRankName>Species</taxonRankName>
                        <taxonRankValue>Opsanus beta</taxonRankValue>
                          <commonName>sapo, sapo boquiblanca</commonName>
                    </taxonomicClassification>
                    <taxonomicClassification>
                          <taxonRankName>Species</taxonRankName>
                        <taxonRankValue>Ariopsis felis</taxonRankValue>
                          <commonName>bagre gato, bagre boca chica, boca chica</commonName>
                    </taxonomicClassification>
                    <taxonomicClassification>
                          <taxonRankName>Species</taxonRankName>
                        <taxonRankValue>Gobionellus hastatus</taxonRankValue>
                          <commonName>madrejuile, madrejuile flecha</commonName>
                    </taxonomicClassification>
                    <taxonomicClassification>
                          <taxonRankName>Species</taxonRankName>
                        <taxonRankValue>Archosargus probatocephalus</taxonRankValue>
                          <commonName>sargo, sargo chopa, chopa</commonName>
                    </taxonomicClassification>
                    <taxonomicClassification>
                          <taxonRankName>Species</taxonRankName>
                        <taxonRankValue>Oligoplites saurus</taxonRankValue>
                          <commonName>zapatero, zapatero sietecueros, piña sietecueros</commonName>
                    </taxonomicClassification>
                    <taxonomicClassification>
                          <taxonRankName>Species</taxonRankName>
                        <taxonRankValue>Micropogonias undulatus</taxonRankValue>
                          <commonName>gurrubata</commonName>
                    </taxonomicClassification>
                    <taxonomicClassification>
                          <taxonRankName>Species</taxonRankName>
                        <taxonRankValue>Leiostomus xanthurus</taxonRankValue>
                          <commonName>corvina, croca</commonName>
                    </taxonomicClassification>
                    <taxonomicClassification>
                          <taxonRankName>Species</taxonRankName>
                        <taxonRankValue>Evorthodus lyricus</taxonRankValue>
                          <commonName>gobio, tismiche</commonName>
                    </taxonomicClassification>
                    <taxonomicClassification>
                          <taxonRankName>Species</taxonRankName>
                        <taxonRankValue>Dorosoma petenense</taxonRankValue>
                          <commonName>topote, sardina maya</commonName>
                    </taxonomicClassification>
                    <taxonomicClassification>
                          <taxonRankName>Species</taxonRankName>
                        <taxonRankValue>Centropomus undecimalis</taxonRankValue>
                          <commonName>róbalo blanco</commonName>
                    </taxonomicClassification>
                    <taxonomicClassification>
                          <taxonRankName>Species</taxonRankName>
                        <taxonRankValue>Syngnathus louisianae</taxonRankValue>
                          <commonName>pipa, pez pipa cadena</commonName>
                    </taxonomicClassification>
                    <taxonomicClassification>
                          <taxonRankName>Species</taxonRankName>
                        <taxonRankValue>Cynoscion arenarius</taxonRankValue>
                          <commonName>corvina; trucha de arena, corvina arenera</commonName>
                    </taxonomicClassification>
                    <taxonomicClassification>
                          <taxonRankName>Species</taxonRankName>
                        <taxonRankValue>Dormitator maculatus</taxonRankValue>
                          <commonName>durmiente gordo, naca</commonName>
                    </taxonomicClassification>
                    <taxonomicClassification>
                          <taxonRankName>Species</taxonRankName>
                        <taxonRankValue>Gobiosoma bosc</taxonRankValue>
                          <commonName>gobio, gobio desnudo</commonName>
                    </taxonomicClassification>
                    <taxonomicClassification>
                          <taxonRankName>Species</taxonRankName>
                        <taxonRankValue>Peprilus paru</taxonRankValue>
                          <commonName>palometa, palometa pámpano</commonName>
                    </taxonomicClassification>
                    <taxonomicClassification>
                          <taxonRankName>Species</taxonRankName>
                        <taxonRankValue>Trichiurus lepturus</taxonRankValue>
                          <commonName>sable, sable del Atlántico</commonName>
                    </taxonomicClassification>
                    <taxonomicClassification>
                          <taxonRankName>Species</taxonRankName>
                        <taxonRankValue>Lutjanus griseus</taxonRankValue>
                          <commonName>pargo prieto, pargo mulato</commonName>
                    </taxonomicClassification>
                    <taxonomicClassification>
                          <taxonRankName>Species</taxonRankName>
                        <taxonRankValue>Elops saurus</taxonRankValue>
                          <commonName>anchoa, machete del Atlántico</commonName>
                    </taxonomicClassification>
                    <taxonomicClassification>
                          <taxonRankName>Species</taxonRankName>
                        <taxonRankValue>Eucinostomus melanopterus</taxonRankValue>
                          <commonName>mojarra bandera, mojarrita de ley, mojarra de ley</commonName>
                    </taxonomicClassification>
                    <taxonomicClassification>
                          <taxonRankName>Species</taxonRankName>
                        <taxonRankValue>Gobiomorus dormitor</taxonRankValue>
                          <commonName>durmiente de gran hocico, guavina bocón</commonName>
                    </taxonomicClassification>
                    <taxonomicClassification>
                          <taxonRankName>Species</taxonRankName>
                        <taxonRankValue>Myrophis punctatus</taxonRankValue>
                          <commonName>anguila, tieso gusano</commonName>
                    </taxonomicClassification>
                    <taxonomicClassification>
                          <taxonRankName>Species</taxonRankName>
                        <taxonRankValue>Pomadasys crocro</taxonRankValue>
                          <commonName>ronco, corocoro crocro</commonName>
                    </taxonomicClassification>
                    <taxonomicClassification>
                          <taxonRankName>Species</taxonRankName>
                        <taxonRankValue>Bathygobius soporator</taxonRankValue>
                          <commonName>guaseta, mapo aguado</commonName>
                    </taxonomicClassification>
                    <taxonomicClassification>
                          <taxonRankName>Species</taxonRankName>
                        <taxonRankValue>Sphoeroides nephelus</taxonRankValue>
                          <commonName>botete, botete fruta</commonName>
                    </taxonomicClassification>
                    <taxonomicClassification>
                          <taxonRankName>Species</taxonRankName>
                        <taxonRankValue>Hyporhamphus unifasciatus</taxonRankValue>
                          <commonName>pajarito, agujeta blanca</commonName>
                    </taxonomicClassification>
                    <taxonomicClassification>
                          <taxonRankName>Species</taxonRankName>
                        <taxonRankValue>Gobioides broussonnetii</taxonRankValue>
                          <commonName>madrejuile, gobio violeta</commonName>
                    </taxonomicClassification>
                    <taxonomicClassification>
                          <taxonRankName>Species</taxonRankName>
                        <taxonRankValue>Chaetodipterus faber</taxonRankValue>
                          <commonName>chabela</commonName>
                    </taxonomicClassification>
                    <taxonomicClassification>
                          <taxonRankName>Species</taxonRankName>
                        <taxonRankValue>Hypsoblennius hentzi</taxonRankValue>
                          <commonName>trambollo</commonName>
                    </taxonomicClassification>
                    <taxonomicClassification>
                          <taxonRankName>Species</taxonRankName>
                        <taxonRankValue>Dasyatis sabina</taxonRankValue>
                          <commonName>raya de espina, raya látigo de espina</commonName>
                    </taxonomicClassification>
                    <taxonomicClassification>
                          <taxonRankName>Species</taxonRankName>
                        <taxonRankValue>Poecilia mexicana</taxonRankValue>
                          <commonName>gupi, topote del Atlántico</commonName>
                    </taxonomicClassification>
                    <taxonomicClassification>
                          <taxonRankName>Species</taxonRankName>
                        <taxonRankValue>Erotelis smaragdus</taxonRankValue>
                          <commonName>durmiente esmeralda, guavina de concha</commonName>
                    </taxonomicClassification>
                    <taxonomicClassification>
                          <taxonRankName>Species</taxonRankName>
                        <taxonRankValue>Selene vomer</taxonRankValue>
                          <commonName>jorobado, jorobado de penacho, jorobado penacho</commonName>
                    </taxonomicClassification>
                    <taxonomicClassification>
                          <taxonRankName>Species</taxonRankName>
                        <taxonRankValue>Ophichthus gomesii</taxonRankValue>
                          <commonName>anguila, tieso camaronero</commonName>
                    </taxonomicClassification>
                    <taxonomicClassification>
                          <taxonRankName>Species</taxonRankName>
                        <taxonRankValue>Achirus lineatus</taxonRankValue>
                          <commonName>sol, suela listada</commonName>
                    </taxonomicClassification>
                    <taxonomicClassification>
                          <taxonRankName>Species</taxonRankName>
                        <taxonRankValue>Vomer setapinnis</taxonRankValue>
                          <commonName>jorobado, jorobado lamparosa, jorobado caballa</commonName>
                    </taxonomicClassification>
                    <taxonomicClassification>
                          <taxonRankName>Species</taxonRankName>
                        <taxonRankValue>Symphurus civitatium</taxonRankValue>
                          <commonName>lengua, lengua gatita</commonName>
                    </taxonomicClassification>
                    <taxonomicClassification>
                          <taxonRankName>Species</taxonRankName>
                        <taxonRankValue>Porichthys porosissimus</taxonRankValue>
                          <commonName>sapo</commonName>
                    </taxonomicClassification>
                    <taxonomicClassification>
                          <taxonRankName>Species</taxonRankName>
                        <taxonRankValue>Eucinostomus argenteus</taxonRankValue>
                          <commonName>mojarrita plateada, mojarra plateada</commonName>
                    </taxonomicClassification>
                    <taxonomicClassification>
                          <taxonRankName>Species</taxonRankName>
                        <taxonRankValue>Scomberomorus cavalla</taxonRankValue>
                          <commonName>carite lucio, carito</commonName>
                    </taxonomicClassification>
                    <taxonomicClassification>
                          <taxonRankName>Species</taxonRankName>
                        <taxonRankValue>Gobionellus shufeldti</taxonRankValue>
                          <commonName>gobido de agua dulce</commonName>
                    </taxonomicClassification>
                    <taxonomicClassification>
                          <taxonRankName>Species</taxonRankName>
                        <taxonRankValue>Astyanax mexicanus</taxonRankValue>
                          <commonName>mojarrita, sardinita mexicana</commonName>
                    </taxonomicClassification>
              </taxonomicCoverage>
      </coverage>
      <maintenance>
          <description>
              <para></para>
          </description>
          <maintenanceUpdateFrequency>notPlanned</maintenanceUpdateFrequency>
      </maintenance>
      <contact>
    <individualName>
<givenName>Sonia Alejandra</givenName>          <surName>Careaga Olvera</surName>
    </individualName>
<organizationName>Comisión Nacional para el Conocimiento y Uso de la Biodiversidad</organizationName><positionName>Subcoordinadora en Información y Análisis</positionName>    <address>
<deliveryPoint>Liga Periférico-Insurgentes Sur No. 4903, Col. Parques del Pedregal</deliveryPoint><city>México</city><administrativeArea>Tlalpan</administrativeArea><postalCode>14010</postalCode><country>MEXICO</country>    </address>
<phone>50045000</phone><electronicMailAddress>scareaga@conabio.gob.mx</electronicMailAddress><onlineUrl>https://www.gob.mx/conabio</onlineUrl>      </contact>

      <project id="SNIB-H128-H128710F-ND">
          <title>Diversidad de peces de las lagunas costeras de Pueblo Viejo y el Mango, Veracruz</title>
          <personnel>
    <individualName>
<givenName>Manuel</givenName>          <surName>Castillo Rivera</surName>
    </individualName>
    <role>CONTENT_PROVIDER</role>
          </personnel>
          <abstract>
              <para>Durante el desarrollo del proyecto, se estudiaron las ictiofaunas de la laguna de Pueblo Viejo y el Mango, en el norte del estado de Veracruz. Por su ubicación en la República Mexicana, ambas lagunas presentan un enorme interés zoogeográfico, dado que se encuentran cercanas al límite entre la provincia carolineana (Región Templada del Atlántico Norteamericano) y la caribeña (Región Tropical del Atlántico Occidental). El estudio comprendió muestreos diurnos mensuales durante 19 meses y muestreos bimestrales en ciclos de 24 horas en ambientes con vegetación sumergida, durante un año más. En la laguna El Mango, se capturaron un total de 23 especies correspondiendo a 20 géneros, 13 familias y 7 órdenes. En esta laguna las familias mejor representadas  fueron, Sciaenidae, Gerreidae, Clupeidae y Ariidae. Las familias restantes tuvieron un género y una sola especie. En la laguna de Pueblo Viejo, se capturaron un total de 76 especies, correspondiendo a  61 géneros, 35 familias y 14 órdenes. Las familias mejor representadas fueron, Sciaenidae, Gobiidae, Carangidae, Eleotridae y Gerreidae. Las familias menos representadas fueron Dasyatidae, Elopidae, Characidae, Hemirhamphidae, Cyprinodontidae, Poeciliidae, Serranidae, Lutjanidae, Ephippidae, Cichlidae, Blenniidae, Trichiuridae, Scombridae, Stromateidae, Bothidae, Soleidae y Tetraodontidae, las cuales tuvieron un género y una sola especie. En algunos casos, se discuten problemas de determinación taxonómica y sinonimias. Con relación a los principales componentes ecológicos, se encontraron los tres más importantes, el dulceacuícola (Characidae, Cyprinodontidae, Poeciliidae y Cichlidae), el estuarino (Ariidae y Gerreidae) y el marino (Serranidae, Bothidae y Soleidae). Asimismo, en las lagunas existen representantes típicos tanto de zonas cálido templadas (Sparidae, Sciaenidae y Haemulidae), como tropicales (Gobiidae). Adicionalmente se presentan un &quot;Análisis zoogeográfico y análisis del comportamiento espacio-temporal de la diversidad de las ictiofaunas estudiadas&quot;. En estos análisis, se puede apreciar que el ambiente físico presenta poca influencia directa sobre los parámetros de la comunidad de peces. Espacialmente, la riqueza y diversidad de especies, fueron  mayores en las zonas con R. marítima y cercanas a la boca de la laguna, y bajo condiciones de estabilidad ambiental. Estos parámetros permanecieron relativamente estables estacionalmente, influenciándolos ligeramente la temperatura, precipitación, procesos productivos y estabilidad ambiental. Así, la composición de especies, tendió a ser más estable estacionalmente y a mostrar mayores variaciones espacialmente, lo que indica que los factores que principalmente influyen a la comunidad espacialmente (como la vegetación sumergida), juegan un papel mas importante en la determinación de la estructura de la comunidad, que aquellos que tienen una incidencia estacional.</para>
          </abstract>
          <funding>
              <para>Comisión Nacional para el Conocimiento y Uso de la Biodiversidad (CONABIO)</para>
          </funding>
            <studyAreaDescription>
                <descriptor name="generic" citableClassificationSystem="false">
                    <descriptorValue>Peces
cartilaginosos: tiburones, quimeras, rayas, mantarrayas
óseos como anchoas, anguilas, arenques, atunes, bacalaos, bagres, caballitos de mar, carpas, lenguados, merluzas, meros, mojarras, morenas, percas, peces globo, pejelagartos, pirañas, plecos, rémoras, sardinas, salmones, truchas</descriptorValue>
                </descriptor>
            </studyAreaDescription>
      </project>
</dataset>

<additionalMetadata>
    <metadata>
      <gbif>
        <dateStamp>2020-10-13T10:59:35Z</dateStamp>
      <citation>Castillo Rivera M, Comisión nacional para el conocimiento y uso de la biodiversidad C (2020). Diversidad de peces de las lagunas costeras de Pueblo Viejo y el Mango, Veracruz. Comisión nacional para el conocimiento y uso de la biodiversidad. Occurrence dataset https://doi.org/10.15468/i29dpq accessed via GBIF.org on 2020-10-13.</citation>
              <physical>
                  <objectName>SNIB-H128-CSV.zip</objectName>
                  <characterEncoding>UTF-8</characterEncoding>
                  <dataFormat>
                      <externallyDefinedFormat>
                          <formatName>CSV</formatName>
                      </externallyDefinedFormat>
                  </dataFormat>
                  <distribution>
                      <online>
                          <url function="download">http://www.snib.mx/proyectos/H128/SNIB-H128-CSV.zip</url>
                      </online>
                  </distribution>
              </physical>
              <physical>
                  <objectName>SNIB-H128-BD.zip</objectName>
                  <characterEncoding>UTF-8</characterEncoding>
                  <dataFormat>
                      <externallyDefinedFormat>
                          <formatName>MDB</formatName>
                            <formatVersion>MicrosoftAccess2007</formatVersion>
                      </externallyDefinedFormat>
                  </dataFormat>
                  <distribution>
                      <online>
                          <url function="download">http://www.snib.mx/proyectos/H128/SNIB-H128-BD.zip</url>
                      </online>
                  </distribution>
              </physical>
              <collection>
                <parentCollectionIdentifier>NO APLICA</parentCollectionIdentifier>
                <collectionIdentifier>SNIB-H128-H128710F-ND</collectionIdentifier>
                <collectionName>Colección Ictiológica;UAMI;Universidad Autónoma Metropolitana, Unidad Iztapalapa;UAMI</collectionName>
              </collection>
        </gbif>
    </metadata>
</additionalMetadata>

</eml:eml>
