<?xml version="1.0" encoding="utf-8"?>
<eml:eml xmlns:eml="eml://ecoinformatics.org/eml-2.1.1" xmlns:xsi="http://www.w3.org/2001/XMLSchema-instance"
         xsi:schemaLocation="eml://ecoinformatics.org/eml-2.1.1 http://rs.gbif.org/schema/eml-gbif-profile/1.1/eml.xsd"
        packageId="f56fb306-32e4-4b96-a381-6b87c186ad0f"  system="http://gbif.org" scope="system"
  xml:lang="en">

<dataset>
      <alternateIdentifier>10.15468/tk1hwm</alternateIdentifier>
        <alternateIdentifier>f56fb306-32e4-4b96-a381-6b87c186ad0f</alternateIdentifier>
        <alternateIdentifier>https://www1.usgs.gov/obis-usa/ipt/resource?r=ncrmp_nspc_fish_pacific</alternateIdentifier>
    <title>NOAA Pacific Islands Fisheries Science Center, Ecosystem Sciences Division, National Coral Reef Monitoring Program: Stratified random surveys (StRS) of reef fish in the U.S. Pacific Islands</title>
    <creator>
    <individualName>
<givenName>Ivor</givenName>          <surName>Williams</surName>
    </individualName>
<organizationName>National Oceanographic and Atmospheric Administration</organizationName><positionName>Research Fish Biologist</positionName><electronicMailAddress>ivor.williams@noaa.gov</electronicMailAddress>    </creator>
    <metadataProvider>
    <individualName>
<givenName>Annette</givenName>          <surName>DesRochers</surName>
    </individualName>
<organizationName>National Oceanographic and Atmospheric Administration</organizationName><positionName>Data Steward</positionName><electronicMailAddress>annette.desrochers@noaa.gov</electronicMailAddress>    </metadataProvider>
    <associatedParty>
    <individualName>
<givenName>Abby</givenName>          <surName>Benson</surName>
    </individualName>
<organizationName>U.S. Geological Survey</organizationName><positionName>Biologist</positionName><electronicMailAddress>albenson@usgs.gov</electronicMailAddress>    <role>PUBLISHER</role>
    </associatedParty>
    <associatedParty>
    <individualName>
<givenName>Sarah</givenName>          <surName>Bingo</surName>
    </individualName>
<organizationName>Pacific Islands Ocean Observing System</organizationName><positionName>Data Manager</positionName><electronicMailAddress>sarahr6@hawaii.edu</electronicMailAddress>    <role>PROCESSOR</role>
    </associatedParty>
      <pubDate>
      2020-06-01
      </pubDate>
    <language>ENGLISH</language>
    <abstract>
        <para>The stationary point count (nSPC) method is used by the NOAA Pacific Islands Fisheries Science Center (PIFSC), Ecosystem Sciences Division (ESD; formerly the Coral Reef Ecosystem Division) to conduct reef fish surveys in the Hawaiian and Mariana Archipelagos, American Samoa, and the Pacific Remote Island Areas. The first iteration of the nSPC surveys were conducted as part of the Pacific Reef Assessment and Monitoring Program (RAMP) from 2008-2012. In 2013 the reef fish surveys, and Pacific RAMP, became part of the NOAA National Coral Reef Monitoring Program (NCRMP). 

The nSPC method catalogs the diversity (species richness), abundance (numeric density) and biomass (fish mass per unit area) of diurnally active reef fish assemblages in shallow-water (less than 30 m) hard-bottom habitats. Visual estimates of benthic cover and topographic complexity are also recorded, with benthic organisms grouped into broad functional categories (e.g., &amp;#39;Hard Coral&amp;#39;, &amp;#39;Macroalgae&amp;#39;). A stratified random sampling (StRS) design is employed to survey the coral reef ecosystems throughout the U.S.-Pacific regions. For all regions, the survey domain encompasses the majority of the mapped area of reef and hard bottom habitats and the stratification includes island, reef zone, and depth, with the exception of the Main Hawaiian Islands that includes habitat structure type as well. Sampling effort is allocated based on strata area.

Reef fish and benthic estimate data provided in this data set were primarily collected during ESD-led research cruises funded by the NOAA Coral Reef Conservation Program (CRCP) as part of Pacific RAMP or NCRMP. Additionally, data collected during Papahānaumokuākea Marine National Monument led research cruises to the Northwestern Hawaiian Islands from 2007 to 2017, and PIFSC annual Reef Fish Survey cruises from 2014 to 2016 in Guam, the main Hawaiian Islands, and American Samoa, respectively, are also included as these data are funded separately from but are complementary to the CRCP-funded data.</para>
    </abstract>
        <keywordSet>
              <keyword>Samplingevent</keyword>
              <keywordThesaurus>GBIF Dataset Type Vocabulary: http://rs.gbif.org/vocabulary/gbif/dataset_type.xml</keywordThesaurus>
        </keywordSet>
      <additionalInfo>
          <para>marine, harvest by iOBIS</para>
      </additionalInfo>
      <intellectualRights>
        <para>To the extent possible under law, the publisher has waived all rights to these data and has dedicated them to the <ulink url="http://creativecommons.org/publicdomain/zero/1.0/legalcode"><citetitle>Public Domain (CC0 1.0)</citetitle></ulink>. Users may copy, modify, distribute and use the work, including for commercial purposes, without restriction.</para>
      </intellectualRights>
      <distribution scope="document">
          <online>
              <url function="information">https://www.sciencebase.gov/catalog/item/5dfc09cce4b0b207a9fe8206</url>
          </online>
      </distribution>
      <maintenance>
          <description>
              <para></para>
          </description>
          <maintenanceUpdateFrequency>unkown</maintenanceUpdateFrequency>
      </maintenance>
      <contact>
    <individualName>
<givenName>Tye</givenName>          <surName>Kindinger</surName>
    </individualName>
<organizationName>National Oceanographic and Atmospheric Administration</organizationName><positionName>Supervisory Coral Reef Ecosystems Researcher</positionName><electronicMailAddress>tye.kindinger@noaa.gov</electronicMailAddress>      </contact>
      <contact>
    <individualName>
<givenName>Jake</givenName>          <surName>Asher</surName>
    </individualName>
<organizationName>National Oceanographic and Atmospheric Administration</organizationName><positionName>Marine Ecosystems Research Specialist</positionName><electronicMailAddress>jacob.asher@noaa.gov</electronicMailAddress>      </contact>

</dataset>

<additionalMetadata>
    <metadata>
      <gbif>
        <dateStamp>2020-09-24T20:03:46Z</dateStamp>
      <citation>Williams I, DesRochers A (2020). NOAA Pacific Islands Fisheries Science Center, Ecosystem Sciences Division, National Coral Reef Monitoring Program: Stratified random surveys (StRS) of reef fish in the U.S. Pacific Islands. Version 1.3. United States Geological Survey. Sampling event dataset https://doi.org/10.15468/tk1hwm accessed via GBIF.org on 2020-09-24.</citation>
              <bibliography>
      <citation identifier="https://accession.nodc.noaa.gov/0162472">Coral Reef Ecosystem Program; Pacific Islands Fisheries Science Center (2017). Pacific Reef Assessment and Monitoring Program: Stratified Random Surveys (StRS) of Reef Fish, including Benthic Estimate Data of the U.S. Pacific Reefs from 2008-01-27 to 2012-09-13 (NCEI Accession 0162472). NOAA National Centers for Environmental Information. Dataset.</citation>
      <citation identifier="https://accession.nodc.noaa.gov/0178974">Papahānaumokuākea Marine National Monument; Ecosystem Sciences Division, Pacific Islands Fisheries Science Center (2018). Pacific Reef Assessment and Monitoring Program: Stratified random surveys (StRS) of reef fish at coral reef sites across the Northwestern Hawaiian Islands from 2007-09-21 to 2012-08-19, including benthic estimate data from 2011 to 2012. (NCEI Accession 0178974). NOAA National Centers for Environmental Information. Dataset.</citation>
      <citation identifier="https://doi.org/10.7289/v5tb1564">NOAA Pacific Islands Fisheries Science Center, Ecosystem Sciences Division (2018). National Coral Reef Monitoring Program: Stratified random surveys (StRS) of reef fish, including benthic estimate data of American Samoa. NOAA National Centers for Environmental Information. Dataset.</citation>
      <citation identifier="https://doi.org/10.7289/v58c9tkb">NOAA Pacific Islands Fisheries Science Center, Ecosystem Sciences Division (2018). National Coral Reef Monitoring Program: Stratified random surveys (StRS) of reef fish, including benthic estimate data of the Pacific Remote Island Areas. NOAA National Centers for Environmental Information. Dataset.</citation>
      <citation identifier="https://doi.org/10.7289/v5c827m0">NOAA Pacific Islands Fisheries Science Center, Ecosystem Sciences Division (2018). National Coral Reef Monitoring Program: Stratified random surveys (StRS) of reef fish, including benthic estimate data of the Mariana Archipelago. NOAA National Centers for Environmental Information. Dataset.</citation>
      <citation identifier="https://doi.org/10.7289/v59c6vr5">NOAA Pacific Islands Fisheries Science Center, Ecosystem Sciences Division (2018). National Coral Reef Monitoring Program: Stratified random surveys (StRS) of reef fish, including benthic estimate data of the Hawaiian Archipelago. NOAA National Centers for Environmental Information. Dataset.</citation>
              </bibliography>
        </gbif>
    </metadata>
</additionalMetadata>

</eml:eml>
