<?xml version="1.0" encoding="utf-8"?>
<eml:eml xmlns:eml="eml://ecoinformatics.org/eml-2.1.1" xmlns:xsi="http://www.w3.org/2001/XMLSchema-instance"
         xsi:schemaLocation="eml://ecoinformatics.org/eml-2.1.1 http://rs.gbif.org/schema/eml-gbif-profile/1.1/eml.xsd"
        packageId="18c93d12-34fb-4d3f-903c-b77215a1dcc9"  system="http://gbif.org" scope="system"
  xml:lang="en">

<dataset>
      <alternateIdentifier>10.15468/azp1pf</alternateIdentifier>
        <alternateIdentifier>https://collections.ala.org.au/public/show/dr349</alternateIdentifier>
        <alternateIdentifier>5d8c5889-3e1e-3545-a7f3-1875f4a973b8</alternateIdentifier>
        <alternateIdentifier>http://collections.ala.org.au/public/show/dr349</alternateIdentifier>
        <alternateIdentifier>18c93d12-34fb-4d3f-903c-b77215a1dcc9</alternateIdentifier>
        <alternateIdentifier>84f9a8a8-e121-30f2-ae0c-46b5b4d83dee</alternateIdentifier>
        <alternateIdentifier>90b991bb-bd49-36a4-bd5c-9be90f9f11c3</alternateIdentifier>
        <alternateIdentifier>12994</alternateIdentifier>
    <title>CSIRO Ichthyology provider for OZCAM</title>
    <creator>
<organizationName>CSIRO National Fish Collection</organizationName><onlineUrl>http://www.csiro.au/Organisation-Structure/National-Facilities/Australian-fish-collection.aspx</onlineUrl>    </creator>
    <creator>
<organizationName>Australian National Fish Collection</organizationName>    <address>
<deliveryPoint>Castray Esplanade</deliveryPoint><city>Hobart</city><administrativeArea>Tasmania</administrativeArea><postalCode>7000</postalCode><country>AUSTRALIA</country>    </address>
<onlineUrl>http://www.csiro.au/Organisation-Structure/National-Facilities/Australian-fish-collection.aspx</onlineUrl>    </creator>
    <metadataProvider>
<organizationName>CSIRO National Fish Collection</organizationName><onlineUrl>http://www.csiro.au/Organisation-Structure/National-Facilities/Australian-fish-collection.aspx</onlineUrl>    </metadataProvider>
    <associatedParty>
<organizationName>Atlas of Living Australia</organizationName>    <address>
<deliveryPoint>CSIRO Ecosystems Services</deliveryPoint><city>Canberra</city><administrativeArea>ACT</administrativeArea><postalCode>2601</postalCode><country>AUSTRALIA</country>    </address>
<electronicMailAddress>info@ala.org.au</electronicMailAddress>    <role>DISTRIBUTOR</role>
    </associatedParty>
      <pubDate>
      2020-05-18
      </pubDate>
    <language>ENGLISH</language>
    <abstract>
        <para>CSIRO Ichthyology provider for OZCAM</para>
    </abstract>
      <intellectualRights>
        <para>This work is licensed under a <ulink url="http://creativecommons.org/licenses/by/4.0/legalcode"><citetitle>Creative Commons Attribution (CC-BY) 4.0 License</citetitle></ulink>.</para>
      </intellectualRights>
      <distribution scope="document">
          <online>
              <url function="information">https://collections.ala.org.au/public/show/dr349</url>
          </online>
      </distribution>
      <contact>
    <individualName>
<givenName>Alastair</givenName>          <surName>Graham</surName>
    </individualName>
<positionName>Collections Manager</positionName><electronicMailAddress>alastair.graham@csiro.au</electronicMailAddress>      </contact>
      <methods>
      </methods>

</dataset>

<additionalMetadata>
    <metadata>
      <gbif>
        <dateStamp>2020-09-24T23:21:29Z</dateStamp>
      <citation>Commonwealth Scientific and Industrial Research Organisation (2020). CSIRO Ichthyology provider for OZCAM. Occurrence dataset https://doi.org/10.15468/azp1pf accessed via GBIF.org on 2020-09-24.</citation>
        </gbif>
    </metadata>
</additionalMetadata>

</eml:eml>
